Detecting the Python interpreter
Checking "python3" ...
Python 3.9.6
"python3" has been detected
Checking Python compatibility
Checking other ESP-IDF version.
Adding ESP-IDF tools to PATH...
Checking if Python packages are up to date...
Python requirements are satisfied.
Constraint file: /Users/lojaws/Documents/ESP32-S3-Car-Adapter/.tools/espidf.constraints.v5.1.txt
Requirement files:
 - /Users/lojaws/.platformio/packages/framework-espidf/tools/requirements/requirements.core.txt
Python being checked: /Users/lojaws/Documents/ESP32-S3-Car-Adapter/.tools/python_env/idf5.1_py3.9_env/bin/python
Added the following directories to PATH:
  /Users/lojaws/.platformio/packages/framework-espidf/components/espcoredump
  /Users/lojaws/.platformio/packages/framework-espidf/components/partition_table
  /Users/lojaws/.platformio/packages/framework-espidf/components/app_update
  /Users/lojaws/Documents/ESP32-S3-Car-Adapter/.tools/tools/xtensa-esp-elf-gdb/12.1_20231023/xtensa-esp-elf-gdb/bin
  /Users/lojaws/Documents/ESP32-S3-Car-Adapter/.tools/tools/xtensa-esp32s3-elf/esp-12.2.0_20230208/xtensa-esp32s3-elf/bin
  /Users/lojaws/Documents/ESP32-S3-Car-Adapter/.tools/tools/riscv32-esp-elf/esp-12.2.0_20230208/riscv32-esp-elf/bin
  /Users/lojaws/Documents/ESP32-S3-Car-Adapter/.tools/tools/esp32ulp-elf/2.35_20220830/esp32ulp-elf/bin
  /Users/lojaws/Documents/ESP32-S3-Car-Adapter/.tools/tools/openocd-esp32/v0.12.0-esp32-20241016/openocd-esp32/bin
  /Users/lojaws/Documents/ESP32-S3-Car-Adapter/.tools/tools/xtensa-esp-elf-gdb/12.1_20231023/xtensa-esp-elf-gdb/bin
  /Users/lojaws/Documents/ESP32-S3-Car-Adapter/.tools/tools/xtensa-esp32s3-elf/esp-12.2.0_20230208/xtensa-esp32s3-elf/bin
  /Users/lojaws/Documents/ESP32-S3-Car-Adapter/.tools/tools/riscv32-esp-elf/esp-12.2.0_20230208/riscv32-esp-elf/bin
  /Users/lojaws/Documents/ESP32-S3-Car-Adapter/.tools/tools/esp32ulp-elf/2.35_20220830/esp32ulp-elf/bin
  /Users/lojaws/Documents/ESP32-S3-Car-Adapter/.tools/tools/openocd-esp32/v0.12.0-esp32-20241016/openocd-esp32/bin
  /Users/lojaws/Documents/ESP32-S3-Car-Adapter/.tools/python_env/idf5.1_py3.9_env/bin
  /Users/lojaws/.platformio/packages/framework-espidf/tools
Done! You can now compile ESP-IDF projects.
Go to the project directory and run:

  idf.py build

WARNING: Failed to load shell autocompletion for bash version: 3.2.57(1)-release!
Executing action: all (aliases: build)
Running cmake in directory /Users/lojaws/Documents/ESP32-S3-Car-Adapter/firmware/controller-probe/build-0
Executing "cmake -G Ninja -DPYTHON_DEPS_CHECKED=1 -DPYTHON=/Users/lojaws/Documents/ESP32-S3-Car-Adapter/.tools/python_env/idf5.1_py3.9_env/bin/python -DESP_PLATFORM=1 -DIDF_TARGET=esp32s3 -DSDKCONFIG=build-0/sdkconfig -DPROBE_CASE=0 -DCCACHE_ENABLE=0 /Users/lojaws/Documents/ESP32-S3-Car-Adapter/firmware/controller-probe"...
-- Found Git: /usr/bin/git (found version "2.54.0 (Apple Git-157)")
-- git rev-parse returned 'fatal: not a git repository (or any of the parent directories): .git'
fatal: not a git repository (or any of the parent directories): .git
-- The C compiler identification is GNU 12.2.0
-- The CXX compiler identification is GNU 12.2.0
-- The ASM compiler identification is GNU
-- Found assembler: /Users/lojaws/Documents/ESP32-S3-Car-Adapter/.tools/tools/xtensa-esp32s3-elf/esp-12.2.0_20230208/xtensa-esp32s3-elf/bin/xtensa-esp32s3-elf-gcc
-- Detecting C compiler ABI info
-- Detecting C compiler ABI info - done
-- Check for working C compiler: /Users/lojaws/Documents/ESP32-S3-Car-Adapter/.tools/tools/xtensa-esp32s3-elf/esp-12.2.0_20230208/xtensa-esp32s3-elf/bin/xtensa-esp32s3-elf-gcc - skipped
-- Detecting C compile features
-- Detecting C compile features - done
-- Detecting CXX compiler ABI info
-- Detecting CXX compiler ABI info - done
-- Check for working CXX compiler: /Users/lojaws/Documents/ESP32-S3-Car-Adapter/.tools/tools/xtensa-esp32s3-elf/esp-12.2.0_20230208/xtensa-esp32s3-elf/bin/xtensa-esp32s3-elf-g++ - skipped
-- Detecting CXX compile features
-- Detecting CXX compile features - done
-- git rev-parse returned 'fatal: not a git repository (or any of the parent directories): .git'
-- Could not use 'git describe' to determine PROJECT_VER.
-- Building ESP-IDF components for target esp32s3
-- Project sdkconfig file /Users/lojaws/Documents/ESP32-S3-Car-Adapter/firmware/controller-probe/build-0/sdkconfig
Loading defaults file /Users/lojaws/Documents/ESP32-S3-Car-Adapter/firmware/controller-probe/sdkconfig.defaults...
Compiler supported targets: xtensa-esp32s3-elf

-- Looking for sys/types.h
-- Looking for sys/types.h - found
-- Looking for stdint.h
-- Looking for stdint.h - found
-- Looking for stddef.h
-- Looking for stddef.h - found
-- Check size of time_t
-- Check size of time_t - done
CMake Deprecation Warning at /Users/lojaws/.platformio/packages/framework-espidf/components/mbedtls/mbedtls/CMakeLists.txt:21 (cmake_minimum_required):
  Compatibility with CMake < 3.10 will be removed from a future version of
  CMake.

  Update the VERSION argument <min> value.  Or, use the <min>...<max> syntax
  to tell CMake that the project requires at least <min> but has been updated
  to work with policies introduced by <max> or earlier.


-- Found Python3: /Users/lojaws/Documents/ESP32-S3-Car-Adapter/.tools/python_env/idf5.1_py3.9_env/bin/python (found version "3.9.6") found components: Interpreter
-- Performing Test CMAKE_HAVE_LIBC_PTHREAD
-- Performing Test CMAKE_HAVE_LIBC_PTHREAD - Failed
-- Check if compiler accepts -pthread
-- Check if compiler accepts -pthread - no
-- Looking for pthread_create in pthreads
-- Looking for pthread_create in pthreads - not found
-- Looking for pthread_create in pthread
-- Looking for pthread_create in pthread - not found
-- Could NOT find Threads (missing: Threads_FOUND) 
-- Performing Test C_COMPILER_SUPPORTS_WFORMAT_SIGNEDNESS
-- Performing Test C_COMPILER_SUPPORTS_WFORMAT_SIGNEDNESS - Success
-- App "s3_controller_probe" version: 1
-- Adding linker script /Users/lojaws/Documents/ESP32-S3-Car-Adapter/firmware/controller-probe/build-0/esp-idf/esp_system/ld/memory.ld
-- Adding linker script /Users/lojaws/.platformio/packages/framework-espidf/components/esp_system/ld/esp32s3/sections.ld.in
-- Adding linker script /Users/lojaws/.platformio/packages/framework-espidf/components/esp_rom/esp32s3/ld/esp32s3.rom.ld
-- Adding linker script /Users/lojaws/.platformio/packages/framework-espidf/components/esp_rom/esp32s3/ld/esp32s3.rom.api.ld
-- Adding linker script /Users/lojaws/.platformio/packages/framework-espidf/components/esp_rom/esp32s3/ld/esp32s3.rom.bt_funcs.ld
-- Adding linker script /Users/lojaws/.platformio/packages/framework-espidf/components/esp_rom/esp32s3/ld/esp32s3.rom.libgcc.ld
-- Adding linker script /Users/lojaws/.platformio/packages/framework-espidf/components/esp_rom/esp32s3/ld/esp32s3.rom.newlib.ld
-- Adding linker script /Users/lojaws/.platformio/packages/framework-espidf/components/esp_rom/esp32s3/ld/esp32s3.rom.version.ld
-- Adding linker script /Users/lojaws/.platformio/packages/framework-espidf/components/soc/esp32s3/ld/esp32s3.peripherals.ld
fatal: not a git repository (or any of the parent directories): .git
fatal: not a git repository (or any of the parent directories): .git
-- Components: __pio_env app_trace app_update bootloader bootloader_support bt cmock console cxx driver efuse esp-tls esp_adc esp_app_format esp_coex esp_common esp_eth esp_event esp_gdbstub esp_hid esp_http_client esp_http_server esp_https_ota esp_https_server esp_hw_support esp_lcd esp_local_ctrl esp_mm esp_netif esp_netif_stack esp_partition esp_phy esp_pm esp_psram esp_ringbuf esp_rom esp_system esp_timer esp_wifi espcoredump esptool_py fatfs freertos hal heap http_parser idf_test ieee802154 json log lwip main mbedtls mqtt newlib nvs_flash openthread partition_table perfmon protobuf-c protocomm pthread sdmmc soc spi_flash spiffs tcp_transport touch_element ulp unity usb vfs wear_levelling wifi_provisioning wpa_supplicant xtensa
-- Component paths: /Users/lojaws/.platformio/packages/framework-espidf/components/__pio_env /Users/lojaws/.platformio/packages/framework-espidf/components/app_trace /Users/lojaws/.platformio/packages/framework-espidf/components/app_update /Users/lojaws/.platformio/packages/framework-espidf/components/bootloader /Users/lojaws/.platformio/packages/framework-espidf/components/bootloader_support /Users/lojaws/.platformio/packages/framework-espidf/components/bt /Users/lojaws/.platformio/packages/framework-espidf/components/cmock /Users/lojaws/.platformio/packages/framework-espidf/components/console /Users/lojaws/.platformio/packages/framework-espidf/components/cxx /Users/lojaws/.platformio/packages/framework-espidf/components/driver /Users/lojaws/.platformio/packages/framework-espidf/components/efuse /Users/lojaws/.platformio/packages/framework-espidf/components/esp-tls /Users/lojaws/.platformio/packages/framework-espidf/components/esp_adc /Users/lojaws/.platformio/packages/framework-espidf/components/esp_app_format /Users/lojaws/.platformio/packages/framework-espidf/components/esp_coex /Users/lojaws/.platformio/packages/framework-espidf/components/esp_common /Users/lojaws/.platformio/packages/framework-espidf/components/esp_eth /Users/lojaws/.platformio/packages/framework-espidf/components/esp_event /Users/lojaws/.platformio/packages/framework-espidf/components/esp_gdbstub /Users/lojaws/.platformio/packages/framework-espidf/components/esp_hid /Users/lojaws/.platformio/packages/framework-espidf/components/esp_http_client /Users/lojaws/.platformio/packages/framework-espidf/components/esp_http_server /Users/lojaws/.platformio/packages/framework-espidf/components/esp_https_ota /Users/lojaws/.platformio/packages/framework-espidf/components/esp_https_server /Users/lojaws/.platformio/packages/framework-espidf/components/esp_hw_support /Users/lojaws/.platformio/packages/framework-espidf/components/esp_lcd /Users/lojaws/.platformio/packages/framework-espidf/components/esp_local_ctrl /Users/lojaws/.platformio/packages/framework-espidf/components/esp_mm /Users/lojaws/.platformio/packages/framework-espidf/components/esp_netif /Users/lojaws/.platformio/packages/framework-espidf/components/esp_netif_stack /Users/lojaws/.platformio/packages/framework-espidf/components/esp_partition /Users/lojaws/.platformio/packages/framework-espidf/components/esp_phy /Users/lojaws/.platformio/packages/framework-espidf/components/esp_pm /Users/lojaws/.platformio/packages/framework-espidf/components/esp_psram /Users/lojaws/.platformio/packages/framework-espidf/components/esp_ringbuf /Users/lojaws/.platformio/packages/framework-espidf/components/esp_rom /Users/lojaws/.platformio/packages/framework-espidf/components/esp_system /Users/lojaws/.platformio/packages/framework-espidf/components/esp_timer /Users/lojaws/.platformio/packages/framework-espidf/components/esp_wifi /Users/lojaws/.platformio/packages/framework-espidf/components/espcoredump /Users/lojaws/.platformio/packages/framework-espidf/components/esptool_py /Users/lojaws/.platformio/packages/framework-espidf/components/fatfs /Users/lojaws/.platformio/packages/framework-espidf/components/freertos /Users/lojaws/.platformio/packages/framework-espidf/components/hal /Users/lojaws/.platformio/packages/framework-espidf/components/heap /Users/lojaws/.platformio/packages/framework-espidf/components/http_parser /Users/lojaws/.platformio/packages/framework-espidf/components/idf_test /Users/lojaws/.platformio/packages/framework-espidf/components/ieee802154 /Users/lojaws/.platformio/packages/framework-espidf/components/json /Users/lojaws/.platformio/packages/framework-espidf/components/log /Users/lojaws/.platformio/packages/framework-espidf/components/lwip /Users/lojaws/Documents/ESP32-S3-Car-Adapter/firmware/controller-probe/main /Users/lojaws/.platformio/packages/framework-espidf/components/mbedtls /Users/lojaws/.platformio/packages/framework-espidf/components/mqtt /Users/lojaws/.platformio/packages/framework-espidf/components/newlib /Users/lojaws/.platformio/packages/framework-espidf/components/nvs_flash /Users/lojaws/.platformio/packages/framework-espidf/components/openthread /Users/lojaws/.platformio/packages/framework-espidf/components/partition_table /Users/lojaws/.platformio/packages/framework-espidf/components/perfmon /Users/lojaws/.platformio/packages/framework-espidf/components/protobuf-c /Users/lojaws/.platformio/packages/framework-espidf/components/protocomm /Users/lojaws/.platformio/packages/framework-espidf/components/pthread /Users/lojaws/.platformio/packages/framework-espidf/components/sdmmc /Users/lojaws/.platformio/packages/framework-espidf/components/soc /Users/lojaws/.platformio/packages/framework-espidf/components/spi_flash /Users/lojaws/.platformio/packages/framework-espidf/components/spiffs /Users/lojaws/.platformio/packages/framework-espidf/components/tcp_transport /Users/lojaws/.platformio/packages/framework-espidf/components/touch_element /Users/lojaws/.platformio/packages/framework-espidf/components/ulp /Users/lojaws/.platformio/packages/framework-espidf/components/unity /Users/lojaws/.platformio/packages/framework-espidf/components/usb /Users/lojaws/.platformio/packages/framework-espidf/components/vfs /Users/lojaws/.platformio/packages/framework-espidf/components/wear_levelling /Users/lojaws/.platformio/packages/framework-espidf/components/wifi_provisioning /Users/lojaws/.platformio/packages/framework-espidf/components/wpa_supplicant /Users/lojaws/.platformio/packages/framework-espidf/components/xtensa
-- Configuring done (3.0s)
-- Generating done (0.4s)
-- Build files have been written to: /Users/lojaws/Documents/ESP32-S3-Car-Adapter/firmware/controller-probe/build-0
Running ninja in directory /Users/lojaws/Documents/ESP32-S3-Car-Adapter/firmware/controller-probe/build-0
Executing "ninja all"...
[1/997] Generating project_elf_src_esp32s3.c
[2/997] Generating memory.ld linker script...
[3/997] Generating ../../partition_table/partition-table.bin
Partition table binary generated. Contents:
*******************************************************************************
# ESP-IDF Partition Table
# Name, Type, SubType, Offset, Size, Flags
nvs,data,nvs,0x9000,24K,
phy_init,data,phy,0xf000,4K,
factory,app,factory,0x10000,1M,
*******************************************************************************
[4/997] Building C object esp-idf/ulp/CMakeFiles/__idf_ulp.dir/ulp_common/ulp_adc.c.obj
[5/997] Building C object esp-idf/ulp/CMakeFiles/__idf_ulp.dir/ulp_common/ulp_common.c.obj
[6/997] Building C object esp-idf/esp_http_server/CMakeFiles/__idf_esp_http_server.dir/src/httpd_ws.c.obj
[7/997] Linking C static library esp-idf/ulp/libulp.a
[8/997] Building C object esp-idf/esp_http_server/CMakeFiles/__idf_esp_http_server.dir/src/httpd_uri.c.obj
[9/997] Building C object esp-idf/esp_http_server/CMakeFiles/__idf_esp_http_server.dir/src/httpd_txrx.c.obj
[10/997] Building C object esp-idf/esp_http_server/CMakeFiles/__idf_esp_http_server.dir/src/httpd_sess.c.obj
[11/997] Building C object esp-idf/esp_https_ota/CMakeFiles/__idf_esp_https_ota.dir/src/esp_https_ota.c.obj
[12/997] Building C object esp-idf/esp_http_server/CMakeFiles/__idf_esp_http_server.dir/src/httpd_main.c.obj
[13/997] Building C object esp-idf/esp_http_server/CMakeFiles/__idf_esp_http_server.dir/src/util/ctrl_sock.c.obj
[14/997] Building C object esp-idf/esp_http_server/CMakeFiles/__idf_esp_http_server.dir/src/httpd_parse.c.obj
[15/997] Building C object esp-idf/esp_http_client/CMakeFiles/__idf_esp_http_client.dir/lib/http_header.c.obj
[16/997] Building C object esp-idf/esp_http_client/CMakeFiles/__idf_esp_http_client.dir/lib/http_auth.c.obj
[17/997] Linking C static library esp-idf/esp_https_ota/libesp_https_ota.a
[18/997] Building C object esp-idf/esp_http_client/CMakeFiles/__idf_esp_http_client.dir/lib/http_utils.c.obj
[19/997] Linking C static library esp-idf/esp_http_server/libesp_http_server.a
[20/997] Building C object esp-idf/esp_gdbstub/CMakeFiles/__idf_esp_gdbstub.dir/src/gdbstub_transport.c.obj
[21/997] Building C object esp-idf/tcp_transport/CMakeFiles/__idf_tcp_transport.dir/transport_socks_proxy.c.obj
[22/997] Building C object esp-idf/tcp_transport/CMakeFiles/__idf_tcp_transport.dir/transport_internal.c.obj
[23/997] Building C object esp-idf/esp_gdbstub/CMakeFiles/__idf_esp_gdbstub.dir/src/packet.c.obj
[24/997] Building ASM object esp-idf/esp_gdbstub/CMakeFiles/__idf_esp_gdbstub.dir/src/port/xtensa/gdbstub-entry.S.obj
[25/997] Building ASM object esp-idf/esp_gdbstub/CMakeFiles/__idf_esp_gdbstub.dir/src/port/xtensa/xt_debugexception.S.obj
[26/997] Building C object esp-idf/esp_gdbstub/CMakeFiles/__idf_esp_gdbstub.dir/src/gdbstub.c.obj
[27/997] Building C object esp-idf/tcp_transport/CMakeFiles/__idf_tcp_transport.dir/transport.c.obj
[28/997] Building C object esp-idf/tcp_transport/CMakeFiles/__idf_tcp_transport.dir/transport_ssl.c.obj
[29/997] Building C object esp-idf/esp_gdbstub/CMakeFiles/__idf_esp_gdbstub.dir/src/port/xtensa/gdbstub_xtensa.c.obj
[30/997] Building C object esp-idf/esp_adc/CMakeFiles/__idf_esp_adc.dir/adc_cali.c.obj
[31/997] Building C object esp-idf/esp_adc/CMakeFiles/__idf_esp_adc.dir/adc_cali_curve_fitting.c.obj
[32/997] Building C object esp-idf/esp_adc/CMakeFiles/__idf_esp_adc.dir/deprecated/esp_adc_cal_common_legacy.c.obj
[33/997] Building C object esp-idf/esp_http_client/CMakeFiles/__idf_esp_http_client.dir/esp_http_client.c.obj
[34/997] Building C object esp-idf/esp_adc/CMakeFiles/__idf_esp_adc.dir/adc_common.c.obj
[35/997] Building C object esp-idf/esp_eth/CMakeFiles/__idf_esp_eth.dir/src/esp_eth_netif_glue.c.obj
[36/997] Building C object esp-idf/esp_adc/CMakeFiles/__idf_esp_adc.dir/adc_oneshot.c.obj
[37/997] Building C object esp-idf/tcp_transport/CMakeFiles/__idf_tcp_transport.dir/transport_ws.c.obj
[38/997] Linking C static library esp-idf/esp_http_client/libesp_http_client.a
[39/997] Building C object esp-idf/esp_adc/CMakeFiles/__idf_esp_adc.dir/esp32s3/curve_fitting_coefficients.c.obj
[40/997] Building C object esp-idf/esp_adc/CMakeFiles/__idf_esp_adc.dir/deprecated/esp32s3/esp_adc_cal_legacy.c.obj
[41/997] Building C object esp-idf/esp_eth/CMakeFiles/__idf_esp_eth.dir/src/esp_eth.c.obj
[42/997] Building C object esp-idf/esp-tls/CMakeFiles/__idf_esp-tls.dir/esp-tls-crypto/esp_tls_crypto.c.obj
[43/997] Linking C static library esp-idf/tcp_transport/libtcp_transport.a
[44/997] Building C object esp-idf/esp-tls/CMakeFiles/__idf_esp-tls.dir/esp_tls_platform_port.c.obj
[45/997] Building C object esp-idf/esp_eth/CMakeFiles/__idf_esp_eth.dir/src/esp_eth_phy_802_3.c.obj
[46/997] Building C object esp-idf/esp_adc/CMakeFiles/__idf_esp_adc.dir/adc_continuous.c.obj
[47/997] Building C object esp-idf/esp-tls/CMakeFiles/__idf_esp-tls.dir/esp_tls_error_capture.c.obj
[48/997] Linking C static library esp-idf/esp_gdbstub/libesp_gdbstub.a
[49/997] Building C object esp-idf/esp_adc/CMakeFiles/__idf_esp_adc.dir/adc_filter.c.obj
[50/997] Building C object esp-idf/esp_wifi/CMakeFiles/__idf_esp_wifi.dir/src/mesh_event.c.obj
[51/997] Linking C static library esp-idf/esp_eth/libesp_eth.a
[52/997] Building C object esp-idf/esp_wifi/CMakeFiles/__idf_esp_wifi.dir/src/smartconfig.c.obj
[53/997] Building C object esp-idf/esp_wifi/CMakeFiles/__idf_esp_wifi.dir/src/wifi_default_ap.c.obj
[54/997] Building C object esp-idf/esp_wifi/CMakeFiles/__idf_esp_wifi.dir/src/wifi_init.c.obj
[55/997] Building C object esp-idf/esp_wifi/CMakeFiles/__idf_esp_wifi.dir/src/wifi_netif.c.obj
[56/997] Linking C static library esp-idf/esp_adc/libesp_adc.a
[57/997] Building C object esp-idf/esp_coex/CMakeFiles/__idf_esp_coex.dir/src/coexist_debug_diagram.c.obj
[58/997] Building C object esp-idf/esp_wifi/CMakeFiles/__idf_esp_wifi.dir/src/wifi_default.c.obj
[59/997] Building C object esp-idf/esp_coex/CMakeFiles/__idf_esp_coex.dir/src/coexist.c.obj
[60/997] Building C object esp-idf/esp-tls/CMakeFiles/__idf_esp-tls.dir/esp_tls.c.obj
[61/997] Building C object esp-idf/esp_coex/CMakeFiles/__idf_esp_coex.dir/src/coexist_debug.c.obj
[62/997] Building C object esp-idf/esp_wifi/CMakeFiles/__idf_esp_wifi.dir/src/smartconfig_ack.c.obj
[63/997] Building C object esp-idf/esp_coex/CMakeFiles/__idf_esp_coex.dir/esp32s3/esp_coex_adapter.c.obj
[64/997] Building C object esp-idf/esp_wifi/CMakeFiles/__idf_esp_wifi.dir/esp32s3/esp_adapter.c.obj
[65/997] Building C object esp-idf/wpa_supplicant/CMakeFiles/__idf_wpa_supplicant.dir/port/os_xtensa.c.obj
[66/997] Building C object esp-idf/wpa_supplicant/CMakeFiles/__idf_wpa_supplicant.dir/src/ap/ap_config.c.obj
[67/997] Building C object esp-idf/esp-tls/CMakeFiles/__idf_esp-tls.dir/esp_tls_mbedtls.c.obj
[68/997] Building C object esp-idf/wpa_supplicant/CMakeFiles/__idf_wpa_supplicant.dir/src/ap/pmksa_cache_auth.c.obj
[69/997] Linking C static library esp-idf/esp-tls/libesp-tls.a
[70/997] Building C object esp-idf/wpa_supplicant/CMakeFiles/__idf_wpa_supplicant.dir/port/eloop.c.obj
[71/997] Building C object esp-idf/wpa_supplicant/CMakeFiles/__idf_wpa_supplicant.dir/src/ap/ieee802_1x.c.obj
[72/997] Building C object esp-idf/wpa_supplicant/CMakeFiles/__idf_wpa_supplicant.dir/src/ap/sta_info.c.obj
[73/997] Building C object esp-idf/wpa_supplicant/CMakeFiles/__idf_wpa_supplicant.dir/src/ap/comeback_token.c.obj
[74/997] Building C object esp-idf/wpa_supplicant/CMakeFiles/__idf_wpa_supplicant.dir/src/ap/wpa_auth_ie.c.obj
[75/997] Building C object esp-idf/wpa_supplicant/CMakeFiles/__idf_wpa_supplicant.dir/src/ap/ieee802_11.c.obj
[76/997] Building C object esp-idf/wpa_supplicant/CMakeFiles/__idf_wpa_supplicant.dir/src/utils/bitfield.c.obj
[77/997] Building C object esp-idf/wpa_supplicant/CMakeFiles/__idf_wpa_supplicant.dir/src/crypto/aes-siv.c.obj
[78/997] Building C object esp-idf/wpa_supplicant/CMakeFiles/__idf_wpa_supplicant.dir/src/common/dragonfly.c.obj
[79/997] Building C object esp-idf/wpa_supplicant/CMakeFiles/__idf_wpa_supplicant.dir/src/crypto/sha256-kdf.c.obj
[80/997] Building C object esp-idf/wpa_supplicant/CMakeFiles/__idf_wpa_supplicant.dir/src/crypto/ccmp.c.obj
[81/997] Building C object esp-idf/wpa_supplicant/CMakeFiles/__idf_wpa_supplicant.dir/src/crypto/crypto_ops.c.obj
[82/997] Building C object esp-idf/wpa_supplicant/CMakeFiles/__idf_wpa_supplicant.dir/src/crypto/aes-gcm.c.obj
[83/997] Building C object esp-idf/wpa_supplicant/CMakeFiles/__idf_wpa_supplicant.dir/src/crypto/dh_group5.c.obj
[84/997] Building C object esp-idf/wpa_supplicant/CMakeFiles/__idf_wpa_supplicant.dir/src/crypto/dh_groups.c.obj
[85/997] Building C object esp-idf/wpa_supplicant/CMakeFiles/__idf_wpa_supplicant.dir/src/crypto/sha1-tlsprf.c.obj
[86/997] Building C object esp-idf/wpa_supplicant/CMakeFiles/__idf_wpa_supplicant.dir/src/common/wpa_common.c.obj
[87/997] Building C object esp-idf/wpa_supplicant/CMakeFiles/__idf_wpa_supplicant.dir/src/ap/wpa_auth.c.obj
[88/997] Building C object esp-idf/http_parser/CMakeFiles/__idf_http_parser.dir/http_parser.c.obj
[89/997] Building C object esp-idf/wpa_supplicant/CMakeFiles/__idf_wpa_supplicant.dir/src/crypto/ms_funcs.c.obj
[90/997] Building C object esp-idf/wpa_supplicant/CMakeFiles/__idf_wpa_supplicant.dir/src/crypto/sha384-tlsprf.c.obj
[91/997] Building C object esp-idf/wpa_supplicant/CMakeFiles/__idf_wpa_supplicant.dir/src/crypto/sha1-prf.c.obj
[92/997] Building C object esp-idf/wpa_supplicant/CMakeFiles/__idf_wpa_supplicant.dir/src/crypto/sha256-tlsprf.c.obj
[93/997] Linking C static library esp-idf/http_parser/libhttp_parser.a
[94/997] Building C object esp-idf/wpa_supplicant/CMakeFiles/__idf_wpa_supplicant.dir/src/crypto/sha256-prf.c.obj
[95/997] Building C object esp-idf/wpa_supplicant/CMakeFiles/__idf_wpa_supplicant.dir/src/crypto/sha1-tprf.c.obj
[96/997] Building C object esp-idf/wpa_supplicant/CMakeFiles/__idf_wpa_supplicant.dir/src/eap_common/eap_wsc_common.c.obj
[97/997] Linking C static library esp-idf/esp_wifi/libesp_wifi.a
[98/997] Building C object esp-idf/wpa_supplicant/CMakeFiles/__idf_wpa_supplicant.dir/src/eap_peer/chap.c.obj
[99/997] Building C object esp-idf/wpa_supplicant/CMakeFiles/__idf_wpa_supplicant.dir/src/crypto/sha384-prf.c.obj
[100/997] Building C object esp-idf/wpa_supplicant/CMakeFiles/__idf_wpa_supplicant.dir/src/crypto/md4-internal.c.obj
[101/997] Building C object esp-idf/wpa_supplicant/CMakeFiles/__idf_wpa_supplicant.dir/src/eap_peer/eap_common.c.obj
[102/997] Building C object esp-idf/wpa_supplicant/CMakeFiles/__idf_wpa_supplicant.dir/src/eap_peer/eap_peap_common.c.obj
[103/997] Building C object esp-idf/wpa_supplicant/CMakeFiles/__idf_wpa_supplicant.dir/src/common/ieee802_11_common.c.obj
[104/997] Building C object esp-idf/wpa_supplicant/CMakeFiles/__idf_wpa_supplicant.dir/src/eap_peer/eap_tls.c.obj
[105/997] Building C object esp-idf/wpa_supplicant/CMakeFiles/__idf_wpa_supplicant.dir/src/eap_peer/eap_mschapv2.c.obj
[106/997] Building C object esp-idf/wpa_supplicant/CMakeFiles/__idf_wpa_supplicant.dir/src/eap_peer/mschapv2.c.obj
[107/997] Building C object esp-idf/wpa_supplicant/CMakeFiles/__idf_wpa_supplicant.dir/src/eap_peer/eap_tls_common.c.obj
[108/997] Building C object esp-idf/wpa_supplicant/CMakeFiles/__idf_wpa_supplicant.dir/src/common/sae.c.obj
[109/997] Building C object esp-idf/wpa_supplicant/CMakeFiles/__idf_wpa_supplicant.dir/src/eap_peer/eap_fast_common.c.obj
[110/997] Building C object esp-idf/wpa_supplicant/CMakeFiles/__idf_wpa_supplicant.dir/src/eap_peer/eap.c.obj
[111/997] Building C object esp-idf/wpa_supplicant/CMakeFiles/__idf_wpa_supplicant.dir/src/utils/base64.c.obj
[112/997] Building C object esp-idf/wpa_supplicant/CMakeFiles/__idf_wpa_supplicant.dir/src/rsn_supp/pmksa_cache.c.obj
[113/997] Building C object esp-idf/wpa_supplicant/CMakeFiles/__idf_wpa_supplicant.dir/src/utils/ext_password.c.obj
[114/997] Building C object esp-idf/wpa_supplicant/CMakeFiles/__idf_wpa_supplicant.dir/src/rsn_supp/wpa_ie.c.obj
[115/997] Building C object esp-idf/wpa_supplicant/CMakeFiles/__idf_wpa_supplicant.dir/src/eap_peer/eap_peap.c.obj
[116/997] Building C object esp-idf/wpa_supplicant/CMakeFiles/__idf_wpa_supplicant.dir/src/utils/common.c.obj
[117/997] Building C object esp-idf/wpa_supplicant/CMakeFiles/__idf_wpa_supplicant.dir/src/utils/uuid.c.obj
[118/997] Building C object esp-idf/wpa_supplicant/CMakeFiles/__idf_wpa_supplicant.dir/src/eap_peer/eap_ttls.c.obj
[119/997] Building C object esp-idf/wpa_supplicant/CMakeFiles/__idf_wpa_supplicant.dir/src/eap_peer/eap_fast_pac.c.obj
[120/997] Building C object esp-idf/wpa_supplicant/CMakeFiles/__idf_wpa_supplicant.dir/src/utils/wpa_debug.c.obj
[121/997] Building C object esp-idf/wpa_supplicant/CMakeFiles/__idf_wpa_supplicant.dir/src/utils/wpabuf.c.obj
[122/997] Building C object esp-idf/wpa_supplicant/CMakeFiles/__idf_wpa_supplicant.dir/src/wps/wps_attr_process.c.obj
[123/997] Building C object esp-idf/wpa_supplicant/CMakeFiles/__idf_wpa_supplicant.dir/src/utils/json.c.obj
[124/997] Building C object esp-idf/wpa_supplicant/CMakeFiles/__idf_wpa_supplicant.dir/src/wps/wps.c.obj
[125/997] Building C object esp-idf/wpa_supplicant/CMakeFiles/__idf_wpa_supplicant.dir/src/wps/wps_common.c.obj
[126/997] Building C object esp-idf/wpa_supplicant/CMakeFiles/__idf_wpa_supplicant.dir/src/wps/wps_attr_build.c.obj
[127/997] Building C object esp-idf/wpa_supplicant/CMakeFiles/__idf_wpa_supplicant.dir/src/wps/wps_attr_parse.c.obj
[128/997] Building C object esp-idf/wpa_supplicant/CMakeFiles/__idf_wpa_supplicant.dir/src/wps/wps_dev_attr.c.obj
[129/997] Building C object esp-idf/wpa_supplicant/CMakeFiles/__idf_wpa_supplicant.dir/esp_supplicant/src/esp_wpa2_api_port.c.obj
[130/997] Building C object esp-idf/wpa_supplicant/CMakeFiles/__idf_wpa_supplicant.dir/src/eap_peer/eap_fast.c.obj
[131/997] Building C object esp-idf/wpa_supplicant/CMakeFiles/__idf_wpa_supplicant.dir/esp_supplicant/src/esp_wpas_glue.c.obj
[132/997] Building C object esp-idf/wpa_supplicant/CMakeFiles/__idf_wpa_supplicant.dir/esp_supplicant/src/esp_common.c.obj
[133/997] Building C object esp-idf/wpa_supplicant/CMakeFiles/__idf_wpa_supplicant.dir/src/wps/wps_enrollee.c.obj
[134/997] Building C object esp-idf/wpa_supplicant/CMakeFiles/__idf_wpa_supplicant.dir/esp_supplicant/src/esp_owe.c.obj
[135/997] Building C object esp-idf/wpa_supplicant/CMakeFiles/__idf_wpa_supplicant.dir/src/rsn_supp/wpa.c.obj
[136/997] Building C object esp-idf/wpa_supplicant/CMakeFiles/__idf_wpa_supplicant.dir/esp_supplicant/src/esp_wpa_main.c.obj
[137/997] Building C object esp-idf/wpa_supplicant/CMakeFiles/__idf_wpa_supplicant.dir/src/common/sae_pk.c.obj
[138/997] Building C object esp-idf/wpa_supplicant/CMakeFiles/__idf_wpa_supplicant.dir/esp_supplicant/src/esp_wpa3.c.obj
[139/997] Building C object esp-idf/wpa_supplicant/CMakeFiles/__idf_wpa_supplicant.dir/esp_supplicant/src/esp_hostap.c.obj
[140/997] Building C object esp-idf/wpa_supplicant/CMakeFiles/__idf_wpa_supplicant.dir/src/crypto/rc4.c.obj
[141/997] Building C object esp-idf/wpa_supplicant/CMakeFiles/__idf_wpa_supplicant.dir/esp_supplicant/src/crypto/fastpbkdf2.c.obj
[142/997] Building C object esp-idf/wpa_supplicant/CMakeFiles/__idf_wpa_supplicant.dir/src/crypto/des-internal.c.obj
[143/997] Building C object esp-idf/wpa_supplicant/CMakeFiles/__idf_wpa_supplicant.dir/esp_supplicant/src/crypto/crypto_mbedtls-bignum.c.obj
[144/997] Building C object esp-idf/wpa_supplicant/CMakeFiles/__idf_wpa_supplicant.dir/esp_supplicant/src/crypto/crypto_mbedtls.c.obj
[145/997] Building C object esp-idf/wpa_supplicant/CMakeFiles/__idf_wpa_supplicant.dir/esp_supplicant/src/esp_eap_client.c.obj
[146/997] Building C object esp-idf/wpa_supplicant/CMakeFiles/__idf_wpa_supplicant.dir/src/crypto/aes-wrap.c.obj
[147/997] Linking C static library esp-idf/esp_coex/libesp_coex.a
[148/997] Building C object esp-idf/wpa_supplicant/CMakeFiles/__idf_wpa_supplicant.dir/esp_supplicant/src/crypto/crypto_mbedtls-rsa.c.obj
[149/997] Building C object esp-idf/wpa_supplicant/CMakeFiles/__idf_wpa_supplicant.dir/src/crypto/aes-unwrap.c.obj
[150/997] Building C object esp-idf/wpa_supplicant/CMakeFiles/__idf_wpa_supplicant.dir/esp_supplicant/src/esp_wps.c.obj
[151/997] Building C object esp-idf/esp_netif/CMakeFiles/__idf_esp_netif.dir/esp_netif_defaults.c.obj
[152/997] Building C object esp-idf/esp_netif/CMakeFiles/__idf_esp_netif.dir/esp_netif_objects.c.obj
[153/997] Building C object esp-idf/wpa_supplicant/CMakeFiles/__idf_wpa_supplicant.dir/esp_supplicant/src/crypto/tls_mbedtls.c.obj
[154/997] Building C object esp-idf/wpa_supplicant/CMakeFiles/__idf_wpa_supplicant.dir/src/crypto/aes-ccm.c.obj
[155/997] Building C object esp-idf/esp_netif/CMakeFiles/__idf_esp_netif.dir/esp_netif_handlers.c.obj
[156/997] Building C object esp-idf/esp_netif/CMakeFiles/__idf_esp_netif.dir/lwip/netif/esp_pbuf_ref.c.obj
[157/997] Building C object esp-idf/esp_netif/CMakeFiles/__idf_esp_netif.dir/lwip/esp_netif_sntp.c.obj
[158/997] Building C object esp-idf/esp_netif/CMakeFiles/__idf_esp_netif.dir/lwip/esp_netif_lwip_defaults.c.obj
[159/997] Building C object esp-idf/esp_netif/CMakeFiles/__idf_esp_netif.dir/lwip/netif/ethernetif.c.obj
[160/997] Building C object esp-idf/esp_netif/CMakeFiles/__idf_esp_netif.dir/lwip/netif/wlanif.c.obj
[161/997] Building C object esp-idf/lwip/CMakeFiles/__idf_lwip.dir/apps/sntp/sntp.c.obj
[162/997] Building C object esp-idf/lwip/CMakeFiles/__idf_lwip.dir/lwip/src/api/err.c.obj
[163/997] Building C object esp-idf/wpa_supplicant/CMakeFiles/__idf_wpa_supplicant.dir/esp_supplicant/src/crypto/crypto_mbedtls-ec.c.obj
[164/997] Building C object esp-idf/lwip/CMakeFiles/__idf_lwip.dir/lwip/src/api/if_api.c.obj
[165/997] Building C object esp-idf/lwip/CMakeFiles/__idf_lwip.dir/lwip/src/api/netifapi.c.obj
[166/997] Building C object esp-idf/lwip/CMakeFiles/__idf_lwip.dir/lwip/src/api/netbuf.c.obj
[167/997] Building C object esp-idf/lwip/CMakeFiles/__idf_lwip.dir/lwip/src/api/api_lib.c.obj
[168/997] Building C object esp-idf/lwip/CMakeFiles/__idf_lwip.dir/lwip/src/api/tcpip.c.obj
[169/997] Building C object esp-idf/lwip/CMakeFiles/__idf_lwip.dir/lwip/src/apps/netbiosns/netbiosns.c.obj
[170/997] Building C object esp-idf/lwip/CMakeFiles/__idf_lwip.dir/lwip/src/core/def.c.obj
[171/997] Building C object esp-idf/lwip/CMakeFiles/__idf_lwip.dir/lwip/src/api/netdb.c.obj
[172/997] Building C object esp-idf/lwip/CMakeFiles/__idf_lwip.dir/lwip/src/apps/sntp/sntp.c.obj
[173/997] Building C object esp-idf/lwip/CMakeFiles/__idf_lwip.dir/lwip/src/core/inet_chksum.c.obj
[174/997] Building C object esp-idf/lwip/CMakeFiles/__idf_lwip.dir/lwip/src/core/ip.c.obj
[175/997] Building C object esp-idf/lwip/CMakeFiles/__idf_lwip.dir/lwip/src/core/init.c.obj
[176/997] Building C object esp-idf/lwip/CMakeFiles/__idf_lwip.dir/lwip/src/core/mem.c.obj
[177/997] Building C object esp-idf/lwip/CMakeFiles/__idf_lwip.dir/lwip/src/core/memp.c.obj
[178/997] Linking C static library esp-idf/wpa_supplicant/libwpa_supplicant.a
[179/997] Building C object esp-idf/lwip/CMakeFiles/__idf_lwip.dir/lwip/src/api/api_msg.c.obj
[180/997] Building C object esp-idf/lwip/CMakeFiles/__idf_lwip.dir/lwip/src/core/stats.c.obj
[181/997] Building C object esp-idf/lwip/CMakeFiles/__idf_lwip.dir/lwip/src/core/sys.c.obj
[182/997] Building C object esp-idf/esp_netif/CMakeFiles/__idf_esp_netif.dir/lwip/esp_netif_lwip.c.obj
[183/997] Building C object esp-idf/lwip/CMakeFiles/__idf_lwip.dir/lwip/src/core/dns.c.obj
[184/997] Building C object esp-idf/lwip/CMakeFiles/__idf_lwip.dir/lwip/src/core/raw.c.obj
[185/997] Building C object esp-idf/lwip/CMakeFiles/__idf_lwip.dir/lwip/src/core/ipv4/autoip.c.obj
[186/997] Building C object esp-idf/lwip/CMakeFiles/__idf_lwip.dir/lwip/src/core/netif.c.obj
[187/997] Building C object esp-idf/lwip/CMakeFiles/__idf_lwip.dir/lwip/src/core/timeouts.c.obj
[188/997] Building C object esp-idf/lwip/CMakeFiles/__idf_lwip.dir/lwip/src/core/pbuf.c.obj
[189/997] Building C object esp-idf/lwip/CMakeFiles/__idf_lwip.dir/lwip/src/core/udp.c.obj
[190/997] Building C object esp-idf/lwip/CMakeFiles/__idf_lwip.dir/lwip/src/core/ipv4/icmp.c.obj
[191/997] Building C object esp-idf/lwip/CMakeFiles/__idf_lwip.dir/lwip/src/core/ipv4/igmp.c.obj
[192/997] Building C object esp-idf/lwip/CMakeFiles/__idf_lwip.dir/lwip/src/core/ipv4/ip4.c.obj
[193/997] Building C object esp-idf/lwip/CMakeFiles/__idf_lwip.dir/lwip/src/core/ipv4/ip4_napt.c.obj
[194/997] Building C object esp-idf/lwip/CMakeFiles/__idf_lwip.dir/lwip/src/core/ipv4/etharp.c.obj
[195/997] Building C object esp-idf/lwip/CMakeFiles/__idf_lwip.dir/lwip/src/core/ipv4/ip4_addr.c.obj
[196/997] Building C object esp-idf/lwip/CMakeFiles/__idf_lwip.dir/lwip/src/core/tcp_out.c.obj
[197/997] Building C object esp-idf/lwip/CMakeFiles/__idf_lwip.dir/lwip/src/core/ipv4/dhcp.c.obj
[198/997] Building C object esp-idf/lwip/CMakeFiles/__idf_lwip.dir/lwip/src/core/ipv6/dhcp6.c.obj
[199/997] Building C object esp-idf/lwip/CMakeFiles/__idf_lwip.dir/lwip/src/core/ipv4/ip4_frag.c.obj
[200/997] Building C object esp-idf/lwip/CMakeFiles/__idf_lwip.dir/lwip/src/core/ipv6/inet6.c.obj
[201/997] Building C object esp-idf/lwip/CMakeFiles/__idf_lwip.dir/lwip/src/core/ipv6/ethip6.c.obj
[202/997] Building C object esp-idf/lwip/CMakeFiles/__idf_lwip.dir/lwip/src/api/sockets.c.obj
[203/997] Building C object esp-idf/lwip/CMakeFiles/__idf_lwip.dir/lwip/src/core/ipv6/icmp6.c.obj
[204/997] Building C object esp-idf/lwip/CMakeFiles/__idf_lwip.dir/lwip/src/core/tcp_in.c.obj
[205/997] Building C object esp-idf/lwip/CMakeFiles/__idf_lwip.dir/lwip/src/core/tcp.c.obj
[206/997] Building C object esp-idf/lwip/CMakeFiles/__idf_lwip.dir/lwip/src/core/ipv6/ip6_addr.c.obj
[207/997] Building C object esp-idf/lwip/CMakeFiles/__idf_lwip.dir/lwip/src/netif/bridgeif.c.obj
[208/997] Building C object esp-idf/lwip/CMakeFiles/__idf_lwip.dir/lwip/src/core/ipv6/ip6_frag.c.obj
[209/997] Building C object esp-idf/lwip/CMakeFiles/__idf_lwip.dir/lwip/src/netif/ppp/auth.c.obj
[210/997] Building C object esp-idf/lwip/CMakeFiles/__idf_lwip.dir/lwip/src/netif/bridgeif_fdb.c.obj
[211/997] Building C object esp-idf/lwip/CMakeFiles/__idf_lwip.dir/lwip/src/netif/ethernet.c.obj
[212/997] Building C object esp-idf/lwip/CMakeFiles/__idf_lwip.dir/lwip/src/netif/ppp/ccp.c.obj
[213/997] Building C object esp-idf/lwip/CMakeFiles/__idf_lwip.dir/lwip/src/netif/slipif.c.obj
[214/997] Building C object esp-idf/lwip/CMakeFiles/__idf_lwip.dir/lwip/src/core/ipv6/mld6.c.obj
[215/997] Building C object esp-idf/lwip/CMakeFiles/__idf_lwip.dir/lwip/src/netif/ppp/chap-md5.c.obj
[216/997] Building C object esp-idf/lwip/CMakeFiles/__idf_lwip.dir/lwip/src/netif/ppp/chap_ms.c.obj
[217/997] Building C object esp-idf/lwip/CMakeFiles/__idf_lwip.dir/lwip/src/core/ipv6/ip6.c.obj
[218/997] Building C object esp-idf/lwip/CMakeFiles/__idf_lwip.dir/lwip/src/netif/ppp/fsm.c.obj
[219/997] Building C object esp-idf/lwip/CMakeFiles/__idf_lwip.dir/lwip/src/netif/ppp/eap.c.obj
[220/997] Building C object esp-idf/lwip/CMakeFiles/__idf_lwip.dir/lwip/src/netif/ppp/ecp.c.obj
[221/997] Building C object esp-idf/lwip/CMakeFiles/__idf_lwip.dir/lwip/src/netif/ppp/chap-new.c.obj
[222/997] Building C object esp-idf/lwip/CMakeFiles/__idf_lwip.dir/lwip/src/netif/ppp/demand.c.obj
[223/997] Building C object esp-idf/lwip/CMakeFiles/__idf_lwip.dir/lwip/src/netif/ppp/eui64.c.obj
[224/997] Building C object esp-idf/lwip/CMakeFiles/__idf_lwip.dir/lwip/src/netif/ppp/ipcp.c.obj
[225/997] Building C object esp-idf/lwip/CMakeFiles/__idf_lwip.dir/lwip/src/netif/ppp/ppp.c.obj
[226/997] Building C object esp-idf/lwip/CMakeFiles/__idf_lwip.dir/lwip/src/netif/ppp/ipv6cp.c.obj
[227/997] Building C object esp-idf/lwip/CMakeFiles/__idf_lwip.dir/lwip/src/netif/ppp/lcp.c.obj
[228/997] Building C object esp-idf/lwip/CMakeFiles/__idf_lwip.dir/lwip/src/netif/ppp/magic.c.obj
[229/997] Building C object esp-idf/lwip/CMakeFiles/__idf_lwip.dir/lwip/src/netif/ppp/mppe.c.obj
[230/997] Building C object esp-idf/lwip/CMakeFiles/__idf_lwip.dir/lwip/src/netif/ppp/pppcrypt.c.obj
[231/997] Building C object esp-idf/lwip/CMakeFiles/__idf_lwip.dir/lwip/src/netif/ppp/multilink.c.obj
[232/997] Building C object esp-idf/lwip/CMakeFiles/__idf_lwip.dir/lwip/src/netif/ppp/pppapi.c.obj
[233/997] Building C object esp-idf/lwip/CMakeFiles/__idf_lwip.dir/lwip/src/netif/ppp/pppol2tp.c.obj
[234/997] Building C object esp-idf/lwip/CMakeFiles/__idf_lwip.dir/lwip/src/netif/ppp/utils.c.obj
[235/997] Building C object esp-idf/lwip/CMakeFiles/__idf_lwip.dir/lwip/src/netif/ppp/pppos.c.obj
[236/997] Building C object esp-idf/lwip/CMakeFiles/__idf_lwip.dir/lwip/src/netif/ppp/pppoe.c.obj
[237/997] Building C object esp-idf/lwip/CMakeFiles/__idf_lwip.dir/lwip/src/netif/ppp/upap.c.obj
[238/997] Building C object esp-idf/lwip/CMakeFiles/__idf_lwip.dir/lwip/src/netif/ppp/vj.c.obj
[239/997] Building C object esp-idf/lwip/CMakeFiles/__idf_lwip.dir/port/hooks/tcp_isn_default.c.obj
[240/997] Building C object esp-idf/lwip/CMakeFiles/__idf_lwip.dir/port/hooks/lwip_default_hooks.c.obj
[241/997] Linking C static library esp-idf/esp_netif/libesp_netif.a
[242/997] Building C object esp-idf/lwip/CMakeFiles/__idf_lwip.dir/port/sockets_ext.c.obj
[243/997] Building C object esp-idf/lwip/CMakeFiles/__idf_lwip.dir/apps/ping/ping.c.obj
[244/997] Building C object esp-idf/lwip/CMakeFiles/__idf_lwip.dir/port/debug/lwip_debug.c.obj
[245/997] Building C object esp-idf/lwip/CMakeFiles/__idf_lwip.dir/apps/ping/esp_ping.c.obj
[246/997] Building C object esp-idf/lwip/CMakeFiles/__idf_lwip.dir/port/freertos/sys_arch.c.obj
[247/997] Building C object esp-idf/lwip/CMakeFiles/__idf_lwip.dir/apps/ping/ping_sock.c.obj
[248/997] Building C object esp-idf/lwip/CMakeFiles/__idf_lwip.dir/port/esp32xx/vfs_lwip.c.obj
[249/997] Building C object esp-idf/lwip/CMakeFiles/__idf_lwip.dir/lwip/src/core/ipv6/nd6.c.obj
[250/997] Building C object esp-idf/vfs/CMakeFiles/__idf_vfs.dir/vfs_console.c.obj
[251/997] Building C object esp-idf/esp_phy/CMakeFiles/__idf_esp_phy.dir/src/phy_override.c.obj
[252/997] Building C object esp-idf/esp_phy/CMakeFiles/__idf_esp_phy.dir/src/lib_printf.c.obj
[253/997] Building C object esp-idf/esp_phy/CMakeFiles/__idf_esp_phy.dir/src/phy_common.c.obj
[254/997] Building C object esp-idf/vfs/CMakeFiles/__idf_vfs.dir/vfs_usb_serial_jtag.c.obj
[255/997] Building C object esp-idf/vfs/CMakeFiles/__idf_vfs.dir/vfs_eventfd.c.obj
[256/997] Building C object esp-idf/lwip/CMakeFiles/__idf_lwip.dir/apps/dhcpserver/dhcpserver.c.obj
[257/997] Building C object esp-idf/esp_phy/CMakeFiles/__idf_esp_phy.dir/src/btbb_init.c.obj
[258/997] Building C object esp-idf/vfs/CMakeFiles/__idf_vfs.dir/vfs_semihost.c.obj
[259/997] Building C object esp-idf/vfs/CMakeFiles/__idf_vfs.dir/vfs_uart.c.obj
[260/997] Building C object esp-idf/esp_phy/CMakeFiles/__idf_esp_phy.dir/src/phy_init.c.obj
[261/997] Building C object esp-idf/vfs/CMakeFiles/__idf_vfs.dir/vfs.c.obj
[262/997] Linking C static library esp-idf/lwip/liblwip.a
[263/997] Linking C static library esp-idf/vfs/libvfs.a
[264/997] Building CXX object esp-idf/nvs_flash/CMakeFiles/__idf_nvs_flash.dir/src/nvs_partition_lookup.cpp.obj
[265/997] Building CXX object esp-idf/nvs_flash/CMakeFiles/__idf_nvs_flash.dir/src/nvs_partition.cpp.obj
[266/997] Building CXX object esp-idf/nvs_flash/CMakeFiles/__idf_nvs_flash.dir/src/nvs_pagemanager.cpp.obj
[267/997] Building CXX object esp-idf/nvs_flash/CMakeFiles/__idf_nvs_flash.dir/src/nvs_cxx_api.cpp.obj
[268/997] Building CXX object esp-idf/nvs_flash/CMakeFiles/__idf_nvs_flash.dir/src/nvs_platform.cpp.obj
[269/997] Building CXX object esp-idf/nvs_flash/CMakeFiles/__idf_nvs_flash.dir/src/nvs_handle_locked.cpp.obj
[270/997] Building CXX object esp-idf/nvs_flash/CMakeFiles/__idf_nvs_flash.dir/src/nvs_handle_simple.cpp.obj
[271/997] Building CXX object esp-idf/nvs_flash/CMakeFiles/__idf_nvs_flash.dir/src/nvs_item_hash_list.cpp.obj
[272/997] Linking C static library esp-idf/esp_phy/libesp_phy.a
[273/997] Building CXX object esp-idf/nvs_flash/CMakeFiles/__idf_nvs_flash.dir/src/nvs_page.cpp.obj
[274/997] Building C object esp-idf/esp_event/CMakeFiles/__idf_esp_event.dir/default_event_loop.c.obj
[275/997] Building C object esp-idf/esp_event/CMakeFiles/__idf_esp_event.dir/esp_event_private.c.obj
[276/997] Building C object esp-idf/newlib/CMakeFiles/__idf_newlib.dir/abort.c.obj
[277/997] Building C object esp-idf/newlib/CMakeFiles/__idf_newlib.dir/assert.c.obj
[278/997] Building CXX object esp-idf/cxx/CMakeFiles/__idf_cxx.dir/cxx_exception_stubs.cpp.obj
[279/997] Building CXX object esp-idf/nvs_flash/CMakeFiles/__idf_nvs_flash.dir/src/nvs_types.cpp.obj
[280/997] Building C object esp-idf/esp_event/CMakeFiles/__idf_esp_event.dir/esp_event.c.obj
[281/997] Building C object esp-idf/newlib/CMakeFiles/__idf_newlib.dir/heap.c.obj
[282/997] Building C object esp-idf/newlib/CMakeFiles/__idf_newlib.dir/pthread.c.obj
[283/997] Building C object esp-idf/newlib/CMakeFiles/__idf_newlib.dir/poll.c.obj
[284/997] Building C object esp-idf/newlib/CMakeFiles/__idf_newlib.dir/random.c.obj
[285/997] Building C object esp-idf/newlib/CMakeFiles/__idf_newlib.dir/reent_init.c.obj
[286/997] Building C object esp-idf/newlib/CMakeFiles/__idf_newlib.dir/newlib_init.c.obj
[287/997] Building C object esp-idf/newlib/CMakeFiles/__idf_newlib.dir/locks.c.obj
[288/997] Building C object esp-idf/newlib/CMakeFiles/__idf_newlib.dir/syscalls.c.obj
[289/997] Building C object esp-idf/newlib/CMakeFiles/__idf_newlib.dir/termios.c.obj
[290/997] Building C object esp-idf/newlib/CMakeFiles/__idf_newlib.dir/sysconf.c.obj
[291/997] Building C object esp-idf/newlib/CMakeFiles/__idf_newlib.dir/realpath.c.obj
[292/997] Building C object esp-idf/newlib/CMakeFiles/__idf_newlib.dir/time.c.obj
[293/997] Building C object esp-idf/newlib/CMakeFiles/__idf_newlib.dir/port/esp_time_impl.c.obj
[294/997] Building CXX object esp-idf/nvs_flash/CMakeFiles/__idf_nvs_flash.dir/src/nvs_storage.cpp.obj
[295/997] Building CXX object esp-idf/nvs_flash/CMakeFiles/__idf_nvs_flash.dir/src/nvs_api.cpp.obj
[296/997] Building C object esp-idf/freertos/CMakeFiles/__idf_freertos.dir/heap_idf.c.obj
[297/997] Building C object esp-idf/freertos/CMakeFiles/__idf_freertos.dir/FreeRTOS-Kernel/list.c.obj
[298/997] Building C object esp-idf/freertos/CMakeFiles/__idf_freertos.dir/esp_additions/idf_additions.c.obj
[299/997] Building C object esp-idf/newlib/CMakeFiles/__idf_newlib.dir/stdatomic.c.obj
[300/997] Building CXX object esp-idf/nvs_flash/CMakeFiles/__idf_nvs_flash.dir/src/nvs_partition_manager.cpp.obj
[301/997] Building C object esp-idf/freertos/CMakeFiles/__idf_freertos.dir/FreeRTOS-Kernel/croutine.c.obj
[302/997] Linking C static library esp-idf/nvs_flash/libnvs_flash.a
[303/997] Building C object esp-idf/freertos/CMakeFiles/__idf_freertos.dir/FreeRTOS-openocd.c.obj
[304/997] Building C object esp-idf/freertos/CMakeFiles/__idf_freertos.dir/FreeRTOS-Kernel/event_groups.c.obj
[305/997] Building C object esp-idf/freertos/CMakeFiles/__idf_freertos.dir/app_startup.c.obj
[306/997] Building C object esp-idf/freertos/CMakeFiles/__idf_freertos.dir/FreeRTOS-Kernel/portable/xtensa/port.c.obj
[307/997] Linking C static library esp-idf/esp_event/libesp_event.a
[308/997] Building C object esp-idf/freertos/CMakeFiles/__idf_freertos.dir/FreeRTOS-Kernel/timers.c.obj
[309/997] Building C object esp-idf/freertos/CMakeFiles/__idf_freertos.dir/FreeRTOS-Kernel/stream_buffer.c.obj
[310/997] Building ASM object esp-idf/freertos/CMakeFiles/__idf_freertos.dir/FreeRTOS-Kernel/portable/xtensa/portasm.S.obj
[311/997] Building ASM object esp-idf/freertos/CMakeFiles/__idf_freertos.dir/FreeRTOS-Kernel/portable/xtensa/xtensa_context.S.obj
[312/997] Building CXX object esp-idf/cxx/CMakeFiles/__idf_cxx.dir/cxx_guards.cpp.obj
[313/997] Building C object esp-idf/freertos/CMakeFiles/__idf_freertos.dir/port_common.c.obj
[314/997] Building ASM object esp-idf/freertos/CMakeFiles/__idf_freertos.dir/FreeRTOS-Kernel/portable/xtensa/xtensa_vectors.S.obj
[315/997] Building C object esp-idf/freertos/CMakeFiles/__idf_freertos.dir/FreeRTOS-Kernel/portable/xtensa/xtensa_init.c.obj
[316/997] Building C object esp-idf/freertos/CMakeFiles/__idf_freertos.dir/FreeRTOS-Kernel/portable/port_systick.c.obj
[317/997] Building C object esp-idf/freertos/CMakeFiles/__idf_freertos.dir/esp_additions/freertos_v8_compat.c.obj
[318/997] Linking C static library esp-idf/cxx/libcxx.a
[319/997] Building C object esp-idf/freertos/CMakeFiles/__idf_freertos.dir/FreeRTOS-Kernel/portable/xtensa/xtensa_overlay_os_hook.c.obj
[320/997] Building C object esp-idf/esp_hw_support/CMakeFiles/__idf_esp_hw_support.dir/port/esp32s3/esp_cpu_intr.c.obj
[321/997] Building C object esp-idf/esp_hw_support/CMakeFiles/__idf_esp_hw_support.dir/esp_memory_utils.c.obj
[322/997] Building C object esp-idf/esp_hw_support/CMakeFiles/__idf_esp_hw_support.dir/port/esp32s3/cpu_region_protect.c.obj
[323/997] Linking C static library esp-idf/newlib/libnewlib.a
[324/997] Building C object esp-idf/esp_hw_support/CMakeFiles/__idf_esp_hw_support.dir/cpu.c.obj
[325/997] Building C object esp-idf/esp_hw_support/CMakeFiles/__idf_esp_hw_support.dir/clk_ctrl_os.c.obj
[326/997] Building C object esp-idf/freertos/CMakeFiles/__idf_freertos.dir/FreeRTOS-Kernel/queue.c.obj
[327/997] Building C object esp-idf/esp_hw_support/CMakeFiles/__idf_esp_hw_support.dir/hw_random.c.obj
[328/997] Building C object esp-idf/esp_hw_support/CMakeFiles/__idf_esp_hw_support.dir/esp_clk.c.obj
[329/997] Building C object esp-idf/esp_hw_support/CMakeFiles/__idf_esp_hw_support.dir/revision.c.obj
[330/997] Building C object esp-idf/esp_hw_support/CMakeFiles/__idf_esp_hw_support.dir/mac_addr.c.obj
[331/997] Building C object esp-idf/esp_hw_support/CMakeFiles/__idf_esp_hw_support.dir/periph_ctrl.c.obj
[332/997] Building C object esp-idf/esp_hw_support/CMakeFiles/__idf_esp_hw_support.dir/sleep_console.c.obj
[333/997] Building C object esp-idf/esp_hw_support/CMakeFiles/__idf_esp_hw_support.dir/esp_gpio_reserve.c.obj
[334/997] Building C object esp-idf/esp_hw_support/CMakeFiles/__idf_esp_hw_support.dir/sleep_event.c.obj
[335/997] Building C object esp-idf/esp_hw_support/CMakeFiles/__idf_esp_hw_support.dir/sleep_modem.c.obj
[336/997] Building C object esp-idf/esp_hw_support/CMakeFiles/__idf_esp_hw_support.dir/rtc_module.c.obj
[337/997] Building C object esp-idf/esp_hw_support/CMakeFiles/__idf_esp_hw_support.dir/regi2c_ctrl.c.obj
[338/997] Building C object esp-idf/esp_hw_support/CMakeFiles/__idf_esp_hw_support.dir/port/esp32s3/io_mux.c.obj
[339/997] Building C object esp-idf/esp_hw_support/CMakeFiles/__idf_esp_hw_support.dir/sleep_gpio.c.obj
[340/997] Building C object esp-idf/esp_hw_support/CMakeFiles/__idf_esp_hw_support.dir/sar_periph_ctrl_common.c.obj
[341/997] Building C object esp-idf/esp_hw_support/CMakeFiles/__idf_esp_hw_support.dir/port/esp_clk_tree_common.c.obj
[342/997] Building C object esp-idf/esp_hw_support/CMakeFiles/__idf_esp_hw_support.dir/port/esp32s3/esp_clk_tree.c.obj
[343/997] Building C object esp-idf/esp_hw_support/CMakeFiles/__idf_esp_hw_support.dir/intr_alloc.c.obj
[344/997] Building C object esp-idf/esp_hw_support/CMakeFiles/__idf_esp_hw_support.dir/adc_share_hw_ctrl.c.obj
[345/997] Building C object esp-idf/esp_hw_support/CMakeFiles/__idf_esp_hw_support.dir/port/esp32s3/systimer.c.obj
[346/997] Building C object esp-idf/esp_hw_support/CMakeFiles/__idf_esp_hw_support.dir/dma/async_memcpy_impl_gdma.c.obj
[347/997] Building C object esp-idf/esp_hw_support/CMakeFiles/__idf_esp_hw_support.dir/esp_hmac.c.obj
[348/997] Building C object esp-idf/esp_hw_support/CMakeFiles/__idf_esp_hw_support.dir/dma/esp_async_memcpy.c.obj
[349/997] Building C object esp-idf/esp_hw_support/CMakeFiles/__idf_esp_hw_support.dir/esp_ds.c.obj
[350/997] Building C object esp-idf/esp_hw_support/CMakeFiles/__idf_esp_hw_support.dir/port/esp32s3/mspi_timing_config.c.obj
[351/997] Building C object esp-idf/esp_hw_support/CMakeFiles/__idf_esp_hw_support.dir/sleep_cpu.c.obj
[352/997] Building C object esp-idf/esp_hw_support/CMakeFiles/__idf_esp_hw_support.dir/mspi_timing_tuning.c.obj
[353/997] Building C object esp-idf/esp_hw_support/CMakeFiles/__idf_esp_hw_support.dir/sleep_wake_stub.c.obj
[354/997] Building C object esp-idf/esp_hw_support/CMakeFiles/__idf_esp_hw_support.dir/port/esp32s3/rtc_clk_init.c.obj
[355/997] Building C object esp-idf/esp_hw_support/CMakeFiles/__idf_esp_hw_support.dir/port/esp32s3/chip_info.c.obj
[356/997] Building C object esp-idf/esp_hw_support/CMakeFiles/__idf_esp_hw_support.dir/port/esp32s3/esp_crypto_lock.c.obj
[357/997] Building C object esp-idf/esp_hw_support/CMakeFiles/__idf_esp_hw_support.dir/port/esp32s3/rtc_time.c.obj
[358/997] Building C object esp-idf/esp_hw_support/CMakeFiles/__idf_esp_hw_support.dir/port/esp32s3/rtc_sleep.c.obj
[359/997] Building C object esp-idf/esp_hw_support/CMakeFiles/__idf_esp_hw_support.dir/port/esp32s3/rtc_init.c.obj
[360/997] Building C object esp-idf/freertos/CMakeFiles/__idf_freertos.dir/FreeRTOS-Kernel/tasks.c.obj
[361/997] Building C object esp-idf/soc/CMakeFiles/__idf_soc.dir/lldesc.c.obj
[362/997] Building C object esp-idf/soc/CMakeFiles/__idf_soc.dir/dport_access_common.c.obj
[363/997] Building C object esp-idf/esp_hw_support/CMakeFiles/__idf_esp_hw_support.dir/port/esp32s3/rtc_clk.c.obj
[364/997] Building C object esp-idf/soc/CMakeFiles/__idf_soc.dir/esp32s3/interrupts.c.obj
[365/997] Building C object esp-idf/esp_hw_support/CMakeFiles/__idf_esp_hw_support.dir/port/esp_memprot_conv.c.obj
[366/997] Building C object esp-idf/esp_hw_support/CMakeFiles/__idf_esp_hw_support.dir/port/esp32s3/sar_periph_ctrl.c.obj
[367/997] Building C object esp-idf/soc/CMakeFiles/__idf_soc.dir/esp32s3/gpio_periph.c.obj
[368/997] Building C object esp-idf/soc/CMakeFiles/__idf_soc.dir/esp32s3/uart_periph.c.obj
[369/997] Building C object esp-idf/soc/CMakeFiles/__idf_soc.dir/esp32s3/adc_periph.c.obj
[370/997] Building C object esp-idf/soc/CMakeFiles/__idf_soc.dir/esp32s3/dedic_gpio_periph.c.obj
[371/997] Building C object esp-idf/soc/CMakeFiles/__idf_soc.dir/esp32s3/gdma_periph.c.obj
[372/997] Linking C static library esp-idf/freertos/libfreertos.a
[373/997] Building C object esp-idf/soc/CMakeFiles/__idf_soc.dir/esp32s3/rmt_periph.c.obj
[374/997] Building C object esp-idf/soc/CMakeFiles/__idf_soc.dir/esp32s3/ledc_periph.c.obj
[375/997] Building C object esp-idf/soc/CMakeFiles/__idf_soc.dir/esp32s3/spi_periph.c.obj
[376/997] Building C object esp-idf/soc/CMakeFiles/__idf_soc.dir/esp32s3/sdm_periph.c.obj
[377/997] Building C object esp-idf/soc/CMakeFiles/__idf_soc.dir/esp32s3/pcnt_periph.c.obj
[378/997] Building C object esp-idf/soc/CMakeFiles/__idf_soc.dir/esp32s3/i2s_periph.c.obj
[379/997] Building C object esp-idf/soc/CMakeFiles/__idf_soc.dir/esp32s3/temperature_sensor_periph.c.obj
[380/997] Building C object esp-idf/soc/CMakeFiles/__idf_soc.dir/esp32s3/i2c_periph.c.obj
[381/997] Building C object esp-idf/esp_hw_support/CMakeFiles/__idf_esp_hw_support.dir/dma/gdma.c.obj
[382/997] Building C object esp-idf/soc/CMakeFiles/__idf_soc.dir/esp32s3/lcd_periph.c.obj
[383/997] Building C object esp-idf/soc/CMakeFiles/__idf_soc.dir/esp32s3/sdmmc_periph.c.obj
[384/997] Building C object esp-idf/soc/CMakeFiles/__idf_soc.dir/esp32s3/mcpwm_periph.c.obj
[385/997] Building C object esp-idf/soc/CMakeFiles/__idf_soc.dir/esp32s3/timer_periph.c.obj
[386/997] Building C object esp-idf/esp_hw_support/CMakeFiles/__idf_esp_hw_support.dir/sleep_modes.c.obj
[387/997] Building C object esp-idf/soc/CMakeFiles/__idf_soc.dir/esp32s3/usb_dwc_periph.c.obj
[388/997] Building C object esp-idf/soc/CMakeFiles/__idf_soc.dir/esp32s3/twai_periph.c.obj
[389/997] Building C object esp-idf/soc/CMakeFiles/__idf_soc.dir/esp32s3/usb_periph.c.obj
[390/997] Building C object esp-idf/soc/CMakeFiles/__idf_soc.dir/esp32s3/touch_sensor_periph.c.obj
[391/997] Building C object esp-idf/soc/CMakeFiles/__idf_soc.dir/esp32s3/rtc_io_periph.c.obj
[392/997] Building C object esp-idf/heap/CMakeFiles/__idf_heap.dir/port/esp32s3/memory_layout.c.obj
[393/997] Building C object esp-idf/heap/CMakeFiles/__idf_heap.dir/port/memory_layout_utils.c.obj
[394/997] Building C object esp-idf/log/CMakeFiles/__idf_log.dir/log_buffers.c.obj
[395/997] Building C object esp-idf/log/CMakeFiles/__idf_log.dir/log.c.obj
[396/997] Building C object esp-idf/heap/CMakeFiles/__idf_heap.dir/heap_caps_base.c.obj
[397/997] Building C object esp-idf/heap/CMakeFiles/__idf_heap.dir/heap_caps_init.c.obj
[398/997] Building C object esp-idf/hal/CMakeFiles/__idf_hal.dir/mpu_hal.c.obj
[399/997] Building C object esp-idf/heap/CMakeFiles/__idf_heap.dir/multi_heap.c.obj
[400/997] Building C object esp-idf/heap/CMakeFiles/__idf_heap.dir/heap_caps.c.obj
[401/997] Building C object esp-idf/hal/CMakeFiles/__idf_hal.dir/efuse_hal.c.obj
[402/997] Building C object esp-idf/log/CMakeFiles/__idf_log.dir/log_freertos.c.obj
[403/997] Building C object esp-idf/hal/CMakeFiles/__idf_hal.dir/esp32s3/efuse_hal.c.obj
[404/997] Building C object esp-idf/hal/CMakeFiles/__idf_hal.dir/cache_hal.c.obj
[405/997] Building C object esp-idf/hal/CMakeFiles/__idf_hal.dir/gpio_hal.c.obj
[406/997] Building C object esp-idf/hal/CMakeFiles/__idf_hal.dir/mmu_hal.c.obj
[407/997] Building C object esp-idf/hal/CMakeFiles/__idf_hal.dir/rtc_io_hal.c.obj
[408/997] Building C object esp-idf/hal/CMakeFiles/__idf_hal.dir/uart_hal_iram.c.obj
[409/997] Building C object esp-idf/hal/CMakeFiles/__idf_hal.dir/esp32s3/clk_tree_hal.c.obj
[410/997] Building C object esp-idf/hal/CMakeFiles/__idf_hal.dir/adc_oneshot_hal.c.obj
[411/997] Building C object esp-idf/hal/CMakeFiles/__idf_hal.dir/uart_hal.c.obj
[412/997] Building C object esp-idf/hal/CMakeFiles/__idf_hal.dir/adc_hal_common.c.obj
[413/997] Building C object esp-idf/hal/CMakeFiles/__idf_hal.dir/spi_flash_hal.c.obj
[414/997] Building C object esp-idf/hal/CMakeFiles/__idf_hal.dir/spi_flash_encrypt_hal_iram.c.obj
[415/997] Building C object esp-idf/hal/CMakeFiles/__idf_hal.dir/systimer_hal.c.obj
[416/997] Building C object esp-idf/hal/CMakeFiles/__idf_hal.dir/timer_hal.c.obj
[417/997] Building C object esp-idf/esp_hw_support/CMakeFiles/__idf_esp_hw_support.dir/port/esp32s3/esp_memprot.c.obj
[418/997] Building C object esp-idf/hal/CMakeFiles/__idf_hal.dir/spi_flash_hal_iram.c.obj
[419/997] Building C object esp-idf/hal/CMakeFiles/__idf_hal.dir/ledc_hal.c.obj
[420/997] Building C object esp-idf/hal/CMakeFiles/__idf_hal.dir/rmt_hal.c.obj
[421/997] Building C object esp-idf/hal/CMakeFiles/__idf_hal.dir/ledc_hal_iram.c.obj
[422/997] Building C object esp-idf/hal/CMakeFiles/__idf_hal.dir/i2c_hal_iram.c.obj
[423/997] Building C object esp-idf/hal/CMakeFiles/__idf_hal.dir/pcnt_hal.c.obj
[424/997] Building C object esp-idf/hal/CMakeFiles/__idf_hal.dir/i2c_hal.c.obj
[425/997] Building C object esp-idf/heap/CMakeFiles/__idf_heap.dir/tlsf/tlsf.c.obj
[426/997] Building C object esp-idf/hal/CMakeFiles/__idf_hal.dir/gdma_hal.c.obj
[427/997] Building C object esp-idf/hal/CMakeFiles/__idf_hal.dir/twai_hal_iram.c.obj
[428/997] Building C object esp-idf/hal/CMakeFiles/__idf_hal.dir/twai_hal.c.obj
[429/997] Building C object esp-idf/hal/CMakeFiles/__idf_hal.dir/mcpwm_hal.c.obj
[430/997] Building C object esp-idf/hal/CMakeFiles/__idf_hal.dir/sdm_hal.c.obj
[431/997] Building C object esp-idf/hal/CMakeFiles/__idf_hal.dir/lcd_hal.c.obj
[432/997] Building C object esp-idf/hal/CMakeFiles/__idf_hal.dir/brownout_hal.c.obj
[433/997] Building C object esp-idf/hal/CMakeFiles/__idf_hal.dir/adc_hal.c.obj
[434/997] Building C object esp-idf/hal/CMakeFiles/__idf_hal.dir/aes_hal.c.obj
[435/997] Building C object esp-idf/hal/CMakeFiles/__idf_hal.dir/sha_hal.c.obj
[436/997] Building C object esp-idf/hal/CMakeFiles/__idf_hal.dir/i2s_hal.c.obj
[437/997] Linking C static library esp-idf/esp_hw_support/libesp_hw_support.a
[438/997] Building C object esp-idf/hal/CMakeFiles/__idf_hal.dir/spi_slave_hal.c.obj
[439/997] Building C object esp-idf/hal/CMakeFiles/__idf_hal.dir/spi_slave_hal_iram.c.obj
[440/997] Building C object esp-idf/hal/CMakeFiles/__idf_hal.dir/spi_hal.c.obj
[441/997] Building C object esp-idf/hal/CMakeFiles/__idf_hal.dir/spi_hal_iram.c.obj
[442/997] Building C object esp-idf/hal/CMakeFiles/__idf_hal.dir/usb_serial_jtag_hal.c.obj
[443/997] Building C object esp-idf/hal/CMakeFiles/__idf_hal.dir/usb_wrap_hal.c.obj
[444/997] Building C object esp-idf/hal/CMakeFiles/__idf_hal.dir/ds_hal.c.obj
[445/997] Building C object esp-idf/hal/CMakeFiles/__idf_hal.dir/hmac_hal.c.obj
[446/997] Building C object esp-idf/esp_rom/CMakeFiles/__idf_esp_rom.dir/patches/esp_rom_crc.c.obj
[447/997] Linking C static library esp-idf/soc/libsoc.a
[448/997] Building C object esp-idf/hal/CMakeFiles/__idf_hal.dir/touch_sensor_hal.c.obj
[449/997] Building C object esp-idf/hal/CMakeFiles/__idf_hal.dir/xt_wdt_hal.c.obj
[450/997] Building C object esp-idf/esp_rom/CMakeFiles/__idf_esp_rom.dir/patches/esp_rom_sys.c.obj
[451/997] Building C object esp-idf/esp_rom/CMakeFiles/__idf_esp_rom.dir/patches/esp_rom_gpio.c.obj
[452/997] Building C object esp-idf/esp_rom/CMakeFiles/__idf_esp_rom.dir/patches/esp_rom_efuse.c.obj
[453/997] Building C object esp-idf/esp_rom/CMakeFiles/__idf_esp_rom.dir/patches/esp_rom_uart.c.obj
[454/997] Linking C static library esp-idf/heap/libheap.a
[455/997] Building C object esp-idf/esp_rom/CMakeFiles/__idf_esp_rom.dir/patches/esp_rom_spiflash.c.obj
[456/997] Building ASM object esp-idf/esp_rom/CMakeFiles/__idf_esp_rom.dir/patches/esp_rom_longjmp.S.obj
[457/997] Building C object esp-idf/esp_rom/CMakeFiles/__idf_esp_rom.dir/patches/esp_rom_systimer.c.obj
[458/997] Building C object esp-idf/hal/CMakeFiles/__idf_hal.dir/esp32s3/touch_sensor_hal.c.obj
[459/997] Building C object esp-idf/esp_rom/CMakeFiles/__idf_esp_rom.dir/patches/esp_rom_wdt.c.obj
[460/997] Building C object esp-idf/hal/CMakeFiles/__idf_hal.dir/esp32s3/rtc_cntl_hal.c.obj
[461/997] Linking C static library esp-idf/log/liblog.a
[462/997] Building ASM object esp-idf/esp_rom/CMakeFiles/__idf_esp_rom.dir/patches/esp_rom_cache_writeback_esp32s3.S.obj
[463/997] Building C object esp-idf/hal/CMakeFiles/__idf_hal.dir/spi_flash_hal_gpspi.c.obj
[464/997] Building C object esp-idf/esp_rom/CMakeFiles/__idf_esp_rom.dir/patches/esp_rom_cache_esp32s2_esp32s3.c.obj
[465/997] Building C object esp-idf/hal/CMakeFiles/__idf_hal.dir/usb_dwc_hal.c.obj
[466/997] Building C object esp-idf/esp_system/CMakeFiles/__idf_esp_system.dir/esp_err.c.obj
[467/997] Building C object esp-idf/hal/CMakeFiles/__idf_hal.dir/spi_slave_hd_hal.c.obj
[468/997] Building C object esp-idf/esp_system/CMakeFiles/__idf_esp_system.dir/crosscore_int.c.obj
[469/997] Building C object esp-idf/esp_system/CMakeFiles/__idf_esp_system.dir/esp_system.c.obj
[470/997] Building C object esp-idf/esp_system/CMakeFiles/__idf_esp_system.dir/esp_ipc.c.obj
[471/997] Building C object esp-idf/esp_system/CMakeFiles/__idf_esp_system.dir/freertos_hooks.c.obj
[472/997] Building C object esp-idf/esp_system/CMakeFiles/__idf_esp_system.dir/system_time.c.obj
[473/997] Building C object esp-idf/esp_system/CMakeFiles/__idf_esp_system.dir/stack_check.c.obj
[474/997] Building C object esp-idf/esp_system/CMakeFiles/__idf_esp_system.dir/int_wdt.c.obj
[475/997] Building C object esp-idf/esp_system/CMakeFiles/__idf_esp_system.dir/debug_stubs.c.obj
[476/997] Building C object esp-idf/esp_system/CMakeFiles/__idf_esp_system.dir/ubsan.c.obj
[477/997] Building C object esp-idf/esp_system/CMakeFiles/__idf_esp_system.dir/panic.c.obj
[478/997] Building C object esp-idf/esp_system/CMakeFiles/__idf_esp_system.dir/xt_wdt.c.obj
[479/997] Building C object esp-idf/esp_system/CMakeFiles/__idf_esp_system.dir/task_wdt/task_wdt_impl_timergroup.c.obj
[480/997] Linking C static library esp-idf/hal/libhal.a
[481/997] Building C object esp-idf/esp_system/CMakeFiles/__idf_esp_system.dir/port/panic_handler.c.obj
[482/997] Building ASM object esp-idf/esp_system/CMakeFiles/__idf_esp_system.dir/port/soc/esp32s3/highint_hdl.S.obj
[483/997] Building C object esp-idf/esp_system/CMakeFiles/__idf_esp_system.dir/port/cpu_start.c.obj
[484/997] Building C object esp-idf/esp_system/CMakeFiles/__idf_esp_system.dir/startup.c.obj
[485/997] Building C object esp-idf/esp_system/CMakeFiles/__idf_esp_system.dir/port/esp_system_chip.c.obj
[486/997] Building C object esp-idf/esp_system/CMakeFiles/__idf_esp_system.dir/port/brownout.c.obj
[487/997] Linking C static library esp-idf/esp_rom/libesp_rom.a
[488/997] Building ASM object esp-idf/esp_system/CMakeFiles/__idf_esp_system.dir/port/arch/xtensa/panic_handler_asm.S.obj
[489/997] Building C object esp-idf/esp_system/CMakeFiles/__idf_esp_system.dir/task_wdt/task_wdt.c.obj
[490/997] Building C object esp-idf/esp_system/CMakeFiles/__idf_esp_system.dir/port/soc/esp32s3/cache_err_int.c.obj
[491/997] Building C object esp-idf/esp_system/CMakeFiles/__idf_esp_system.dir/port/soc/esp32s3/reset_reason.c.obj
[492/997] Building C object esp-idf/esp_system/CMakeFiles/__idf_esp_system.dir/port/soc/esp32s3/clk.c.obj
[493/997] Building ASM object esp-idf/esp_system/CMakeFiles/__idf_esp_system.dir/port/arch/xtensa/expression_with_stack_asm.S.obj
[494/997] Building C object esp-idf/esp_system/CMakeFiles/__idf_esp_system.dir/port/soc/esp32s3/apb_backup_dma.c.obj
[495/997] Building C object esp-idf/esp_system/CMakeFiles/__idf_esp_system.dir/port/soc/esp32s3/system_internal.c.obj
[496/997] Building ASM object esp-idf/esp_system/CMakeFiles/__idf_esp_system.dir/port/arch/xtensa/debug_helpers_asm.S.obj
[497/997] Building C object esp-idf/esp_system/CMakeFiles/__idf_esp_system.dir/port/arch/xtensa/panic_arch.c.obj
[498/997] Building C object esp-idf/esp_system/CMakeFiles/__idf_esp_system.dir/port/arch/xtensa/expression_with_stack.c.obj
[499/997] Building C object esp-idf/esp_system/CMakeFiles/__idf_esp_system.dir/port/arch/xtensa/debug_stubs.c.obj
[500/997] Building ASM object esp-idf/esp_system/CMakeFiles/__idf_esp_system.dir/port/arch/xtensa/esp_ipc_isr_handler.S.obj
[501/997] Building ASM object esp-idf/esp_system/CMakeFiles/__idf_esp_system.dir/port/arch/xtensa/esp_ipc_isr_routines.S.obj
[502/997] Building C object esp-idf/esp_system/CMakeFiles/__idf_esp_system.dir/port/arch/xtensa/trax.c.obj
[503/997] Building C object esp-idf/spi_flash/CMakeFiles/__idf_spi_flash.dir/flash_brownout_hook.c.obj
[504/997] Building C object esp-idf/esp_system/CMakeFiles/__idf_esp_system.dir/port/arch/xtensa/debug_helpers.c.obj
[505/997] Building C object esp-idf/esp_common/CMakeFiles/__idf_esp_common.dir/src/esp_err_to_name.c.obj
[506/997] Building C object esp-idf/pthread/CMakeFiles/__idf_pthread.dir/pthread_local_storage.c.obj
[507/997] Building C object esp-idf/spi_flash/CMakeFiles/__idf_spi_flash.dir/spi_flash_hpm_enable.c.obj
[508/997] Building C object esp-idf/spi_flash/CMakeFiles/__idf_spi_flash.dir/spi_flash_chip_drivers.c.obj
[509/997] Building C object esp-idf/pthread/CMakeFiles/__idf_pthread.dir/pthread_semaphore.c.obj
[510/997] Building C object esp-idf/esp_system/CMakeFiles/__idf_esp_system.dir/port/arch/xtensa/esp_ipc_isr.c.obj
[511/997] Building C object esp-idf/spi_flash/CMakeFiles/__idf_spi_flash.dir/esp32s3/spi_flash_oct_flash_init.c.obj
[512/997] Building C object esp-idf/pthread/CMakeFiles/__idf_pthread.dir/pthread_cond_var.c.obj
[513/997] Building C object esp-idf/pthread/CMakeFiles/__idf_pthread.dir/pthread_rwlock.c.obj
[514/997] Linking C static library esp-idf/esp_common/libesp_common.a
[515/997] Building C object esp-idf/spi_flash/CMakeFiles/__idf_spi_flash.dir/spi_flash_chip_issi.c.obj
[516/997] Building C object esp-idf/spi_flash/CMakeFiles/__idf_spi_flash.dir/spi_flash_chip_boya.c.obj
[517/997] Building C object esp-idf/spi_flash/CMakeFiles/__idf_spi_flash.dir/spi_flash_chip_th.c.obj
[518/997] Building C object esp-idf/spi_flash/CMakeFiles/__idf_spi_flash.dir/spi_flash_chip_mxic.c.obj
[519/997] Building C object esp-idf/spi_flash/CMakeFiles/__idf_spi_flash.dir/spi_flash_chip_gd.c.obj
[520/997] Building C object esp-idf/spi_flash/CMakeFiles/__idf_spi_flash.dir/spi_flash_chip_winbond.c.obj
[521/997] Building C object esp-idf/pthread/CMakeFiles/__idf_pthread.dir/pthread.c.obj
[522/997] Linking C static library esp-idf/esp_system/libesp_system.a
[523/997] Building C object esp-idf/spi_flash/CMakeFiles/__idf_spi_flash.dir/memspi_host_driver.c.obj
[524/997] Building C object esp-idf/spi_flash/CMakeFiles/__idf_spi_flash.dir/spi_flash_chip_mxic_opi.c.obj
[525/997] Building C object esp-idf/spi_flash/CMakeFiles/__idf_spi_flash.dir/spi_flash_wrap.c.obj
[526/997] Building C object esp-idf/spi_flash/CMakeFiles/__idf_spi_flash.dir/flash_mmap.c.obj
[527/997] Building C object esp-idf/spi_flash/CMakeFiles/__idf_spi_flash.dir/spi_flash_chip_generic.c.obj
[528/997] Linking C static library esp-idf/pthread/libpthread.a
[529/997] Building C object esp-idf/spi_flash/CMakeFiles/__idf_spi_flash.dir/flash_ops.c.obj
[530/997] Building C object esp-idf/spi_flash/CMakeFiles/__idf_spi_flash.dir/spi_flash_os_func_noos.c.obj
[531/997] Building C object esp-idf/spi_flash/CMakeFiles/__idf_spi_flash.dir/esp_flash_spi_init.c.obj
[532/997] Building C object esp-idf/esp_mm/CMakeFiles/__idf_esp_mm.dir/port/esp32s3/ext_mem_layout.c.obj
[533/997] Building C object esp-idf/spi_flash/CMakeFiles/__idf_spi_flash.dir/spi_flash_os_func_app.c.obj
[534/997] Building C object esp-idf/spi_flash/CMakeFiles/__idf_spi_flash.dir/cache_utils.c.obj
[535/997] Building C object esp-idf/esp_mm/CMakeFiles/__idf_esp_mm.dir/esp_cache.c.obj
[536/997] Building C object esp-idf/app_update/CMakeFiles/__idf_app_update.dir/esp_ota_app_desc.c.obj
[537/997] Building C object esp-idf/bootloader_support/CMakeFiles/__idf_bootloader_support.dir/src/bootloader_clock_init.c.obj
[538/997] Building C object esp-idf/esp_partition/CMakeFiles/__idf_esp_partition.dir/partition_target.c.obj
[539/997] Building C object esp-idf/bootloader_support/CMakeFiles/__idf_bootloader_support.dir/src/bootloader_mem.c.obj
[540/997] Building C object esp-idf/esp_partition/CMakeFiles/__idf_esp_partition.dir/partition.c.obj
[541/997] Building C object esp-idf/bootloader_support/CMakeFiles/__idf_bootloader_support.dir/src/bootloader_random.c.obj
[542/997] Building C object esp-idf/bootloader_support/CMakeFiles/__idf_bootloader_support.dir/src/bootloader_random_esp32s3.c.obj
[543/997] Building C object esp-idf/bootloader_support/CMakeFiles/__idf_bootloader_support.dir/src/bootloader_common.c.obj
[544/997] Building C object esp-idf/bootloader_support/CMakeFiles/__idf_bootloader_support.dir/src/bootloader_common_loader.c.obj
[545/997] Building C object esp-idf/bootloader_support/CMakeFiles/__idf_bootloader_support.dir/src/bootloader_efuse.c.obj
[546/997] Building C object esp-idf/spi_flash/CMakeFiles/__idf_spi_flash.dir/esp_flash_api.c.obj
[547/997] Building C object esp-idf/bootloader_support/CMakeFiles/__idf_bootloader_support.dir/src/flash_encrypt.c.obj
[548/997] Building C object esp-idf/bootloader_support/CMakeFiles/__idf_bootloader_support.dir/src/secure_boot.c.obj
[549/997] Building C object esp-idf/bootloader_support/CMakeFiles/__idf_bootloader_support.dir/src/flash_partitions.c.obj
[550/997] Building C object esp-idf/esp_mm/CMakeFiles/__idf_esp_mm.dir/esp_mmu_map.c.obj
[551/997] Building C object esp-idf/app_update/CMakeFiles/__idf_app_update.dir/esp_ota_ops.c.obj
[552/997] Building C object esp-idf/bootloader_support/CMakeFiles/__idf_bootloader_support.dir/bootloader_flash/src/bootloader_flash_config_esp32s3.c.obj
[553/997] Linking C static library esp-idf/spi_flash/libspi_flash.a
[554/997] Building C object esp-idf/bootloader_support/CMakeFiles/__idf_bootloader_support.dir/bootloader_flash/src/flash_qio_mode.c.obj
[555/997] Building C object esp-idf/esp_app_format/CMakeFiles/__idf_esp_app_format.dir/esp_app_desc.c.obj
[556/997] Building C object esp-idf/mbedtls/mbedtls/library/CMakeFiles/mbedtls.dir/debug.c.obj
[557/997] Building C object esp-idf/mbedtls/mbedtls/library/CMakeFiles/mbedtls.dir/mps_reader.c.obj
[558/997] Building C object esp-idf/bootloader_support/CMakeFiles/__idf_bootloader_support.dir/src/idf/bootloader_sha.c.obj
[559/997] Building C object esp-idf/mbedtls/mbedtls/library/CMakeFiles/mbedtls.dir/mps_trace.c.obj
[560/997] Linking C static library esp-idf/esp_mm/libesp_mm.a
[561/997] Building C object esp-idf/bootloader_support/CMakeFiles/__idf_bootloader_support.dir/bootloader_flash/src/bootloader_flash.c.obj
[562/997] Linking C static library esp-idf/app_update/libapp_update.a
[563/997] Building C object esp-idf/mbedtls/mbedtls/library/CMakeFiles/mbedtls.dir/ssl_debug_helpers_generated.c.obj
[564/997] Building C object esp-idf/mbedtls/mbedtls/library/CMakeFiles/mbedtls.dir/ssl_cookie.c.obj
[565/997] Linking C static library esp-idf/esp_partition/libesp_partition.a
[566/997] Building C object esp-idf/bootloader_support/CMakeFiles/__idf_bootloader_support.dir/src/esp_image_format.c.obj
[567/997] Building C object esp-idf/mbedtls/mbedtls/library/CMakeFiles/mbedtls.dir/ssl_cache.c.obj
[568/997] Building C object esp-idf/mbedtls/mbedtls/library/CMakeFiles/mbedtls.dir/ssl_ciphersuites.c.obj
[569/997] Building C object esp-idf/mbedtls/mbedtls/library/CMakeFiles/mbedtls.dir/ssl_ticket.c.obj
[570/997] Building C object esp-idf/mbedtls/mbedtls/library/CMakeFiles/mbedtls.dir/ssl_tls13_keys.c.obj
[571/997] Building C object esp-idf/mbedtls/mbedtls/library/CMakeFiles/mbedtls.dir/ssl_tls13_server.c.obj
[572/997] Building C object esp-idf/mbedtls/mbedtls/library/CMakeFiles/mbedtls.dir/ssl_tls13_client.c.obj
[573/997] Building C object esp-idf/bootloader_support/CMakeFiles/__idf_bootloader_support.dir/src/bootloader_utility.c.obj
[574/997] Building C object esp-idf/mbedtls/mbedtls/library/CMakeFiles/mbedtls.dir/ssl_client.c.obj
[575/997] Building C object esp-idf/mbedtls/mbedtls/library/CMakeFiles/mbedtls.dir/ssl_tls13_generic.c.obj
[576/997] Building C object esp-idf/mbedtls/mbedtls/library/CMakeFiles/mbedtls.dir/Users/lojaws/.platformio/packages/framework-espidf/components/mbedtls/port/esp_platform_time.c.obj
[577/997] Building C object esp-idf/mbedtls/mbedtls/library/CMakeFiles/mbedtls.dir/Users/lojaws/.platformio/packages/framework-espidf/components/mbedtls/port/mbedtls_debug.c.obj
[578/997] Linking C static library esp-idf/bootloader_support/libbootloader_support.a
[579/997] Linking C static library esp-idf/esp_app_format/libesp_app_format.a
[580/997] Building C object esp-idf/mbedtls/mbedtls/library/CMakeFiles/mbedx509.dir/pkcs7.c.obj
[581/997] Building C object esp-idf/mbedtls/mbedtls/library/CMakeFiles/mbedx509.dir/x509_crl.c.obj
[582/997] Building C object esp-idf/mbedtls/mbedtls/library/CMakeFiles/mbedtls.dir/Users/lojaws/.platformio/packages/framework-espidf/components/mbedtls/port/net_sockets.c.obj
[583/997] Building C object esp-idf/mbedtls/mbedtls/library/CMakeFiles/mbedx509.dir/x509_create.c.obj
[584/997] Building C object esp-idf/mbedtls/mbedtls/library/CMakeFiles/mbedtls.dir/ssl_tls12_client.c.obj
[585/997] Building C object esp-idf/mbedtls/mbedtls/library/CMakeFiles/mbedtls.dir/ssl_msg.c.obj
[586/997] Building C object esp-idf/mbedtls/mbedtls/library/CMakeFiles/mbedx509.dir/x509write.c.obj
[587/997] Building C object esp-idf/mbedtls/mbedtls/library/CMakeFiles/mbedx509.dir/x509_csr.c.obj
[588/997] Building C object esp-idf/mbedtls/mbedtls/library/CMakeFiles/mbedx509.dir/x509write_csr.c.obj
[589/997] Building C object esp-idf/mbedtls/mbedtls/library/CMakeFiles/mbedcrypto.dir/aesni.c.obj
[590/997] Building C object esp-idf/mbedtls/mbedtls/library/CMakeFiles/mbedtls.dir/ssl_tls12_server.c.obj
[591/997] Building C object esp-idf/mbedtls/mbedtls/library/CMakeFiles/mbedx509.dir/x509write_crt.c.obj
[592/997] Building C object esp-idf/mbedtls/mbedtls/library/CMakeFiles/mbedcrypto.dir/aesce.c.obj
[593/997] Building C object esp-idf/mbedtls/mbedtls/library/CMakeFiles/mbedcrypto.dir/aes.c.obj
[594/997] Building C object esp-idf/mbedtls/mbedtls/library/CMakeFiles/mbedx509.dir/x509.c.obj
[595/997] Building C object esp-idf/mbedtls/mbedtls/library/CMakeFiles/mbedcrypto.dir/asn1parse.c.obj
[596/997] Building C object esp-idf/mbedtls/mbedtls/library/CMakeFiles/mbedcrypto.dir/base64.c.obj
[597/997] Building C object esp-idf/mbedtls/mbedtls/library/CMakeFiles/mbedcrypto.dir/asn1write.c.obj
[598/997] Building C object esp-idf/mbedtls/mbedtls/library/CMakeFiles/mbedcrypto.dir/bignum_mod.c.obj
[599/997] Building C object esp-idf/mbedtls/mbedtls/library/CMakeFiles/mbedcrypto.dir/bignum_mod_raw.c.obj
[600/997] Building C object esp-idf/mbedtls/mbedtls/library/CMakeFiles/mbedcrypto.dir/aria.c.obj
[601/997] Building C object esp-idf/mbedtls/mbedtls/library/CMakeFiles/mbedcrypto.dir/camellia.c.obj
[602/997] Building C object esp-idf/mbedtls/mbedtls/library/CMakeFiles/mbedcrypto.dir/bignum_core.c.obj
[603/997] Building C object esp-idf/mbedtls/mbedtls/library/CMakeFiles/mbedcrypto.dir/block_cipher.c.obj
[604/997] Building C object esp-idf/mbedtls/mbedtls/library/CMakeFiles/mbedcrypto.dir/chacha20.c.obj
[605/997] Building C object esp-idf/mbedtls/mbedtls/library/CMakeFiles/mbedcrypto.dir/chachapoly.c.obj
[606/997] Building C object esp-idf/mbedtls/mbedtls/library/CMakeFiles/mbedcrypto.dir/constant_time.c.obj
[607/997] Building C object esp-idf/mbedtls/mbedtls/library/CMakeFiles/mbedcrypto.dir/cipher_wrap.c.obj
[608/997] Building C object esp-idf/mbedtls/mbedtls/library/CMakeFiles/mbedcrypto.dir/ccm.c.obj
[609/997] Building C object esp-idf/mbedtls/mbedtls/library/CMakeFiles/mbedcrypto.dir/des.c.obj
[610/997] Building C object esp-idf/mbedtls/mbedtls/library/CMakeFiles/mbedcrypto.dir/dhm.c.obj
[611/997] Building C object esp-idf/mbedtls/mbedtls/library/CMakeFiles/mbedcrypto.dir/cmac.c.obj
[612/997] Building C object esp-idf/mbedtls/mbedtls/library/CMakeFiles/mbedcrypto.dir/ecjpake.c.obj
[613/997] Building C object esp-idf/mbedtls/mbedtls/library/CMakeFiles/mbedcrypto.dir/ctr_drbg.c.obj
[614/997] Building C object esp-idf/mbedtls/mbedtls/library/CMakeFiles/mbedcrypto.dir/ecdh.c.obj
[615/997] Building C object esp-idf/mbedtls/mbedtls/library/CMakeFiles/mbedcrypto.dir/ecdsa.c.obj
[616/997] Building C object esp-idf/mbedtls/mbedtls/library/CMakeFiles/mbedcrypto.dir/ecp_curves_new.c.obj
[617/997] Building C object esp-idf/mbedtls/mbedtls/library/CMakeFiles/mbedtls.dir/ssl_tls.c.obj
[618/997] Building C object esp-idf/mbedtls/mbedtls/library/CMakeFiles/mbedcrypto.dir/cipher.c.obj
[619/997] Building C object esp-idf/mbedtls/mbedtls/library/CMakeFiles/mbedcrypto.dir/entropy.c.obj
[620/997] Building C object esp-idf/mbedtls/mbedtls/library/CMakeFiles/mbedcrypto.dir/entropy_poll.c.obj
[621/997] Building C object esp-idf/mbedtls/mbedtls/library/CMakeFiles/mbedcrypto.dir/hkdf.c.obj
[622/997] Building C object esp-idf/mbedtls/mbedtls/library/CMakeFiles/mbedcrypto.dir/bignum.c.obj
[623/997] Linking CXX static library esp-idf/mbedtls/mbedtls/library/libmbedtls.a
[624/997] Building C object esp-idf/mbedtls/mbedtls/library/CMakeFiles/mbedx509.dir/x509_crt.c.obj
[625/997] Building C object esp-idf/mbedtls/mbedtls/library/CMakeFiles/mbedcrypto.dir/gcm.c.obj
[626/997] Building C object esp-idf/mbedtls/mbedtls/library/CMakeFiles/mbedcrypto.dir/error.c.obj
[627/997] Building C object esp-idf/mbedtls/mbedtls/library/CMakeFiles/mbedcrypto.dir/hmac_drbg.c.obj
[628/997] Building C object esp-idf/mbedtls/mbedtls/library/CMakeFiles/mbedcrypto.dir/memory_buffer_alloc.c.obj
[629/997] Building C object esp-idf/mbedtls/mbedtls/library/CMakeFiles/mbedcrypto.dir/md5.c.obj
[630/997] Building C object esp-idf/mbedtls/mbedtls/library/CMakeFiles/mbedcrypto.dir/nist_kw.c.obj
[631/997] Building C object esp-idf/mbedtls/mbedtls/library/CMakeFiles/mbedcrypto.dir/padlock.c.obj
[632/997] Building C object esp-idf/mbedtls/mbedtls/library/CMakeFiles/mbedcrypto.dir/lms.c.obj
[633/997] Building C object esp-idf/mbedtls/mbedtls/library/CMakeFiles/mbedcrypto.dir/lmots.c.obj
[634/997] Building C object esp-idf/mbedtls/mbedtls/library/CMakeFiles/mbedcrypto.dir/pk_ecc.c.obj
[635/997] Building C object esp-idf/mbedtls/mbedtls/library/CMakeFiles/mbedcrypto.dir/pem.c.obj
[636/997] Building C object esp-idf/mbedtls/mbedtls/library/CMakeFiles/mbedcrypto.dir/md.c.obj
[637/997] Building C object esp-idf/mbedtls/mbedtls/library/CMakeFiles/mbedcrypto.dir/pk_wrap.c.obj
[638/997] Building C object esp-idf/mbedtls/mbedtls/library/CMakeFiles/mbedcrypto.dir/pkcs5.c.obj
[639/997] Building C object esp-idf/mbedtls/mbedtls/library/CMakeFiles/mbedcrypto.dir/pk.c.obj
[640/997] Building C object esp-idf/mbedtls/mbedtls/library/CMakeFiles/mbedcrypto.dir/pkcs12.c.obj
[641/997] Building C object esp-idf/mbedtls/mbedtls/library/CMakeFiles/mbedcrypto.dir/ecp.c.obj
[642/997] Building C object esp-idf/mbedtls/mbedtls/library/CMakeFiles/mbedcrypto.dir/platform.c.obj
[643/997] Building C object esp-idf/mbedtls/mbedtls/library/CMakeFiles/mbedcrypto.dir/platform_util.c.obj
[644/997] Building C object esp-idf/mbedtls/mbedtls/library/CMakeFiles/mbedcrypto.dir/poly1305.c.obj
[645/997] Building C object esp-idf/mbedtls/mbedtls/library/CMakeFiles/mbedcrypto.dir/ecp_curves.c.obj
[646/997] Building C object esp-idf/mbedtls/mbedtls/library/CMakeFiles/mbedcrypto.dir/oid.c.obj
[647/997] Building C object esp-idf/mbedtls/mbedtls/library/CMakeFiles/mbedcrypto.dir/pkwrite.c.obj
[648/997] Building C object esp-idf/mbedtls/mbedtls/library/CMakeFiles/mbedcrypto.dir/psa_crypto_aead.c.obj
[649/997] Building C object esp-idf/mbedtls/mbedtls/library/CMakeFiles/mbedcrypto.dir/pkparse.c.obj
[650/997] Building C object esp-idf/mbedtls/mbedtls/library/CMakeFiles/mbedcrypto.dir/psa_crypto_client.c.obj
[651/997] Building C object esp-idf/mbedtls/mbedtls/library/CMakeFiles/mbedcrypto.dir/psa_crypto_ffdh.c.obj
[652/997] Building C object esp-idf/mbedtls/mbedtls/library/CMakeFiles/mbedcrypto.dir/psa_crypto_driver_wrappers_no_static.c.obj
[653/997] Building C object esp-idf/mbedtls/mbedtls/library/CMakeFiles/mbedcrypto.dir/psa_crypto_cipher.c.obj
[654/997] Building C object esp-idf/mbedtls/mbedtls/library/CMakeFiles/mbedcrypto.dir/psa_crypto_mac.c.obj
[655/997] Building C object esp-idf/mbedtls/mbedtls/library/CMakeFiles/mbedcrypto.dir/psa_crypto_se.c.obj
[656/997] Building C object esp-idf/mbedtls/mbedtls/library/CMakeFiles/mbedcrypto.dir/psa_crypto_hash.c.obj
[657/997] Building C object esp-idf/mbedtls/mbedtls/library/CMakeFiles/mbedcrypto.dir/psa_crypto_ecp.c.obj
[658/997] Building C object esp-idf/mbedtls/mbedtls/library/CMakeFiles/mbedcrypto.dir/psa_crypto_pake.c.obj
[659/997] Building C object esp-idf/mbedtls/mbedtls/library/CMakeFiles/mbedcrypto.dir/ripemd160.c.obj
[660/997] Building C object esp-idf/mbedtls/mbedtls/library/CMakeFiles/mbedcrypto.dir/psa_its_file.c.obj
[661/997] Building C object esp-idf/mbedtls/mbedtls/library/CMakeFiles/mbedcrypto.dir/psa_crypto_storage.c.obj
[662/997] Building C object esp-idf/mbedtls/mbedtls/library/CMakeFiles/mbedcrypto.dir/psa_crypto_rsa.c.obj
[663/997] Building C object esp-idf/mbedtls/mbedtls/library/CMakeFiles/mbedcrypto.dir/sha1.c.obj
[664/997] Building C object esp-idf/mbedtls/mbedtls/library/CMakeFiles/mbedcrypto.dir/rsa_alt_helpers.c.obj
[665/997] Building C object esp-idf/mbedtls/mbedtls/library/CMakeFiles/mbedcrypto.dir/psa_util.c.obj
[666/997] Building C object esp-idf/mbedtls/mbedtls/library/CMakeFiles/mbedcrypto.dir/sha256.c.obj
[667/997] Building C object esp-idf/mbedtls/mbedtls/library/CMakeFiles/mbedcrypto.dir/sha3.c.obj
[668/997] Building C object esp-idf/mbedtls/mbedtls/library/CMakeFiles/mbedcrypto.dir/version.c.obj
[669/997] Building C object esp-idf/mbedtls/mbedtls/library/CMakeFiles/mbedcrypto.dir/threading.c.obj
[670/997] Building C object esp-idf/mbedtls/mbedtls/library/CMakeFiles/mbedcrypto.dir/sha512.c.obj
[671/997] Building C object esp-idf/mbedtls/mbedtls/library/CMakeFiles/mbedcrypto.dir/timing.c.obj
[672/997] Building C object esp-idf/mbedtls/mbedtls/library/CMakeFiles/mbedcrypto.dir/psa_crypto_slot_management.c.obj
[673/997] Building C object esp-idf/mbedtls/mbedtls/library/CMakeFiles/mbedcrypto.dir/version_features.c.obj
[674/997] Building C object esp-idf/mbedtls/mbedtls/library/CMakeFiles/mbedcrypto.dir/Users/lojaws/.platformio/packages/framework-espidf/components/mbedtls/port/esp_mem.c.obj
[675/997] Building C object esp-idf/mbedtls/mbedtls/library/CMakeFiles/mbedcrypto.dir/Users/lojaws/.platformio/packages/framework-espidf/components/mbedtls/port/aes/dma/esp_aes_gdma_impl.c.obj
[676/997] Building C object esp-idf/mbedtls/mbedtls/library/CMakeFiles/mbedcrypto.dir/Users/lojaws/.platformio/packages/framework-espidf/components/mbedtls/port/esp_hardware.c.obj
[677/997] Building C object esp-idf/mbedtls/mbedtls/library/CMakeFiles/mbedcrypto.dir/Users/lojaws/.platformio/packages/framework-espidf/components/mbedtls/port/sha/dma/esp_sha_gdma_impl.c.obj
[678/997] Building C object esp-idf/mbedtls/mbedtls/library/CMakeFiles/mbedcrypto.dir/Users/lojaws/.platformio/packages/framework-espidf/components/mbedtls/port/esp_timing.c.obj
[679/997] Building C object esp-idf/mbedtls/mbedtls/library/CMakeFiles/mbedcrypto.dir/Users/lojaws/.platformio/packages/framework-espidf/components/mbedtls/port/aes/esp_aes_common.c.obj
[680/997] Building C object esp-idf/mbedtls/mbedtls/library/CMakeFiles/mbedcrypto.dir/Users/lojaws/.platformio/packages/framework-espidf/components/mbedtls/port/aes/esp_aes_xts.c.obj
[681/997] Building C object esp-idf/mbedtls/mbedtls/library/CMakeFiles/mbedcrypto.dir/Users/lojaws/.platformio/packages/framework-espidf/components/mbedtls/port/crypto_shared_gdma/esp_crypto_shared_gdma.c.obj
[682/997] Building C object esp-idf/mbedtls/mbedtls/library/CMakeFiles/mbedcrypto.dir/Users/lojaws/.platformio/packages/framework-espidf/components/mbedtls/port/sha/esp_sha.c.obj
[683/997] Building C object esp-idf/mbedtls/mbedtls/library/CMakeFiles/mbedcrypto.dir/Users/lojaws/.platformio/packages/framework-espidf/components/mbedtls/port/sha/dma/sha.c.obj
[684/997] Building C object esp-idf/mbedtls/mbedtls/library/CMakeFiles/mbedcrypto.dir/Users/lojaws/.platformio/packages/framework-espidf/components/mbedtls/port/sha/dma/esp_sha1.c.obj
[685/997] Building C object esp-idf/mbedtls/mbedtls/library/CMakeFiles/mbedcrypto.dir/Users/lojaws/.platformio/packages/framework-espidf/components/mbedtls/port/esp32s3/bignum.c.obj
[686/997] Building C object esp-idf/mbedtls/mbedtls/library/CMakeFiles/mbedcrypto.dir/Users/lojaws/.platformio/packages/framework-espidf/components/mbedtls/port/sha/dma/esp_sha256.c.obj
[687/997] Building C object esp-idf/mbedtls/mbedtls/library/CMakeFiles/mbedcrypto.dir/Users/lojaws/.platformio/packages/framework-espidf/components/mbedtls/port/esp_ds/esp_rsa_sign_alt.c.obj
[688/997] Building C object esp-idf/mbedtls/mbedtls/library/CMakeFiles/mbedcrypto.dir/Users/lojaws/.platformio/packages/framework-espidf/components/mbedtls/port/sha/dma/esp_sha512.c.obj
[689/997] Building C object esp-idf/mbedtls/mbedtls/library/CMakeFiles/mbedcrypto.dir/Users/lojaws/.platformio/packages/framework-espidf/components/mbedtls/port/esp_bignum.c.obj
[690/997] Building C object esp-idf/mbedtls/mbedtls/library/CMakeFiles/mbedcrypto.dir/Users/lojaws/.platformio/packages/framework-espidf/components/mbedtls/port/md/esp_md.c.obj
[691/997] Linking CXX static library esp-idf/mbedtls/mbedtls/library/libmbedx509.a
[692/997] Creating directories for 'bootloader'
[693/997] Building C object esp-idf/mbedtls/mbedtls/3rdparty/everest/CMakeFiles/everest.dir/library/x25519.c.obj
[694/997] Building C object esp-idf/mbedtls/mbedtls/3rdparty/p256-m/CMakeFiles/p256m.dir/p256-m/p256-m.c.obj
[695/997] Building C object esp-idf/mbedtls/mbedtls/3rdparty/p256-m/CMakeFiles/p256m.dir/p256-m_driver_entrypoints.c.obj
[696/997] Building C object esp-idf/mbedtls/mbedtls/3rdparty/everest/CMakeFiles/everest.dir/library/Hacl_Curve25519_joined.c.obj
[697/997] Building C object esp-idf/mbedtls/mbedtls/3rdparty/everest/CMakeFiles/everest.dir/library/everest.c.obj
[698/997] No download step for 'bootloader'
[699/997] Building C object esp-idf/mbedtls/mbedtls/library/CMakeFiles/mbedcrypto.dir/Users/lojaws/.platformio/packages/framework-espidf/components/mbedtls/port/aes/esp_aes_gcm.c.obj
[700/997] No update step for 'bootloader'
[701/997] Building C object esp-idf/mbedtls/mbedtls/library/CMakeFiles/mbedcrypto.dir/Users/lojaws/.platformio/packages/framework-espidf/components/mbedtls/port/aes/dma/esp_aes.c.obj
[702/997] No patch step for 'bootloader'
[703/997] Building C object esp-idf/mbedtls/mbedtls/library/CMakeFiles/mbedcrypto.dir/rsa.c.obj
[704/997] Building C object esp-idf/mbedtls/mbedtls/library/CMakeFiles/mbedcrypto.dir/psa_crypto.c.obj
[705/997] Linking CXX static library esp-idf/mbedtls/mbedtls/library/libmbedcrypto.a
[706/997] Linking CXX static library esp-idf/mbedtls/mbedtls/3rdparty/p256-m/libp256m.a
[707/997] Linking CXX static library esp-idf/mbedtls/mbedtls/3rdparty/everest/libeverest.a
[708/997] Generating x509_crt_bundle
[709/997] Generating ../../x509_crt_bundle.S
[710/997] Building ASM object esp-idf/mbedtls/CMakeFiles/__idf_mbedtls.dir/__/__/x509_crt_bundle.S.obj
[711/997] Building C object esp-idf/esp_pm/CMakeFiles/__idf_esp_pm.dir/pm_trace.c.obj
[712/997] Building C object esp-idf/esp_pm/CMakeFiles/__idf_esp_pm.dir/pm_locks.c.obj
[713/997] Building C object esp-idf/driver/CMakeFiles/__idf_driver.dir/gpio/gpio_glitch_filter_ops.c.obj
[714/997] Building C object esp-idf/mbedtls/CMakeFiles/__idf_mbedtls.dir/esp_crt_bundle/esp_crt_bundle.c.obj
[715/997] Building C object esp-idf/driver/CMakeFiles/__idf_driver.dir/spi/spi_bus_lock.c.obj
[716/997] Building C object esp-idf/esp_pm/CMakeFiles/__idf_esp_pm.dir/pm_impl.c.obj
[717/997] Building C object esp-idf/driver/CMakeFiles/__idf_driver.dir/gpio/rtc_io.c.obj
[718/997] Linking C static library esp-idf/mbedtls/libmbedtls.a
[719/997] Building C object esp-idf/driver/CMakeFiles/__idf_driver.dir/gpio/gpio_pin_glitch_filter.c.obj
[720/997] Building C object esp-idf/driver/CMakeFiles/__idf_driver.dir/gpio/dedic_gpio.c.obj
[721/997] Building C object esp-idf/driver/CMakeFiles/__idf_driver.dir/gptimer/gptimer_priv.c.obj
[722/997] Building C object esp-idf/driver/CMakeFiles/__idf_driver.dir/deprecated/adc_dma_legacy.c.obj
[723/997] Building C object esp-idf/driver/CMakeFiles/__idf_driver.dir/deprecated/adc_legacy.c.obj
[724/997] Building C object esp-idf/driver/CMakeFiles/__idf_driver.dir/gptimer/gptimer.c.obj
[725/997] Building C object esp-idf/driver/CMakeFiles/__idf_driver.dir/i2s/i2s_std.c.obj
[726/997] Building C object esp-idf/driver/CMakeFiles/__idf_driver.dir/deprecated/timer_legacy.c.obj
[727/997] Building C object esp-idf/driver/CMakeFiles/__idf_driver.dir/gpio/gpio.c.obj
[728/997] Building C object esp-idf/driver/CMakeFiles/__idf_driver.dir/i2s/i2s_tdm.c.obj
[729/997] Building C object esp-idf/driver/CMakeFiles/__idf_driver.dir/i2s/i2s_pdm.c.obj
[730/997] Building C object esp-idf/driver/CMakeFiles/__idf_driver.dir/mcpwm/mcpwm_com.c.obj
[731/997] Building C object esp-idf/driver/CMakeFiles/__idf_driver.dir/i2s/i2s_common.c.obj
[732/997] Building C object esp-idf/driver/CMakeFiles/__idf_driver.dir/mcpwm/mcpwm_cap.c.obj
[733/997] Building C object esp-idf/driver/CMakeFiles/__idf_driver.dir/mcpwm/mcpwm_cmpr.c.obj
[734/997] Building C object esp-idf/driver/CMakeFiles/__idf_driver.dir/i2c/i2c.c.obj
[735/997] Building C object esp-idf/driver/CMakeFiles/__idf_driver.dir/mcpwm/mcpwm_fault.c.obj
[736/997] Building C object esp-idf/driver/CMakeFiles/__idf_driver.dir/mcpwm/mcpwm_gen.c.obj
[737/997] Building C object esp-idf/driver/CMakeFiles/__idf_driver.dir/mcpwm/mcpwm_sync.c.obj
[738/997] Building C object esp-idf/driver/CMakeFiles/__idf_driver.dir/mcpwm/mcpwm_oper.c.obj
[739/997] Building C object esp-idf/driver/CMakeFiles/__idf_driver.dir/mcpwm/mcpwm_timer.c.obj
[740/997] Building C object esp-idf/driver/CMakeFiles/__idf_driver.dir/ledc/ledc.c.obj
[741/997] Building C object esp-idf/driver/CMakeFiles/__idf_driver.dir/rmt/rmt_common.c.obj
[742/997] Building C object esp-idf/driver/CMakeFiles/__idf_driver.dir/rmt/rmt_encoder.c.obj
[743/997] Building C object esp-idf/driver/CMakeFiles/__idf_driver.dir/deprecated/i2s_legacy.c.obj
[744/997] Building C object esp-idf/driver/CMakeFiles/__idf_driver.dir/pcnt/pulse_cnt.c.obj
[745/997] Building C object esp-idf/driver/CMakeFiles/__idf_driver.dir/sdmmc/sdmmc_transaction.c.obj
[746/997] Building C object esp-idf/driver/CMakeFiles/__idf_driver.dir/deprecated/sigma_delta_legacy.c.obj
[747/997] Building C object esp-idf/driver/CMakeFiles/__idf_driver.dir/sigma_delta/sdm.c.obj
[748/997] Building C object esp-idf/driver/CMakeFiles/__idf_driver.dir/rmt/rmt_rx.c.obj
[749/997] Building C object esp-idf/driver/CMakeFiles/__idf_driver.dir/sdmmc/sdmmc_host.c.obj
[750/997] Building C object esp-idf/driver/CMakeFiles/__idf_driver.dir/deprecated/pcnt_legacy.c.obj
[751/997] Building C object esp-idf/driver/CMakeFiles/__idf_driver.dir/spi/sdspi/sdspi_crc.c.obj
[752/997] Building C object esp-idf/driver/CMakeFiles/__idf_driver.dir/spi/sdspi/sdspi_transaction.c.obj
[753/997] Building C object esp-idf/driver/CMakeFiles/__idf_driver.dir/spi/sdspi/sdspi_host.c.obj
[754/997] Building C object esp-idf/driver/CMakeFiles/__idf_driver.dir/spi/gpspi/spi_slave_hd.c.obj
[755/997] Building C object esp-idf/driver/CMakeFiles/__idf_driver.dir/spi/gpspi/spi_master.c.obj
[756/997] Building C object esp-idf/driver/CMakeFiles/__idf_driver.dir/rmt/rmt_tx.c.obj
[757/997] Building C object esp-idf/driver/CMakeFiles/__idf_driver.dir/spi/gpspi/spi_slave.c.obj
[758/997] Building C object esp-idf/driver/CMakeFiles/__idf_driver.dir/deprecated/mcpwm_legacy.c.obj
[759/997] Building C object esp-idf/driver/CMakeFiles/__idf_driver.dir/spi/gpspi/spi_common.c.obj
[760/997] Building C object esp-idf/driver/CMakeFiles/__idf_driver.dir/deprecated/rtc_temperature_legacy.c.obj
[761/997] Building C object esp-idf/driver/CMakeFiles/__idf_driver.dir/temperature_sensor/temperature_sensor.c.obj
[762/997] Linking C static library esp-idf/esp_pm/libesp_pm.a
[763/997] Building C object esp-idf/driver/CMakeFiles/__idf_driver.dir/usb_serial_jtag/usb_serial_jtag_connection_monitor.c.obj
[764/997] Building C object esp-idf/driver/CMakeFiles/__idf_driver.dir/touch_sensor/touch_sensor_common.c.obj
[765/997] Building C object esp-idf/driver/CMakeFiles/__idf_driver.dir/usb_serial_jtag/usb_serial_jtag.c.obj
[766/997] Building C object esp-idf/esp_timer/CMakeFiles/__idf_esp_timer.dir/src/esp_timer.c.obj
[767/997] Building C object esp-idf/esp_timer/CMakeFiles/__idf_esp_timer.dir/src/ets_timer_legacy.c.obj
[768/997] Building C object esp-idf/esp_timer/CMakeFiles/__idf_esp_timer.dir/src/system_time.c.obj
[769/997] Building C object esp-idf/esp_timer/CMakeFiles/__idf_esp_timer.dir/src/esp_timer_impl_systimer.c.obj
[770/997] Building C object esp-idf/esp_timer/CMakeFiles/__idf_esp_timer.dir/src/esp_timer_impl_common.c.obj
[771/997] Building C object esp-idf/efuse/CMakeFiles/__idf_efuse.dir/esp32s3/esp_efuse_table.c.obj
[772/997] Building C object esp-idf/efuse/CMakeFiles/__idf_efuse.dir/esp32s3/esp_efuse_fields.c.obj
[773/997] Building C object esp-idf/efuse/CMakeFiles/__idf_efuse.dir/esp32s3/esp_efuse_rtc_calib.c.obj
[774/997] Building C object esp-idf/driver/CMakeFiles/__idf_driver.dir/twai/twai.c.obj
[775/997] Building C object esp-idf/efuse/CMakeFiles/__idf_efuse.dir/src/esp_efuse_fields.c.obj
[776/997] Building C object esp-idf/efuse/CMakeFiles/__idf_efuse.dir/esp32s3/esp_efuse_utility.c.obj
[777/997] Building C object esp-idf/efuse/CMakeFiles/__idf_efuse.dir/src/esp_efuse_utility.c.obj
[778/997] Building C object esp-idf/xtensa/CMakeFiles/__idf_xtensa.dir/eri.c.obj
[779/997] Building C object esp-idf/driver/CMakeFiles/__idf_driver.dir/deprecated/rmt_legacy.c.obj
[780/997] Building C object esp-idf/efuse/CMakeFiles/__idf_efuse.dir/src/esp_efuse_api.c.obj
[781/997] Building C object esp-idf/xtensa/CMakeFiles/__idf_xtensa.dir/xt_trax.c.obj
[782/997] Building C object esp-idf/efuse/CMakeFiles/__idf_efuse.dir/src/efuse_controller/keys/with_key_purposes/esp_efuse_api_key.c.obj
[783/997] Building ASM object esp-idf/xtensa/CMakeFiles/__idf_xtensa.dir/xtensa_intr_asm.S.obj
[784/997] Building C object esp-idf/driver/CMakeFiles/__idf_driver.dir/touch_sensor/esp32s3/touch_sensor.c.obj
[785/997] Building C object esp-idf/xtensa/CMakeFiles/__idf_xtensa.dir/xtensa_intr.c.obj
[786/997] Building C object esp-idf/bt/CMakeFiles/__idf_bt.dir/common/btc/core/btc_alarm.c.obj
[787/997] Building C object esp-idf/bt/CMakeFiles/__idf_bt.dir/common/btc/core/btc_manage.c.obj
[788/997] Building C object esp-idf/bt/CMakeFiles/__idf_bt.dir/common/hci_log/bt_hci_log.c.obj
[789/997] Building C object esp-idf/bt/CMakeFiles/__idf_bt.dir/common/api/esp_blufi_api.c.obj
[790/997] Building C object esp-idf/bt/CMakeFiles/__idf_bt.dir/common/btc/profile/esp/blufi/blufi_prf.c.obj
[791/997] Building C object esp-idf/bt/CMakeFiles/__idf_bt.dir/common/btc/core/btc_task.c.obj
[792/997] Building C object esp-idf/bt/CMakeFiles/__idf_bt.dir/common/osi/allocator.c.obj
[793/997] Building C object esp-idf/bt/CMakeFiles/__idf_bt.dir/common/osi/buffer.c.obj
[794/997] Building C object esp-idf/bt/CMakeFiles/__idf_bt.dir/common/btc/profile/esp/blufi/blufi_protocol.c.obj
[795/997] Building C object esp-idf/bt/CMakeFiles/__idf_bt.dir/common/osi/fixed_queue.c.obj
[796/997] Building C object esp-idf/esp_ringbuf/CMakeFiles/__idf_esp_ringbuf.dir/ringbuf.c.obj
[797/997] Building C object esp-idf/bt/CMakeFiles/__idf_bt.dir/common/osi/fixed_pkt_queue.c.obj
[798/997] Building C object esp-idf/bt/CMakeFiles/__idf_bt.dir/common/osi/pkt_queue.c.obj
[799/997] Building C object esp-idf/bt/CMakeFiles/__idf_bt.dir/common/osi/hash_functions.c.obj
[800/997] Building C object esp-idf/bt/CMakeFiles/__idf_bt.dir/common/osi/config.c.obj
[801/997] Building C object esp-idf/bt/CMakeFiles/__idf_bt.dir/common/osi/alarm.c.obj
[802/997] Building C object esp-idf/bt/CMakeFiles/__idf_bt.dir/common/osi/future.c.obj
[803/997] Building C object esp-idf/bt/CMakeFiles/__idf_bt.dir/common/osi/mutex.c.obj
[804/997] Building C object esp-idf/bt/CMakeFiles/__idf_bt.dir/common/osi/hash_map.c.obj
[805/997] Building C object esp-idf/bt/CMakeFiles/__idf_bt.dir/porting/mem/bt_osi_mem.c.obj
[806/997] Building C object esp-idf/bt/CMakeFiles/__idf_bt.dir/common/osi/osi.c.obj
[807/997] Building C object esp-idf/bt/CMakeFiles/__idf_bt.dir/common/osi/semaphore.c.obj
[808/997] Building C object esp-idf/bt/CMakeFiles/__idf_bt.dir/porting/ext/tinycrypt/src/utils.c.obj
[809/997] Building C object esp-idf/bt/CMakeFiles/__idf_bt.dir/porting/ext/tinycrypt/src/sha256.c.obj
[810/997] Building C object esp-idf/bt/CMakeFiles/__idf_bt.dir/porting/ext/tinycrypt/src/ctr_mode.c.obj
[811/997] Building C object esp-idf/bt/CMakeFiles/__idf_bt.dir/common/osi/list.c.obj
[812/997] Building C object esp-idf/bt/CMakeFiles/__idf_bt.dir/porting/ext/tinycrypt/src/ctr_prng.c.obj
[813/997] Building C object esp-idf/bt/CMakeFiles/__idf_bt.dir/controller/esp32c3/bt.c.obj
[814/997] Building C object esp-idf/driver/CMakeFiles/__idf_driver.dir/uart/uart.c.obj
[815/997] Building C object esp-idf/bt/CMakeFiles/__idf_bt.dir/porting/ext/tinycrypt/src/aes_encrypt.c.obj
[816/997] Building C object esp-idf/bt/CMakeFiles/__idf_bt.dir/porting/ext/tinycrypt/src/aes_decrypt.c.obj
[817/997] Building C object esp-idf/bt/CMakeFiles/__idf_bt.dir/porting/ext/tinycrypt/src/cmac_mode.c.obj
[818/997] Building C object esp-idf/bt/CMakeFiles/__idf_bt.dir/porting/ext/tinycrypt/src/ecc_dsa.c.obj
[819/997] Building C object esp-idf/bt/CMakeFiles/__idf_bt.dir/porting/ext/tinycrypt/src/ccm_mode.c.obj
[820/997] Building C object esp-idf/bt/CMakeFiles/__idf_bt.dir/porting/ext/tinycrypt/src/hmac_prng.c.obj
[821/997] Building C object esp-idf/bt/CMakeFiles/__idf_bt.dir/porting/ext/tinycrypt/src/ecc_platform_specific.c.obj
[822/997] Building C object esp-idf/bt/CMakeFiles/__idf_bt.dir/porting/ext/tinycrypt/src/ecc_dh.c.obj
[823/997] Building C object esp-idf/bt/CMakeFiles/__idf_bt.dir/porting/ext/tinycrypt/src/cbc_mode.c.obj
[824/997] Building C object esp-idf/bt/CMakeFiles/__idf_bt.dir/porting/ext/tinycrypt/src/hmac.c.obj
[825/997] Building C object esp-idf/console/CMakeFiles/__idf_console.dir/split_argv.c.obj
[826/997] Building C object esp-idf/bt/CMakeFiles/__idf_bt.dir/common/osi/thread.c.obj
[827/997] Building C object esp-idf/bt/CMakeFiles/__idf_bt.dir/porting/ext/tinycrypt/src/ecc.c.obj
[828/997] Building C object esp-idf/console/CMakeFiles/__idf_console.dir/commands.c.obj
[829/997] Building C object esp-idf/console/CMakeFiles/__idf_console.dir/argtable3/arg_dbl.c.obj
[830/997] Building C object esp-idf/console/CMakeFiles/__idf_console.dir/argtable3/arg_dstr.c.obj
[831/997] Building C object esp-idf/console/CMakeFiles/__idf_console.dir/argtable3/arg_cmd.c.obj
[832/997] Building C object esp-idf/console/CMakeFiles/__idf_console.dir/esp_console_repl.c.obj
[833/997] Building C object esp-idf/console/CMakeFiles/__idf_console.dir/argtable3/arg_date.c.obj
[834/997] Building C object esp-idf/console/CMakeFiles/__idf_console.dir/argtable3/arg_end.c.obj
[835/997] Building C object esp-idf/console/CMakeFiles/__idf_console.dir/argtable3/arg_file.c.obj
[836/997] Building C object esp-idf/console/CMakeFiles/__idf_console.dir/argtable3/arg_int.c.obj
[837/997] Building C object esp-idf/console/CMakeFiles/__idf_console.dir/argtable3/arg_rem.c.obj
[838/997] Building C object esp-idf/console/CMakeFiles/__idf_console.dir/argtable3/arg_lit.c.obj
[839/997] Building C object esp-idf/console/CMakeFiles/__idf_console.dir/argtable3/arg_hashtable.c.obj
[840/997] Building C object esp-idf/console/CMakeFiles/__idf_console.dir/argtable3/arg_str.c.obj
[841/997] Building C object esp-idf/console/CMakeFiles/__idf_console.dir/argtable3/arg_utils.c.obj
[842/997] Linking C static library esp-idf/driver/libdriver.a
[843/997] Building C object esp-idf/unity/CMakeFiles/__idf_unity.dir/unity_utils_freertos.c.obj
[844/997] Building C object esp-idf/unity/CMakeFiles/__idf_unity.dir/unity_utils_cache.c.obj
[845/997] Building C object esp-idf/unity/CMakeFiles/__idf_unity.dir/unity_runner.c.obj
[846/997] Linking C static library esp-idf/esp_timer/libesp_timer.a
[847/997] Building C object esp-idf/console/CMakeFiles/__idf_console.dir/linenoise/linenoise.c.obj
[848/997] Building C object esp-idf/console/CMakeFiles/__idf_console.dir/argtable3/arg_rex.c.obj
[849/997] Building C object esp-idf/unity/CMakeFiles/__idf_unity.dir/unity_utils_memory.c.obj
[850/997] Building C object esp-idf/unity/CMakeFiles/__idf_unity.dir/unity_port_esp32.c.obj
[851/997] Building C object esp-idf/unity/CMakeFiles/__idf_unity.dir/port/esp/unity_utils_memory_esp.c.obj
[852/997] Linking C static library esp-idf/efuse/libefuse.a
[853/997] Building C object esp-idf/protocomm/CMakeFiles/__idf_protocomm.dir/proto-c/constants.pb-c.c.obj
[854/997] Building C object esp-idf/console/CMakeFiles/__idf_console.dir/argtable3/argtable3.c.obj
[855/997] Building C object esp-idf/protocomm/CMakeFiles/__idf_protocomm.dir/proto-c/sec0.pb-c.c.obj
[856/997] Linking C static library esp-idf/esp_ringbuf/libesp_ringbuf.a
[857/997] Building C object esp-idf/unity/CMakeFiles/__idf_unity.dir/unity/src/unity.c.obj
[858/997] Building C object esp-idf/protocomm/CMakeFiles/__idf_protocomm.dir/proto-c/sec1.pb-c.c.obj
[859/997] Building C object esp-idf/protocomm/CMakeFiles/__idf_protocomm.dir/proto-c/sec2.pb-c.c.obj
[860/997] Building C object esp-idf/protocomm/CMakeFiles/__idf_protocomm.dir/proto-c/session.pb-c.c.obj
[861/997] Building C object esp-idf/protocomm/CMakeFiles/__idf_protocomm.dir/src/common/protocomm.c.obj
[862/997] Linking C static library esp-idf/xtensa/libxtensa.a
[863/997] Building C object esp-idf/protocomm/CMakeFiles/__idf_protocomm.dir/src/transports/protocomm_console.c.obj
[864/997] Building C object esp-idf/protocomm/CMakeFiles/__idf_protocomm.dir/src/security/security0.c.obj
[865/997] Building C object esp-idf/protocomm/CMakeFiles/__idf_protocomm.dir/src/crypto/srp6a/esp_srp_mpi.c.obj
[866/997] Building C object esp-idf/protocomm/CMakeFiles/__idf_protocomm.dir/src/transports/protocomm_httpd.c.obj
[867/997] Linking C static library esp-idf/bt/libbt.a
[868/997] Building CXX object esp-idf/wear_levelling/CMakeFiles/__idf_wear_levelling.dir/Partition.cpp.obj
[869/997] Building C object esp-idf/protocomm/CMakeFiles/__idf_protocomm.dir/src/crypto/srp6a/esp_srp.c.obj
[870/997] Linking C static library esp-idf/console/libconsole.a
[871/997] Performing configure step for 'bootloader'
-- Found Git: /usr/bin/git (found version "2.54.0 (Apple Git-157)")
-- git rev-parse returned 'fatal: not a git repository (or any of the parent directories): .git'
fatal: not a git repository (or any of the parent directories): .git
-- The C compiler identification is GNU 12.2.0
-- The CXX compiler identification is GNU 12.2.0
-- The ASM compiler identification is GNU
-- Found assembler: /Users/lojaws/Documents/ESP32-S3-Car-Adapter/.tools/tools/xtensa-esp32s3-elf/esp-12.2.0_20230208/xtensa-esp32s3-elf/bin/xtensa-esp32s3-elf-gcc
-- Detecting C compiler ABI info
-- Detecting C compiler ABI info - done
-- Check for working C compiler: /Users/lojaws/Documents/ESP32-S3-Car-Adapter/.tools/tools/xtensa-esp32s3-elf/esp-12.2.0_20230208/xtensa-esp32s3-elf/bin/xtensa-esp32s3-elf-gcc - skipped
-- Detecting C compile features
-- Detecting C compile features - done
-- Detecting CXX compiler ABI info
-- Detecting CXX compiler ABI info - done
-- Check for working CXX compiler: /Users/lojaws/Documents/ESP32-S3-Car-Adapter/.tools/tools/xtensa-esp32s3-elf/esp-12.2.0_20230208/xtensa-esp32s3-elf/bin/xtensa-esp32s3-elf-g++ - skipped
-- Detecting CXX compile features
-- Detecting CXX compile features - done
-- git rev-parse returned 'fatal: not a git repository (or any of the parent directories): .git'
-- Could not use 'git describe' to determine PROJECT_VER.
-- Building ESP-IDF components for target esp32s3
-- Project sdkconfig file /Users/lojaws/Documents/ESP32-S3-Car-Adapter/firmware/controller-probe/build-0/sdkconfig
Compiler supported targets: xtensa-esp32s3-elf

-- Looking for sys/types.h
-- Looking for sys/types.h - found
-- Looking for stdint.h
-- Looking for stdint.h - found
-- Looking for stddef.h
-- Looking for stddef.h - found
-- Check size of time_t
-- Check size of time_t - done
-- Adding linker script /Users/lojaws/.platformio/packages/framework-espidf/components/soc/esp32s3/ld/esp32s3.peripherals.ld
-- App "bootloader" version: 1
-- Adding linker script /Users/lojaws/.platformio/packages/framework-espidf/components/esp_rom/esp32s3/ld/esp32s3.rom.ld
-- Adding linker script /Users/lojaws/.platformio/packages/framework-espidf/components/esp_rom/esp32s3/ld/esp32s3.rom.api.ld
-- Adding linker script /Users/lojaws/.platformio/packages/framework-espidf/components/esp_rom/esp32s3/ld/esp32s3.rom.bt_funcs.ld
-- Adding linker script /Users/lojaws/.platformio/packages/framework-espidf/components/esp_rom/esp32s3/ld/esp32s3.rom.libgcc.ld
-- Adding linker script /Users/lojaws/.platformio/packages/framework-espidf/components/esp_rom/esp32s3/ld/esp32s3.rom.newlib.ld
-- Adding linker script /Users/lojaws/.platformio/packages/framework-espidf/components/bootloader/subproject/main/ld/esp32s3/bootloader.ld
-- Adding linker script /Users/lojaws/.platformio/packages/framework-espidf/components/bootloader/subproject/main/ld/esp32s3/bootloader.rom.ld
-- Components: bootloader bootloader_support efuse esp_app_format esp_common esp_hw_support esp_rom esp_system esptool_py freertos hal log main micro-ecc newlib partition_table soc spi_flash xtensa
-- Component paths: /Users/lojaws/.platformio/packages/framework-espidf/components/bootloader /Users/lojaws/.platformio/packages/framework-espidf/components/bootloader_support /Users/lojaws/.platformio/packages/framework-espidf/components/efuse /Users/lojaws/.platformio/packages/framework-espidf/components/esp_app_format /Users/lojaws/.platformio/packages/framework-espidf/components/esp_common /Users/lojaws/.platformio/packages/framework-espidf/components/esp_hw_support /Users/lojaws/.platformio/packages/framework-espidf/components/esp_rom /Users/lojaws/.platformio/packages/framework-espidf/components/esp_system /Users/lojaws/.platformio/packages/framework-espidf/components/esptool_py /Users/lojaws/.platformio/packages/framework-espidf/components/freertos /Users/lojaws/.platformio/packages/framework-espidf/components/hal /Users/lojaws/.platformio/packages/framework-espidf/components/log /Users/lojaws/.platformio/packages/framework-espidf/components/bootloader/subproject/main /Users/lojaws/.platformio/packages/framework-espidf/components/bootloader/subproject/components/micro-ecc /Users/lojaws/.platformio/packages/framework-espidf/components/newlib /Users/lojaws/.platformio/packages/framework-espidf/components/partition_table /Users/lojaws/.platformio/packages/framework-espidf/components/soc /Users/lojaws/.platformio/packages/framework-espidf/components/spi_flash /Users/lojaws/.platformio/packages/framework-espidf/components/xtensa
-- Configuring done (3.6s)
-- Generating done (0.2s)
-- Build files have been written to: /Users/lojaws/Documents/ESP32-S3-Car-Adapter/firmware/controller-probe/build-0/bootloader
[872/997] Building CXX object esp-idf/wear_levelling/CMakeFiles/__idf_wear_levelling.dir/SPI_Flash.cpp.obj
[873/997] Building CXX object esp-idf/wear_levelling/CMakeFiles/__idf_wear_levelling.dir/crc32.cpp.obj
[874/997] Building CXX object esp-idf/wear_levelling/CMakeFiles/__idf_wear_levelling.dir/WL_Ext_Perf.cpp.obj
[875/997] Building C object esp-idf/protocomm/CMakeFiles/__idf_protocomm.dir/src/security/security1.c.obj
[876/997] Building C object esp-idf/sdmmc/CMakeFiles/__idf_sdmmc.dir/sdmmc_init.c.obj
[877/997] Building C object esp-idf/protocomm/CMakeFiles/__idf_protocomm.dir/src/security/security2.c.obj
[878/997] Building CXX object esp-idf/wear_levelling/CMakeFiles/__idf_wear_levelling.dir/WL_Ext_Safe.cpp.obj
[879/997] Building C object esp-idf/sdmmc/CMakeFiles/__idf_sdmmc.dir/sdmmc_common.c.obj
[880/997] Building CXX object esp-idf/wear_levelling/CMakeFiles/__idf_wear_levelling.dir/wear_levelling.cpp.obj
[881/997] Building ASM object esp-idf/__pio_env/CMakeFiles/__idf___pio_env.dir/__dummy.S.obj
[882/997] Building CXX object esp-idf/__pio_env/CMakeFiles/__idf___pio_env.dir/__dummy.cpp.obj
[883/997] Building C object esp-idf/__pio_env/CMakeFiles/__idf___pio_env.dir/__dummy.c.obj
[884/997] Building C object esp-idf/sdmmc/CMakeFiles/__idf_sdmmc.dir/sdmmc_mmc.c.obj
[885/997] Building C object esp-idf/sdmmc/CMakeFiles/__idf_sdmmc.dir/sdmmc_sd.c.obj
[886/997] Building C object esp-idf/app_trace/CMakeFiles/__idf_app_trace.dir/app_trace_util.c.obj
[887/997] Building C object esp-idf/sdmmc/CMakeFiles/__idf_sdmmc.dir/sdmmc_io.c.obj
[888/997] Building C object esp-idf/app_trace/CMakeFiles/__idf_app_trace.dir/app_trace.c.obj
[889/997] Building C object esp-idf/sdmmc/CMakeFiles/__idf_sdmmc.dir/sdmmc_cmd.c.obj
[890/997] Building C object esp-idf/json/CMakeFiles/__idf_json.dir/cJSON/cJSON_Utils.c.obj
[891/997] Linking C static library esp-idf/unity/libunity.a
[892/997] Building C object esp-idf/protobuf-c/CMakeFiles/__idf_protobuf-c.dir/protobuf-c/protobuf-c/protobuf-c.c.obj
[893/997] Building C object esp-idf/app_trace/CMakeFiles/__idf_app_trace.dir/host_file_io.c.obj
[894/997] Building C object esp-idf/cmock/CMakeFiles/__idf_cmock.dir/CMock/src/cmock.c.obj
[895/997] Building C object esp-idf/esp_hid/CMakeFiles/__idf_esp_hid.dir/src/esp_hidd.c.obj
[896/997] Linking C static library esp-idf/protobuf-c/libprotobuf-c.a
[897/997] Building C object esp-idf/app_trace/CMakeFiles/__idf_app_trace.dir/port/port_uart.c.obj
[898/997] Building C object esp-idf/esp_lcd/CMakeFiles/__idf_esp_lcd.dir/src/esp_lcd_panel_io.c.obj
[899/997] Building C object esp-idf/esp_lcd/CMakeFiles/__idf_esp_lcd.dir/src/esp_lcd_common.c.obj
[900/997] Building C object esp-idf/esp_lcd/CMakeFiles/__idf_esp_lcd.dir/src/esp_lcd_panel_io_i2c.c.obj
[901/997] Building C object esp-idf/esp_hid/CMakeFiles/__idf_esp_hid.dir/src/esp_hid_common.c.obj
[902/997] Building CXX object esp-idf/wear_levelling/CMakeFiles/__idf_wear_levelling.dir/WL_Flash.cpp.obj
[903/997] Building C object esp-idf/esp_hid/CMakeFiles/__idf_esp_hid.dir/src/esp_hidh.c.obj
[904/997] Building C object esp-idf/esp_lcd/CMakeFiles/__idf_esp_lcd.dir/src/esp_lcd_panel_nt35510.c.obj
[905/997] Building C object esp-idf/esp_lcd/CMakeFiles/__idf_esp_lcd.dir/src/esp_lcd_panel_ops.c.obj
[906/997] Building C object esp-idf/esp_lcd/CMakeFiles/__idf_esp_lcd.dir/src/esp_lcd_panel_ssd1306.c.obj
[907/997] Linking C static library esp-idf/protocomm/libprotocomm.a
[908/997] Building C object esp-idf/esp_lcd/CMakeFiles/__idf_esp_lcd.dir/src/esp_lcd_panel_st7789.c.obj
[909/997] Building C object esp-idf/esp_local_ctrl/CMakeFiles/__idf_esp_local_ctrl.dir/src/esp_local_ctrl_transport_httpd.c.obj
[910/997] Building C object esp-idf/esp_local_ctrl/CMakeFiles/__idf_esp_local_ctrl.dir/src/esp_local_ctrl_handler.c.obj
[911/997] Building C object esp-idf/esp_lcd/CMakeFiles/__idf_esp_lcd.dir/src/esp_lcd_panel_io_spi.c.obj
[912/997] Building C object esp-idf/espcoredump/CMakeFiles/__idf_espcoredump.dir/src/core_dump_common.c.obj
[913/997] Building C object esp-idf/esp_local_ctrl/CMakeFiles/__idf_esp_local_ctrl.dir/proto-c/esp_local_ctrl.pb-c.c.obj
[914/997] Building C object esp-idf/espcoredump/CMakeFiles/__idf_espcoredump.dir/src/core_dump_flash.c.obj
[915/997] Building C object esp-idf/espcoredump/CMakeFiles/__idf_espcoredump.dir/src/core_dump_sha.c.obj
[916/997] Building C object esp-idf/espcoredump/CMakeFiles/__idf_espcoredump.dir/src/core_dump_crc.c.obj
[917/997] Building C object esp-idf/json/CMakeFiles/__idf_json.dir/cJSON/cJSON.c.obj
[918/997] Building C object esp-idf/espcoredump/CMakeFiles/__idf_espcoredump.dir/src/core_dump_elf.c.obj
[919/997] Building C object esp-idf/espcoredump/CMakeFiles/__idf_espcoredump.dir/src/core_dump_binary.c.obj
[920/997] Building C object esp-idf/espcoredump/CMakeFiles/__idf_espcoredump.dir/src/core_dump_uart.c.obj
[921/997] Linking C static library esp-idf/wear_levelling/libwear_levelling.a
[922/997] Building C object esp-idf/espcoredump/CMakeFiles/__idf_espcoredump.dir/src/port/xtensa/core_dump_port.c.obj
[923/997] Linking C static library esp-idf/sdmmc/libsdmmc.a
[924/997] Building C object esp-idf/esp_local_ctrl/CMakeFiles/__idf_esp_local_ctrl.dir/src/esp_local_ctrl.c.obj
[925/997] Building C object esp-idf/fatfs/CMakeFiles/__idf_fatfs.dir/diskio/diskio_rawflash.c.obj
[926/997] Building C object esp-idf/fatfs/CMakeFiles/__idf_fatfs.dir/diskio/diskio_sdmmc.c.obj
[927/997] Building C object esp-idf/fatfs/CMakeFiles/__idf_fatfs.dir/port/freertos/ffsystem.c.obj
[928/997] Building C object esp-idf/fatfs/CMakeFiles/__idf_fatfs.dir/diskio/diskio.c.obj
[929/997] Building C object esp-idf/fatfs/CMakeFiles/__idf_fatfs.dir/diskio/diskio_wl.c.obj
[930/997] Building C object esp-idf/fatfs/CMakeFiles/__idf_fatfs.dir/src/ffunicode.c.obj
[931/997] Linking C static library esp-idf/json/libjson.a
[932/997] Building C object esp-idf/esp_lcd/CMakeFiles/__idf_esp_lcd.dir/src/esp_lcd_panel_io_i80.c.obj
[933/997] Building C object esp-idf/mqtt/CMakeFiles/__idf_mqtt.dir/esp-mqtt/lib/platform_esp32_idf.c.obj
[934/997] Building C object esp-idf/perfmon/CMakeFiles/__idf_perfmon.dir/xtensa_perfmon_access.c.obj
[935/997] Building C object esp-idf/fatfs/CMakeFiles/__idf_fatfs.dir/vfs/vfs_fat_spiflash.c.obj
[936/997] Building C object esp-idf/fatfs/CMakeFiles/__idf_fatfs.dir/vfs/vfs_fat_sdmmc.c.obj
[937/997] Building C object esp-idf/mqtt/CMakeFiles/__idf_mqtt.dir/esp-mqtt/lib/mqtt_outbox.c.obj
[938/997] Building C object esp-idf/perfmon/CMakeFiles/__idf_perfmon.dir/xtensa_perfmon_masks.c.obj
[939/997] Building C object esp-idf/perfmon/CMakeFiles/__idf_perfmon.dir/xtensa_perfmon_apis.c.obj
[940/997] Building C object esp-idf/mqtt/CMakeFiles/__idf_mqtt.dir/esp-mqtt/lib/mqtt_msg.c.obj
[941/997] Building C object esp-idf/spiffs/CMakeFiles/__idf_spiffs.dir/spiffs/src/spiffs_cache.c.obj
[942/997] Building C object esp-idf/spiffs/CMakeFiles/__idf_spiffs.dir/spiffs_api.c.obj
[943/997] Building C object esp-idf/spiffs/CMakeFiles/__idf_spiffs.dir/spiffs/src/spiffs_gc.c.obj
[944/997] Building C object esp-idf/fatfs/CMakeFiles/__idf_fatfs.dir/vfs/vfs_fat.c.obj
[945/997] Building C object esp-idf/esp_lcd/CMakeFiles/__idf_esp_lcd.dir/src/esp_lcd_panel_rgb.c.obj
[946/997] Building C object esp-idf/spiffs/CMakeFiles/__idf_spiffs.dir/spiffs/src/spiffs_check.c.obj
[947/997] Building C object esp-idf/spiffs/CMakeFiles/__idf_spiffs.dir/spiffs/src/spiffs_hydrogen.c.obj
[948/997] Building C object esp-idf/touch_element/CMakeFiles/__idf_touch_element.dir/touch_button.c.obj
[949/997] Building C object esp-idf/touch_element/CMakeFiles/__idf_touch_element.dir/touch_slider.c.obj
[950/997] Building C object esp-idf/touch_element/CMakeFiles/__idf_touch_element.dir/touch_matrix.c.obj
[951/997] Building C object esp-idf/spiffs/CMakeFiles/__idf_spiffs.dir/esp_spiffs.c.obj
[952/997] Building C object esp-idf/usb/CMakeFiles/__idf_usb.dir/usb_private.c.obj
[953/997] Building C object esp-idf/fatfs/CMakeFiles/__idf_fatfs.dir/src/ff.c.obj
[954/997] Building C object esp-idf/usb/CMakeFiles/__idf_usb.dir/usb_helpers.c.obj
[955/997] Building C object esp-idf/wifi_provisioning/CMakeFiles/__idf_wifi_provisioning.dir/src/wifi_config.c.obj
[956/997] Building C object esp-idf/usb/CMakeFiles/__idf_usb.dir/hub.c.obj
[957/997] Building C object esp-idf/touch_element/CMakeFiles/__idf_touch_element.dir/touch_element.c.obj
[958/997] Building C object esp-idf/usb/CMakeFiles/__idf_usb.dir/usb_host.c.obj
[959/997] Building C object esp-idf/usb/CMakeFiles/__idf_usb.dir/usbh.c.obj
[960/997] Building C object esp-idf/wifi_provisioning/CMakeFiles/__idf_wifi_provisioning.dir/src/wifi_scan.c.obj
[961/997] Building C object esp-idf/wifi_provisioning/CMakeFiles/__idf_wifi_provisioning.dir/src/wifi_ctrl.c.obj
[962/997] Building C object esp-idf/mqtt/CMakeFiles/__idf_mqtt.dir/esp-mqtt/mqtt_client.c.obj
[963/997] Building C object esp-idf/usb/CMakeFiles/__idf_usb.dir/usb_phy.c.obj
[964/997] Building C object esp-idf/wifi_provisioning/CMakeFiles/__idf_wifi_provisioning.dir/src/scheme_console.c.obj
[965/997] Building C object esp-idf/wifi_provisioning/CMakeFiles/__idf_wifi_provisioning.dir/proto-c/wifi_constants.pb-c.c.obj
[966/997] Building C object esp-idf/wifi_provisioning/CMakeFiles/__idf_wifi_provisioning.dir/src/handlers.c.obj
[967/997] Building C object esp-idf/spiffs/CMakeFiles/__idf_spiffs.dir/spiffs/src/spiffs_nucleus.c.obj
[968/997] Building C object esp-idf/wifi_provisioning/CMakeFiles/__idf_wifi_provisioning.dir/proto-c/wifi_scan.pb-c.c.obj
[969/997] Building C object esp-idf/wifi_provisioning/CMakeFiles/__idf_wifi_provisioning.dir/proto-c/wifi_ctrl.pb-c.c.obj
[970/997] Building C object esp-idf/wifi_provisioning/CMakeFiles/__idf_wifi_provisioning.dir/proto-c/wifi_config.pb-c.c.obj
[971/997] Linking C static library esp-idf/__pio_env/lib__pio_env.a
[972/997] Linking C static library esp-idf/cmock/libcmock.a
[973/997] Linking C static library esp-idf/app_trace/libapp_trace.a
[974/997] Linking C static library esp-idf/esp_hid/libesp_hid.a
[975/997] Building C object esp-idf/wifi_provisioning/CMakeFiles/__idf_wifi_provisioning.dir/src/scheme_softap.c.obj
[976/997] Building C object esp-idf/main/CMakeFiles/__idf_main.dir/probe.c.obj
[977/997] Linking C static library esp-idf/esp_lcd/libesp_lcd.a
[978/997] Linking C static library esp-idf/espcoredump/libespcoredump.a
[979/997] Linking C static library esp-idf/esp_local_ctrl/libesp_local_ctrl.a
[980/997] Linking C static library esp-idf/mqtt/libmqtt.a
[981/997] Linking C static library esp-idf/fatfs/libfatfs.a
[982/997] Linking C static library esp-idf/perfmon/libperfmon.a
[983/997] Linking C static library esp-idf/spiffs/libspiffs.a
[984/997] Linking C static library esp-idf/touch_element/libtouch_element.a
[985/997] Linking C static library esp-idf/main/libmain.a
[986/997] Building C object esp-idf/wifi_provisioning/CMakeFiles/__idf_wifi_provisioning.dir/src/manager.c.obj
[987/997] Building C object esp-idf/usb/CMakeFiles/__idf_usb.dir/hcd_dwc.c.obj
[988/997] Linking C static library esp-idf/wifi_provisioning/libwifi_provisioning.a
[989/997] Linking C static library esp-idf/usb/libusb.a
[990/997] Performing build step for 'bootloader'
[1/112] Building ASM object esp-idf/esp_rom/CMakeFiles/__idf_esp_rom.dir/patches/esp_rom_longjmp.S.obj
[2/112] Building C object esp-idf/esp_rom/CMakeFiles/__idf_esp_rom.dir/patches/esp_rom_crc.c.obj
[3/112] Building C object esp-idf/esp_rom/CMakeFiles/__idf_esp_rom.dir/patches/esp_rom_sys.c.obj
[4/112] Building C object esp-idf/log/CMakeFiles/__idf_log.dir/log_noos.c.obj
[5/112] Building C object esp-idf/esp_rom/CMakeFiles/__idf_esp_rom.dir/patches/esp_rom_gpio.c.obj
[6/112] Building C object esp-idf/esp_rom/CMakeFiles/__idf_esp_rom.dir/patches/esp_rom_efuse.c.obj
[7/112] Building C object esp-idf/esp_rom/CMakeFiles/__idf_esp_rom.dir/patches/esp_rom_uart.c.obj
[8/112] Building C object esp-idf/esp_rom/CMakeFiles/__idf_esp_rom.dir/patches/esp_rom_systimer.c.obj
[9/112] Building C object esp-idf/esp_rom/CMakeFiles/__idf_esp_rom.dir/patches/esp_rom_spiflash.c.obj
[10/112] Building C object esp-idf/log/CMakeFiles/__idf_log.dir/log.c.obj
[11/112] Building C object esp-idf/log/CMakeFiles/__idf_log.dir/log_buffers.c.obj
[12/112] Building ASM object esp-idf/esp_rom/CMakeFiles/__idf_esp_rom.dir/patches/esp_rom_cache_writeback_esp32s3.S.obj
[13/112] Building C object esp-idf/esp_rom/CMakeFiles/__idf_esp_rom.dir/patches/esp_rom_wdt.c.obj
[14/112] Building C object esp-idf/esp_rom/CMakeFiles/__idf_esp_rom.dir/patches/esp_rom_cache_esp32s2_esp32s3.c.obj
[15/112] Linking C static library esp-idf/log/liblog.a
[16/112] Building C object esp-idf/esp_hw_support/CMakeFiles/__idf_esp_hw_support.dir/esp_memory_utils.c.obj
[17/112] Building C object esp-idf/esp_hw_support/CMakeFiles/__idf_esp_hw_support.dir/port/esp32s3/cpu_region_protect.c.obj
[18/112] Building C object esp-idf/esp_hw_support/CMakeFiles/__idf_esp_hw_support.dir/port/esp32s3/esp_cpu_intr.c.obj
[19/112] Linking C static library esp-idf/esp_rom/libesp_rom.a
[20/112] Building C object esp-idf/esp_common/CMakeFiles/__idf_esp_common.dir/src/esp_err_to_name.c.obj
[21/112] Building C object esp-idf/esp_hw_support/CMakeFiles/__idf_esp_hw_support.dir/port/esp32s3/rtc_clk_init.c.obj
[22/112] Building C object esp-idf/esp_hw_support/CMakeFiles/__idf_esp_hw_support.dir/port/esp32s3/chip_info.c.obj
[23/112] Building C object esp-idf/esp_hw_support/CMakeFiles/__idf_esp_hw_support.dir/cpu.c.obj
[24/112] Building C object esp-idf/esp_hw_support/CMakeFiles/__idf_esp_hw_support.dir/port/esp32s3/rtc_time.c.obj
[25/112] Building C object esp-idf/esp_hw_support/CMakeFiles/__idf_esp_hw_support.dir/port/esp32s3/rtc_sleep.c.obj
[26/112] Linking C static library esp-idf/esp_common/libesp_common.a
[27/112] Building C object esp-idf/esp_system/CMakeFiles/__idf_esp_system.dir/esp_err.c.obj
[28/112] Building C object esp-idf/efuse/CMakeFiles/__idf_efuse.dir/esp32s3/esp_efuse_fields.c.obj
[29/112] Building C object esp-idf/efuse/CMakeFiles/__idf_efuse.dir/esp32s3/esp_efuse_table.c.obj
[30/112] Building C object esp-idf/efuse/CMakeFiles/__idf_efuse.dir/esp32s3/esp_efuse_utility.c.obj
[31/112] Building C object esp-idf/efuse/CMakeFiles/__idf_efuse.dir/esp32s3/esp_efuse_rtc_calib.c.obj
[32/112] Building C object esp-idf/bootloader_support/CMakeFiles/__idf_bootloader_support.dir/src/bootloader_clock_init.c.obj
[33/112] Building C object esp-idf/bootloader_support/CMakeFiles/__idf_bootloader_support.dir/src/bootloader_mem.c.obj
[34/112] Building C object esp-idf/bootloader_support/CMakeFiles/__idf_bootloader_support.dir/src/bootloader_common.c.obj
[35/112] Building C object esp-idf/efuse/CMakeFiles/__idf_efuse.dir/src/esp_efuse_fields.c.obj
[36/112] Building C object esp-idf/bootloader_support/CMakeFiles/__idf_bootloader_support.dir/src/bootloader_common_loader.c.obj
[37/112] Building C object esp-idf/esp_hw_support/CMakeFiles/__idf_esp_hw_support.dir/port/esp32s3/rtc_init.c.obj
[38/112] Building C object esp-idf/esp_hw_support/CMakeFiles/__idf_esp_hw_support.dir/port/esp32s3/rtc_clk.c.obj
[39/112] Building C object esp-idf/bootloader_support/CMakeFiles/__idf_bootloader_support.dir/src/bootloader_random_esp32s3.c.obj
[40/112] Building C object esp-idf/bootloader_support/CMakeFiles/__idf_bootloader_support.dir/src/secure_boot.c.obj
[41/112] Building C object esp-idf/bootloader_support/CMakeFiles/__idf_bootloader_support.dir/src/bootloader_random.c.obj
[42/112] Building C object esp-idf/bootloader_support/CMakeFiles/__idf_bootloader_support.dir/src/bootloader_efuse.c.obj
[43/112] Linking C static library esp-idf/esp_hw_support/libesp_hw_support.a
[44/112] Building C object esp-idf/efuse/CMakeFiles/__idf_efuse.dir/src/esp_efuse_api.c.obj
[45/112] Building C object esp-idf/bootloader_support/CMakeFiles/__idf_bootloader_support.dir/src/flash_encrypt.c.obj
[46/112] Building C object esp-idf/efuse/CMakeFiles/__idf_efuse.dir/src/efuse_controller/keys/with_key_purposes/esp_efuse_api_key.c.obj
[47/112] Linking C static library esp-idf/esp_system/libesp_system.a
[48/112] Building C object esp-idf/bootloader_support/CMakeFiles/__idf_bootloader_support.dir/src/flash_partitions.c.obj
[49/112] Building C object esp-idf/bootloader_support/CMakeFiles/__idf_bootloader_support.dir/src/bootloader_clock_loader.c.obj
[50/112] Building C object esp-idf/bootloader_support/CMakeFiles/__idf_bootloader_support.dir/bootloader_flash/src/flash_qio_mode.c.obj
[51/112] Building C object esp-idf/bootloader_support/CMakeFiles/__idf_bootloader_support.dir/src/bootloader_console_loader.c.obj
[52/112] Building C object esp-idf/bootloader_support/CMakeFiles/__idf_bootloader_support.dir/src/bootloader_init.c.obj
[53/112] Building C object esp-idf/bootloader_support/CMakeFiles/__idf_bootloader_support.dir/src/esp32s3/bootloader_soc.c.obj
[54/112] Building C object esp-idf/bootloader_support/CMakeFiles/__idf_bootloader_support.dir/src/bootloader_console.c.obj
[55/112] Building C object esp-idf/bootloader_support/CMakeFiles/__idf_bootloader_support.dir/src/esp32s3/bootloader_sha.c.obj
[56/112] Building C object esp-idf/efuse/CMakeFiles/__idf_efuse.dir/src/esp_efuse_utility.c.obj
[57/112] Building C object esp-idf/bootloader_support/CMakeFiles/__idf_bootloader_support.dir/bootloader_flash/src/bootloader_flash_config_esp32s3.c.obj
[58/112] Building C object esp-idf/bootloader_support/CMakeFiles/__idf_bootloader_support.dir/src/bootloader_panic.c.obj
[59/112] Building C object esp-idf/esp_app_format/CMakeFiles/__idf_esp_app_format.dir/esp_app_desc.c.obj
[60/112] Building C object esp-idf/hal/CMakeFiles/__idf_hal.dir/mpu_hal.c.obj
[61/112] Linking C static library esp-idf/efuse/libefuse.a
[62/112] Building C object esp-idf/hal/CMakeFiles/__idf_hal.dir/efuse_hal.c.obj
[63/112] Building C object esp-idf/spi_flash/CMakeFiles/__idf_spi_flash.dir/spi_flash_wrap.c.obj
[64/112] Building C object esp-idf/bootloader_support/CMakeFiles/__idf_bootloader_support.dir/src/esp32s3/bootloader_esp32s3.c.obj
[65/112] Building C object esp-idf/hal/CMakeFiles/__idf_hal.dir/esp32s3/efuse_hal.c.obj
[66/112] Building C object esp-idf/hal/CMakeFiles/__idf_hal.dir/cache_hal.c.obj
[67/112] Building C object esp-idf/soc/CMakeFiles/__idf_soc.dir/lldesc.c.obj
[68/112] Building C object esp-idf/soc/CMakeFiles/__idf_soc.dir/dport_access_common.c.obj
[69/112] Building C object esp-idf/soc/CMakeFiles/__idf_soc.dir/esp32s3/interrupts.c.obj
[70/112] Building C object esp-idf/soc/CMakeFiles/__idf_soc.dir/esp32s3/gpio_periph.c.obj
[71/112] Building C object esp-idf/soc/CMakeFiles/__idf_soc.dir/esp32s3/uart_periph.c.obj
[72/112] Building C object esp-idf/hal/CMakeFiles/__idf_hal.dir/mmu_hal.c.obj
[73/112] Building C object esp-idf/soc/CMakeFiles/__idf_soc.dir/esp32s3/adc_periph.c.obj
[74/112] Building C object esp-idf/soc/CMakeFiles/__idf_soc.dir/esp32s3/dedic_gpio_periph.c.obj
[75/112] Building C object esp-idf/soc/CMakeFiles/__idf_soc.dir/esp32s3/gdma_periph.c.obj
[76/112] Building C object esp-idf/soc/CMakeFiles/__idf_soc.dir/esp32s3/ledc_periph.c.obj
[77/112] Building C object esp-idf/soc/CMakeFiles/__idf_soc.dir/esp32s3/sdm_periph.c.obj
[78/112] Building C object esp-idf/soc/CMakeFiles/__idf_soc.dir/esp32s3/pcnt_periph.c.obj
[79/112] Building C object esp-idf/soc/CMakeFiles/__idf_soc.dir/esp32s3/spi_periph.c.obj
[80/112] Building C object esp-idf/soc/CMakeFiles/__idf_soc.dir/esp32s3/rmt_periph.c.obj
[81/112] Building C object esp-idf/soc/CMakeFiles/__idf_soc.dir/esp32s3/i2s_periph.c.obj
[82/112] Building C object esp-idf/soc/CMakeFiles/__idf_soc.dir/esp32s3/temperature_sensor_periph.c.obj
[83/112] Building C object esp-idf/soc/CMakeFiles/__idf_soc.dir/esp32s3/i2c_periph.c.obj
[84/112] Building C object esp-idf/soc/CMakeFiles/__idf_soc.dir/esp32s3/lcd_periph.c.obj
[85/112] Building C object esp-idf/bootloader_support/CMakeFiles/__idf_bootloader_support.dir/src/bootloader_utility.c.obj
[86/112] Building C object esp-idf/soc/CMakeFiles/__idf_soc.dir/esp32s3/timer_periph.c.obj
[87/112] Building C object esp-idf/soc/CMakeFiles/__idf_soc.dir/esp32s3/mcpwm_periph.c.obj
[88/112] Building C object esp-idf/soc/CMakeFiles/__idf_soc.dir/esp32s3/sdmmc_periph.c.obj
[89/112] Building C object esp-idf/soc/CMakeFiles/__idf_soc.dir/esp32s3/usb_periph.c.obj
[90/112] Building C object esp-idf/soc/CMakeFiles/__idf_soc.dir/esp32s3/twai_periph.c.obj
[91/112] Building C object esp-idf/soc/CMakeFiles/__idf_soc.dir/esp32s3/usb_dwc_periph.c.obj
[92/112] Building C object esp-idf/xtensa/CMakeFiles/__idf_xtensa.dir/eri.c.obj
[93/112] Building C object esp-idf/bootloader_support/CMakeFiles/__idf_bootloader_support.dir/bootloader_flash/src/bootloader_flash.c.obj
[94/112] Generating project_elf_src_esp32s3.c
[95/112] Building C object esp-idf/soc/CMakeFiles/__idf_soc.dir/esp32s3/touch_sensor_periph.c.obj
[96/112] Building C object esp-idf/soc/CMakeFiles/__idf_soc.dir/esp32s3/rtc_io_periph.c.obj
[97/112] Building C object esp-idf/xtensa/CMakeFiles/__idf_xtensa.dir/xt_trax.c.obj
[98/112] Building C object CMakeFiles/bootloader.elf.dir/project_elf_src_esp32s3.c.obj
[99/112] Building C object esp-idf/main/CMakeFiles/__idf_main.dir/bootloader_start.c.obj
[100/112] Building C object esp-idf/bootloader_support/CMakeFiles/__idf_bootloader_support.dir/src/esp_image_format.c.obj
[101/112] Linking C static library esp-idf/bootloader_support/libbootloader_support.a
[102/112] Linking C static library esp-idf/esp_app_format/libesp_app_format.a
[103/112] Linking C static library esp-idf/spi_flash/libspi_flash.a
[104/112] Building C object esp-idf/micro-ecc/CMakeFiles/__idf_micro-ecc.dir/uECC_verify_antifault.c.obj
[105/112] Linking C static library esp-idf/hal/libhal.a
[106/112] Linking C static library esp-idf/micro-ecc/libmicro-ecc.a
[107/112] Linking C static library esp-idf/soc/libsoc.a
[108/112] Linking C static library esp-idf/xtensa/libxtensa.a
[109/112] Linking C static library esp-idf/main/libmain.a
[110/112] Linking C executable bootloader.elf
[111/112] Generating binary image from built executable
esptool.py v4.12.0
Creating esp32s3 image...
Merged 1 ELF section
Successfully created esp32s3 image.
Generated /Users/lojaws/Documents/ESP32-S3-Car-Adapter/firmware/controller-probe/build-0/bootloader/bootloader.bin
[112/112] cd /Users/lojaws/Documents/ESP32-S3-Car-Adapter/firmware/controller-probe/build-0/bootloader/esp-idf/esptool_py && /Users/lojaws/Documents/ESP32-S3-Car-Adapter/.tools/python_env/idf5.1_py3.9_env/bin/python /Users/lojaws/.platformio/packages/framework-espidf/components/partition_table/check_sizes.py --offset 0x8000 bootloader 0x0 /Users/lojaws/Documents/ESP32-S3-Car-Adapter/firmware/controller-probe/build-0/bootloader/bootloader.bin
Bootloader binary size 0x51d0 bytes. 0x2e30 bytes (36%) free.
[991/997] No install step for 'bootloader'
[992/997] Completed 'bootloader'
[993/997] Generating ld/sections.ld
[994/997] Building C object CMakeFiles/s3_controller_probe.elf.dir/project_elf_src_esp32s3.c.obj
[995/997] Linking CXX executable s3_controller_probe.elf
[996/997] Generating binary image from built executable
esptool.py v4.12.0
Creating esp32s3 image...
Merged 2 ELF sections
Successfully created esp32s3 image.
Generated /Users/lojaws/Documents/ESP32-S3-Car-Adapter/firmware/controller-probe/build-0/s3_controller_probe.bin
[997/997] cd /Users/lojaws/Documents/ESP32-S3-Car-Adapter/firmware/controller-probe/build-0/esp-idf/esptool_py && /Users/lojaws/Documents/ESP32-S3-Car-Adapter/.tools/python_env/idf5.1_py3.9_env/bin/python /Users/lojaws/.platformio/packages/framework-espidf/components/partition_table/check_sizes.py --offset 0x8000 partition --type app /Users/lojaws/Documents/ESP32-S3-Car-Adapter/firmware/controller-probe/build-0/partition_table/partition-table.bin /Users/lojaws/Documents/ESP32-S3-Car-Adapter/firmware/controller-probe/build-0/s3_controller_probe.bin
s3_controller_probe.bin binary size 0x5f7e0 bytes. Smallest app partition is 0x100000 bytes. 0xa0820 bytes (63%) free.

Project build complete. To flash, run this command:
/Users/lojaws/Documents/ESP32-S3-Car-Adapter/.tools/python_env/idf5.1_py3.9_env/bin/python ../../../../.platformio/packages/framework-espidf/components/esptool_py/esptool/esptool.py -p (PORT) -b 460800 --before default_reset --after hard_reset --chip esp32s3  write_flash --flash_mode dio --flash_size 2MB --flash_freq 80m 0x0 build-0/bootloader/bootloader.bin 0x8000 build-0/partition_table/partition-table.bin 0x10000 build-0/s3_controller_probe.bin
or run 'idf.py -p (PORT) flash'
Executing action: all (aliases: build)
Running cmake in directory /Users/lojaws/Documents/ESP32-S3-Car-Adapter/firmware/controller-probe/build-1
Executing "cmake -G Ninja -DPYTHON_DEPS_CHECKED=1 -DPYTHON=/Users/lojaws/Documents/ESP32-S3-Car-Adapter/.tools/python_env/idf5.1_py3.9_env/bin/python -DESP_PLATFORM=1 -DIDF_TARGET=esp32s3 -DSDKCONFIG=build-1/sdkconfig -DPROBE_CASE=1 -DCCACHE_ENABLE=0 /Users/lojaws/Documents/ESP32-S3-Car-Adapter/firmware/controller-probe"...
-- Found Git: /usr/bin/git (found version "2.54.0 (Apple Git-157)")
-- git rev-parse returned 'fatal: not a git repository (or any of the parent directories): .git'
fatal: not a git repository (or any of the parent directories): .git
-- The C compiler identification is GNU 12.2.0
-- The CXX compiler identification is GNU 12.2.0
-- The ASM compiler identification is GNU
-- Found assembler: /Users/lojaws/Documents/ESP32-S3-Car-Adapter/.tools/tools/xtensa-esp32s3-elf/esp-12.2.0_20230208/xtensa-esp32s3-elf/bin/xtensa-esp32s3-elf-gcc
-- Detecting C compiler ABI info
-- Detecting C compiler ABI info - done
-- Check for working C compiler: /Users/lojaws/Documents/ESP32-S3-Car-Adapter/.tools/tools/xtensa-esp32s3-elf/esp-12.2.0_20230208/xtensa-esp32s3-elf/bin/xtensa-esp32s3-elf-gcc - skipped
-- Detecting C compile features
-- Detecting C compile features - done
-- Detecting CXX compiler ABI info
-- Detecting CXX compiler ABI info - done
-- Check for working CXX compiler: /Users/lojaws/Documents/ESP32-S3-Car-Adapter/.tools/tools/xtensa-esp32s3-elf/esp-12.2.0_20230208/xtensa-esp32s3-elf/bin/xtensa-esp32s3-elf-g++ - skipped
-- Detecting CXX compile features
-- Detecting CXX compile features - done
-- git rev-parse returned 'fatal: not a git repository (or any of the parent directories): .git'
-- Could not use 'git describe' to determine PROJECT_VER.
-- Building ESP-IDF components for target esp32s3
-- Project sdkconfig file /Users/lojaws/Documents/ESP32-S3-Car-Adapter/firmware/controller-probe/build-1/sdkconfig
Loading defaults file /Users/lojaws/Documents/ESP32-S3-Car-Adapter/firmware/controller-probe/sdkconfig.defaults...
Compiler supported targets: xtensa-esp32s3-elf

-- Looking for sys/types.h
-- Looking for sys/types.h - found
-- Looking for stdint.h
-- Looking for stdint.h - found
-- Looking for stddef.h
-- Looking for stddef.h - found
-- Check size of time_t
-- Check size of time_t - done
CMake Deprecation Warning at /Users/lojaws/.platformio/packages/framework-espidf/components/mbedtls/mbedtls/CMakeLists.txt:21 (cmake_minimum_required):
  Compatibility with CMake < 3.10 will be removed from a future version of
  CMake.

  Update the VERSION argument <min> value.  Or, use the <min>...<max> syntax
  to tell CMake that the project requires at least <min> but has been updated
  to work with policies introduced by <max> or earlier.


-- Found Python3: /Users/lojaws/Documents/ESP32-S3-Car-Adapter/.tools/python_env/idf5.1_py3.9_env/bin/python (found version "3.9.6") found components: Interpreter
-- Performing Test CMAKE_HAVE_LIBC_PTHREAD
-- Performing Test CMAKE_HAVE_LIBC_PTHREAD - Failed
-- Check if compiler accepts -pthread
-- Check if compiler accepts -pthread - no
-- Looking for pthread_create in pthreads
-- Looking for pthread_create in pthreads - not found
-- Looking for pthread_create in pthread
-- Looking for pthread_create in pthread - not found
-- Could NOT find Threads (missing: Threads_FOUND) 
-- Performing Test C_COMPILER_SUPPORTS_WFORMAT_SIGNEDNESS
-- Performing Test C_COMPILER_SUPPORTS_WFORMAT_SIGNEDNESS - Success
-- App "s3_controller_probe" version: 1
-- Adding linker script /Users/lojaws/Documents/ESP32-S3-Car-Adapter/firmware/controller-probe/build-1/esp-idf/esp_system/ld/memory.ld
-- Adding linker script /Users/lojaws/.platformio/packages/framework-espidf/components/esp_system/ld/esp32s3/sections.ld.in
-- Adding linker script /Users/lojaws/.platformio/packages/framework-espidf/components/esp_rom/esp32s3/ld/esp32s3.rom.ld
-- Adding linker script /Users/lojaws/.platformio/packages/framework-espidf/components/esp_rom/esp32s3/ld/esp32s3.rom.api.ld
-- Adding linker script /Users/lojaws/.platformio/packages/framework-espidf/components/esp_rom/esp32s3/ld/esp32s3.rom.bt_funcs.ld
-- Adding linker script /Users/lojaws/.platformio/packages/framework-espidf/components/esp_rom/esp32s3/ld/esp32s3.rom.libgcc.ld
-- Adding linker script /Users/lojaws/.platformio/packages/framework-espidf/components/esp_rom/esp32s3/ld/esp32s3.rom.newlib.ld
-- Adding linker script /Users/lojaws/.platformio/packages/framework-espidf/components/esp_rom/esp32s3/ld/esp32s3.rom.version.ld
-- Adding linker script /Users/lojaws/.platformio/packages/framework-espidf/components/soc/esp32s3/ld/esp32s3.peripherals.ld
fatal: not a git repository (or any of the parent directories): .git
fatal: not a git repository (or any of the parent directories): .git
-- Components: __pio_env app_trace app_update bootloader bootloader_support bt cmock console cxx driver efuse esp-tls esp_adc esp_app_format esp_coex esp_common esp_eth esp_event esp_gdbstub esp_hid esp_http_client esp_http_server esp_https_ota esp_https_server esp_hw_support esp_lcd esp_local_ctrl esp_mm esp_netif esp_netif_stack esp_partition esp_phy esp_pm esp_psram esp_ringbuf esp_rom esp_system esp_timer esp_wifi espcoredump esptool_py fatfs freertos hal heap http_parser idf_test ieee802154 json log lwip main mbedtls mqtt newlib nvs_flash openthread partition_table perfmon protobuf-c protocomm pthread sdmmc soc spi_flash spiffs tcp_transport touch_element ulp unity usb vfs wear_levelling wifi_provisioning wpa_supplicant xtensa
-- Component paths: /Users/lojaws/.platformio/packages/framework-espidf/components/__pio_env /Users/lojaws/.platformio/packages/framework-espidf/components/app_trace /Users/lojaws/.platformio/packages/framework-espidf/components/app_update /Users/lojaws/.platformio/packages/framework-espidf/components/bootloader /Users/lojaws/.platformio/packages/framework-espidf/components/bootloader_support /Users/lojaws/.platformio/packages/framework-espidf/components/bt /Users/lojaws/.platformio/packages/framework-espidf/components/cmock /Users/lojaws/.platformio/packages/framework-espidf/components/console /Users/lojaws/.platformio/packages/framework-espidf/components/cxx /Users/lojaws/.platformio/packages/framework-espidf/components/driver /Users/lojaws/.platformio/packages/framework-espidf/components/efuse /Users/lojaws/.platformio/packages/framework-espidf/components/esp-tls /Users/lojaws/.platformio/packages/framework-espidf/components/esp_adc /Users/lojaws/.platformio/packages/framework-espidf/components/esp_app_format /Users/lojaws/.platformio/packages/framework-espidf/components/esp_coex /Users/lojaws/.platformio/packages/framework-espidf/components/esp_common /Users/lojaws/.platformio/packages/framework-espidf/components/esp_eth /Users/lojaws/.platformio/packages/framework-espidf/components/esp_event /Users/lojaws/.platformio/packages/framework-espidf/components/esp_gdbstub /Users/lojaws/.platformio/packages/framework-espidf/components/esp_hid /Users/lojaws/.platformio/packages/framework-espidf/components/esp_http_client /Users/lojaws/.platformio/packages/framework-espidf/components/esp_http_server /Users/lojaws/.platformio/packages/framework-espidf/components/esp_https_ota /Users/lojaws/.platformio/packages/framework-espidf/components/esp_https_server /Users/lojaws/.platformio/packages/framework-espidf/components/esp_hw_support /Users/lojaws/.platformio/packages/framework-espidf/components/esp_lcd /Users/lojaws/.platformio/packages/framework-espidf/components/esp_local_ctrl /Users/lojaws/.platformio/packages/framework-espidf/components/esp_mm /Users/lojaws/.platformio/packages/framework-espidf/components/esp_netif /Users/lojaws/.platformio/packages/framework-espidf/components/esp_netif_stack /Users/lojaws/.platformio/packages/framework-espidf/components/esp_partition /Users/lojaws/.platformio/packages/framework-espidf/components/esp_phy /Users/lojaws/.platformio/packages/framework-espidf/components/esp_pm /Users/lojaws/.platformio/packages/framework-espidf/components/esp_psram /Users/lojaws/.platformio/packages/framework-espidf/components/esp_ringbuf /Users/lojaws/.platformio/packages/framework-espidf/components/esp_rom /Users/lojaws/.platformio/packages/framework-espidf/components/esp_system /Users/lojaws/.platformio/packages/framework-espidf/components/esp_timer /Users/lojaws/.platformio/packages/framework-espidf/components/esp_wifi /Users/lojaws/.platformio/packages/framework-espidf/components/espcoredump /Users/lojaws/.platformio/packages/framework-espidf/components/esptool_py /Users/lojaws/.platformio/packages/framework-espidf/components/fatfs /Users/lojaws/.platformio/packages/framework-espidf/components/freertos /Users/lojaws/.platformio/packages/framework-espidf/components/hal /Users/lojaws/.platformio/packages/framework-espidf/components/heap /Users/lojaws/.platformio/packages/framework-espidf/components/http_parser /Users/lojaws/.platformio/packages/framework-espidf/components/idf_test /Users/lojaws/.platformio/packages/framework-espidf/components/ieee802154 /Users/lojaws/.platformio/packages/framework-espidf/components/json /Users/lojaws/.platformio/packages/framework-espidf/components/log /Users/lojaws/.platformio/packages/framework-espidf/components/lwip /Users/lojaws/Documents/ESP32-S3-Car-Adapter/firmware/controller-probe/main /Users/lojaws/.platformio/packages/framework-espidf/components/mbedtls /Users/lojaws/.platformio/packages/framework-espidf/components/mqtt /Users/lojaws/.platformio/packages/framework-espidf/components/newlib /Users/lojaws/.platformio/packages/framework-espidf/components/nvs_flash /Users/lojaws/.platformio/packages/framework-espidf/components/openthread /Users/lojaws/.platformio/packages/framework-espidf/components/partition_table /Users/lojaws/.platformio/packages/framework-espidf/components/perfmon /Users/lojaws/.platformio/packages/framework-espidf/components/protobuf-c /Users/lojaws/.platformio/packages/framework-espidf/components/protocomm /Users/lojaws/.platformio/packages/framework-espidf/components/pthread /Users/lojaws/.platformio/packages/framework-espidf/components/sdmmc /Users/lojaws/.platformio/packages/framework-espidf/components/soc /Users/lojaws/.platformio/packages/framework-espidf/components/spi_flash /Users/lojaws/.platformio/packages/framework-espidf/components/spiffs /Users/lojaws/.platformio/packages/framework-espidf/components/tcp_transport /Users/lojaws/.platformio/packages/framework-espidf/components/touch_element /Users/lojaws/.platformio/packages/framework-espidf/components/ulp /Users/lojaws/.platformio/packages/framework-espidf/components/unity /Users/lojaws/.platformio/packages/framework-espidf/components/usb /Users/lojaws/.platformio/packages/framework-espidf/components/vfs /Users/lojaws/.platformio/packages/framework-espidf/components/wear_levelling /Users/lojaws/.platformio/packages/framework-espidf/components/wifi_provisioning /Users/lojaws/.platformio/packages/framework-espidf/components/wpa_supplicant /Users/lojaws/.platformio/packages/framework-espidf/components/xtensa
-- Configuring done (2.7s)
-- Generating done (0.3s)
-- Build files have been written to: /Users/lojaws/Documents/ESP32-S3-Car-Adapter/firmware/controller-probe/build-1
Running ninja in directory /Users/lojaws/Documents/ESP32-S3-Car-Adapter/firmware/controller-probe/build-1
Executing "ninja all"...
[1/997] Generating project_elf_src_esp32s3.c
[2/997] Generating memory.ld linker script...
[3/997] Building C object esp-idf/ulp/CMakeFiles/__idf_ulp.dir/ulp_common/ulp_adc.c.obj
[4/997] Building C object esp-idf/ulp/CMakeFiles/__idf_ulp.dir/ulp_common/ulp_common.c.obj
[5/997] Generating ../../partition_table/partition-table.bin
Partition table binary generated. Contents:
*******************************************************************************
# ESP-IDF Partition Table
# Name, Type, SubType, Offset, Size, Flags
nvs,data,nvs,0x9000,24K,
phy_init,data,phy,0xf000,4K,
factory,app,factory,0x10000,1M,
*******************************************************************************
[6/997] Linking C static library esp-idf/ulp/libulp.a
[7/997] Building C object esp-idf/esp_http_server/CMakeFiles/__idf_esp_http_server.dir/src/httpd_uri.c.obj
[8/997] Building C object esp-idf/esp_http_server/CMakeFiles/__idf_esp_http_server.dir/src/httpd_ws.c.obj
[9/997] Building C object esp-idf/esp_http_server/CMakeFiles/__idf_esp_http_server.dir/src/httpd_sess.c.obj
[10/997] Building C object esp-idf/esp_http_server/CMakeFiles/__idf_esp_http_server.dir/src/util/ctrl_sock.c.obj
[11/997] Building C object esp-idf/esp_http_server/CMakeFiles/__idf_esp_http_server.dir/src/httpd_txrx.c.obj
[12/997] Building C object esp-idf/esp_http_server/CMakeFiles/__idf_esp_http_server.dir/src/httpd_main.c.obj
[13/997] Building C object esp-idf/esp_https_ota/CMakeFiles/__idf_esp_https_ota.dir/src/esp_https_ota.c.obj
[14/997] Building C object esp-idf/esp_http_client/CMakeFiles/__idf_esp_http_client.dir/lib/http_header.c.obj
[15/997] Building C object esp-idf/esp_http_client/CMakeFiles/__idf_esp_http_client.dir/lib/http_utils.c.obj
[16/997] Linking C static library esp-idf/esp_https_ota/libesp_https_ota.a
[17/997] Building C object esp-idf/esp_http_client/CMakeFiles/__idf_esp_http_client.dir/lib/http_auth.c.obj
[18/997] Building C object esp-idf/esp_http_server/CMakeFiles/__idf_esp_http_server.dir/src/httpd_parse.c.obj
[19/997] Building C object esp-idf/tcp_transport/CMakeFiles/__idf_tcp_transport.dir/transport_socks_proxy.c.obj
[20/997] Building C object esp-idf/tcp_transport/CMakeFiles/__idf_tcp_transport.dir/transport_internal.c.obj
[21/997] Building C object esp-idf/esp_gdbstub/CMakeFiles/__idf_esp_gdbstub.dir/src/gdbstub_transport.c.obj
[22/997] Linking C static library esp-idf/esp_http_server/libesp_http_server.a
[23/997] Building C object esp-idf/esp_gdbstub/CMakeFiles/__idf_esp_gdbstub.dir/src/packet.c.obj
[24/997] Building C object esp-idf/esp_gdbstub/CMakeFiles/__idf_esp_gdbstub.dir/src/port/xtensa/gdbstub_xtensa.c.obj
[25/997] Building ASM object esp-idf/esp_gdbstub/CMakeFiles/__idf_esp_gdbstub.dir/src/port/xtensa/gdbstub-entry.S.obj
[26/997] Building ASM object esp-idf/esp_gdbstub/CMakeFiles/__idf_esp_gdbstub.dir/src/port/xtensa/xt_debugexception.S.obj
[27/997] Building C object esp-idf/esp_gdbstub/CMakeFiles/__idf_esp_gdbstub.dir/src/gdbstub.c.obj
[28/997] Building C object esp-idf/esp_adc/CMakeFiles/__idf_esp_adc.dir/adc_cali.c.obj
[29/997] Building C object esp-idf/tcp_transport/CMakeFiles/__idf_tcp_transport.dir/transport.c.obj
[30/997] Building C object esp-idf/esp_eth/CMakeFiles/__idf_esp_eth.dir/src/esp_eth_netif_glue.c.obj
[31/997] Building C object esp-idf/esp_adc/CMakeFiles/__idf_esp_adc.dir/adc_cali_curve_fitting.c.obj
[32/997] Building C object esp-idf/tcp_transport/CMakeFiles/__idf_tcp_transport.dir/transport_ssl.c.obj
[33/997] Building C object esp-idf/esp_adc/CMakeFiles/__idf_esp_adc.dir/deprecated/esp_adc_cal_common_legacy.c.obj
[34/997] Building C object esp-idf/esp_eth/CMakeFiles/__idf_esp_eth.dir/src/esp_eth.c.obj
[35/997] Building C object esp-idf/esp_adc/CMakeFiles/__idf_esp_adc.dir/esp32s3/curve_fitting_coefficients.c.obj
[36/997] Building C object esp-idf/esp_adc/CMakeFiles/__idf_esp_adc.dir/adc_common.c.obj
[37/997] Building C object esp-idf/esp_http_client/CMakeFiles/__idf_esp_http_client.dir/esp_http_client.c.obj
[38/997] Building C object esp-idf/esp_adc/CMakeFiles/__idf_esp_adc.dir/adc_filter.c.obj
[39/997] Building C object esp-idf/esp_adc/CMakeFiles/__idf_esp_adc.dir/deprecated/esp32s3/esp_adc_cal_legacy.c.obj
[40/997] Building C object esp-idf/esp-tls/CMakeFiles/__idf_esp-tls.dir/esp-tls-crypto/esp_tls_crypto.c.obj
[41/997] Linking C static library esp-idf/esp_http_client/libesp_http_client.a
[42/997] Building C object esp-idf/esp_adc/CMakeFiles/__idf_esp_adc.dir/adc_oneshot.c.obj
[43/997] Building C object esp-idf/esp_eth/CMakeFiles/__idf_esp_eth.dir/src/esp_eth_phy_802_3.c.obj
[44/997] Building C object esp-idf/esp-tls/CMakeFiles/__idf_esp-tls.dir/esp_tls_platform_port.c.obj
[45/997] Building C object esp-idf/esp_wifi/CMakeFiles/__idf_esp_wifi.dir/src/mesh_event.c.obj
[46/997] Building C object esp-idf/esp-tls/CMakeFiles/__idf_esp-tls.dir/esp_tls_error_capture.c.obj
[47/997] Building C object esp-idf/tcp_transport/CMakeFiles/__idf_tcp_transport.dir/transport_ws.c.obj
[48/997] Building C object esp-idf/esp_wifi/CMakeFiles/__idf_esp_wifi.dir/src/wifi_init.c.obj
[49/997] Building C object esp-idf/esp_wifi/CMakeFiles/__idf_esp_wifi.dir/src/smartconfig.c.obj
[50/997] Building C object esp-idf/esp_adc/CMakeFiles/__idf_esp_adc.dir/adc_continuous.c.obj
[51/997] Building C object esp-idf/esp_wifi/CMakeFiles/__idf_esp_wifi.dir/src/wifi_default.c.obj
[52/997] Building C object esp-idf/esp_wifi/CMakeFiles/__idf_esp_wifi.dir/src/wifi_default_ap.c.obj
[53/997] Linking C static library esp-idf/tcp_transport/libtcp_transport.a
[54/997] Building C object esp-idf/esp_wifi/CMakeFiles/__idf_esp_wifi.dir/src/wifi_netif.c.obj
[55/997] Building C object esp-idf/esp_coex/CMakeFiles/__idf_esp_coex.dir/src/coexist_debug_diagram.c.obj
[56/997] Building C object esp-idf/esp_coex/CMakeFiles/__idf_esp_coex.dir/src/coexist.c.obj
[57/997] Building C object esp-idf/esp_coex/CMakeFiles/__idf_esp_coex.dir/esp32s3/esp_coex_adapter.c.obj
[58/997] Linking C static library esp-idf/esp_gdbstub/libesp_gdbstub.a
[59/997] Building C object esp-idf/esp_coex/CMakeFiles/__idf_esp_coex.dir/src/coexist_debug.c.obj
[60/997] Building C object esp-idf/esp_wifi/CMakeFiles/__idf_esp_wifi.dir/src/smartconfig_ack.c.obj
[61/997] Building C object esp-idf/wpa_supplicant/CMakeFiles/__idf_wpa_supplicant.dir/port/os_xtensa.c.obj
[62/997] Linking C static library esp-idf/esp_eth/libesp_eth.a
[63/997] Building C object esp-idf/esp-tls/CMakeFiles/__idf_esp-tls.dir/esp_tls.c.obj
[64/997] Building C object esp-idf/esp-tls/CMakeFiles/__idf_esp-tls.dir/esp_tls_mbedtls.c.obj
[65/997] Building C object esp-idf/wpa_supplicant/CMakeFiles/__idf_wpa_supplicant.dir/src/ap/ap_config.c.obj
[66/997] Building C object esp-idf/wpa_supplicant/CMakeFiles/__idf_wpa_supplicant.dir/port/eloop.c.obj
[67/997] Linking C static library esp-idf/esp_adc/libesp_adc.a
[68/997] Building C object esp-idf/esp_wifi/CMakeFiles/__idf_esp_wifi.dir/esp32s3/esp_adapter.c.obj
[69/997] Building C object esp-idf/wpa_supplicant/CMakeFiles/__idf_wpa_supplicant.dir/src/ap/ieee802_1x.c.obj
[70/997] Linking C static library esp-idf/esp-tls/libesp-tls.a
[71/997] Building C object esp-idf/wpa_supplicant/CMakeFiles/__idf_wpa_supplicant.dir/src/ap/sta_info.c.obj
[72/997] Building C object esp-idf/wpa_supplicant/CMakeFiles/__idf_wpa_supplicant.dir/src/ap/comeback_token.c.obj
[73/997] Building C object esp-idf/wpa_supplicant/CMakeFiles/__idf_wpa_supplicant.dir/src/ap/ieee802_11.c.obj
[74/997] Building C object esp-idf/wpa_supplicant/CMakeFiles/__idf_wpa_supplicant.dir/src/ap/pmksa_cache_auth.c.obj
[75/997] Building C object esp-idf/wpa_supplicant/CMakeFiles/__idf_wpa_supplicant.dir/src/ap/wpa_auth_ie.c.obj
[76/997] Building C object esp-idf/wpa_supplicant/CMakeFiles/__idf_wpa_supplicant.dir/src/utils/bitfield.c.obj
[77/997] Building C object esp-idf/wpa_supplicant/CMakeFiles/__idf_wpa_supplicant.dir/src/common/dragonfly.c.obj
[78/997] Building C object esp-idf/wpa_supplicant/CMakeFiles/__idf_wpa_supplicant.dir/src/crypto/sha256-kdf.c.obj
[79/997] Building C object esp-idf/wpa_supplicant/CMakeFiles/__idf_wpa_supplicant.dir/src/crypto/aes-siv.c.obj
[80/997] Building C object esp-idf/wpa_supplicant/CMakeFiles/__idf_wpa_supplicant.dir/src/crypto/ccmp.c.obj
[81/997] Building C object esp-idf/wpa_supplicant/CMakeFiles/__idf_wpa_supplicant.dir/src/crypto/dh_group5.c.obj
[82/997] Building C object esp-idf/wpa_supplicant/CMakeFiles/__idf_wpa_supplicant.dir/src/crypto/dh_groups.c.obj
[83/997] Building C object esp-idf/wpa_supplicant/CMakeFiles/__idf_wpa_supplicant.dir/src/common/wpa_common.c.obj
[84/997] Building C object esp-idf/wpa_supplicant/CMakeFiles/__idf_wpa_supplicant.dir/src/crypto/aes-gcm.c.obj
[85/997] Building C object esp-idf/wpa_supplicant/CMakeFiles/__idf_wpa_supplicant.dir/src/crypto/crypto_ops.c.obj
[86/997] Building C object esp-idf/wpa_supplicant/CMakeFiles/__idf_wpa_supplicant.dir/src/crypto/ms_funcs.c.obj
[87/997] Building C object esp-idf/wpa_supplicant/CMakeFiles/__idf_wpa_supplicant.dir/src/crypto/sha256-tlsprf.c.obj
[88/997] Building C object esp-idf/wpa_supplicant/CMakeFiles/__idf_wpa_supplicant.dir/src/crypto/sha384-prf.c.obj
[89/997] Building C object esp-idf/wpa_supplicant/CMakeFiles/__idf_wpa_supplicant.dir/src/crypto/sha1-tlsprf.c.obj
[90/997] Building C object esp-idf/http_parser/CMakeFiles/__idf_http_parser.dir/http_parser.c.obj
[91/997] Building C object esp-idf/wpa_supplicant/CMakeFiles/__idf_wpa_supplicant.dir/src/crypto/sha1-prf.c.obj
[92/997] Building C object esp-idf/wpa_supplicant/CMakeFiles/__idf_wpa_supplicant.dir/src/crypto/sha256-prf.c.obj
[93/997] Building C object esp-idf/wpa_supplicant/CMakeFiles/__idf_wpa_supplicant.dir/src/crypto/sha384-tlsprf.c.obj
[94/997] Building C object esp-idf/wpa_supplicant/CMakeFiles/__idf_wpa_supplicant.dir/src/crypto/md4-internal.c.obj
[95/997] Linking C static library esp-idf/http_parser/libhttp_parser.a
[96/997] Building C object esp-idf/wpa_supplicant/CMakeFiles/__idf_wpa_supplicant.dir/src/ap/wpa_auth.c.obj
[97/997] Linking C static library esp-idf/esp_wifi/libesp_wifi.a
[98/997] Building C object esp-idf/wpa_supplicant/CMakeFiles/__idf_wpa_supplicant.dir/src/eap_common/eap_wsc_common.c.obj
[99/997] Building C object esp-idf/wpa_supplicant/CMakeFiles/__idf_wpa_supplicant.dir/src/crypto/sha1-tprf.c.obj
[100/997] Building C object esp-idf/wpa_supplicant/CMakeFiles/__idf_wpa_supplicant.dir/src/eap_peer/chap.c.obj
[101/997] Building C object esp-idf/wpa_supplicant/CMakeFiles/__idf_wpa_supplicant.dir/src/eap_peer/eap_common.c.obj
[102/997] Building C object esp-idf/wpa_supplicant/CMakeFiles/__idf_wpa_supplicant.dir/src/common/ieee802_11_common.c.obj
[103/997] Building C object esp-idf/wpa_supplicant/CMakeFiles/__idf_wpa_supplicant.dir/src/eap_peer/eap_peap_common.c.obj
[104/997] Building C object esp-idf/wpa_supplicant/CMakeFiles/__idf_wpa_supplicant.dir/src/eap_peer/eap_tls.c.obj
[105/997] Building C object esp-idf/wpa_supplicant/CMakeFiles/__idf_wpa_supplicant.dir/src/common/sae.c.obj
[106/997] Building C object esp-idf/wpa_supplicant/CMakeFiles/__idf_wpa_supplicant.dir/src/eap_peer/eap_mschapv2.c.obj
[107/997] Building C object esp-idf/wpa_supplicant/CMakeFiles/__idf_wpa_supplicant.dir/src/eap_peer/mschapv2.c.obj
[108/997] Building C object esp-idf/wpa_supplicant/CMakeFiles/__idf_wpa_supplicant.dir/src/eap_peer/eap_fast_common.c.obj
[109/997] Building C object esp-idf/wpa_supplicant/CMakeFiles/__idf_wpa_supplicant.dir/src/rsn_supp/pmksa_cache.c.obj
[110/997] Building C object esp-idf/wpa_supplicant/CMakeFiles/__idf_wpa_supplicant.dir/src/rsn_supp/wpa_ie.c.obj
[111/997] Building C object esp-idf/wpa_supplicant/CMakeFiles/__idf_wpa_supplicant.dir/src/eap_peer/eap.c.obj
[112/997] Building C object esp-idf/wpa_supplicant/CMakeFiles/__idf_wpa_supplicant.dir/src/eap_peer/eap_peap.c.obj
[113/997] Building C object esp-idf/wpa_supplicant/CMakeFiles/__idf_wpa_supplicant.dir/src/eap_peer/eap_tls_common.c.obj
[114/997] Building C object esp-idf/wpa_supplicant/CMakeFiles/__idf_wpa_supplicant.dir/src/eap_peer/eap_fast_pac.c.obj
[115/997] Building C object esp-idf/wpa_supplicant/CMakeFiles/__idf_wpa_supplicant.dir/src/eap_peer/eap_ttls.c.obj
[116/997] Building C object esp-idf/wpa_supplicant/CMakeFiles/__idf_wpa_supplicant.dir/src/utils/ext_password.c.obj
[117/997] Building C object esp-idf/wpa_supplicant/CMakeFiles/__idf_wpa_supplicant.dir/src/utils/wpabuf.c.obj
[118/997] Building C object esp-idf/wpa_supplicant/CMakeFiles/__idf_wpa_supplicant.dir/src/utils/base64.c.obj
[119/997] Building C object esp-idf/wpa_supplicant/CMakeFiles/__idf_wpa_supplicant.dir/src/utils/uuid.c.obj
[120/997] Building C object esp-idf/wpa_supplicant/CMakeFiles/__idf_wpa_supplicant.dir/src/utils/wpa_debug.c.obj
[121/997] Building C object esp-idf/wpa_supplicant/CMakeFiles/__idf_wpa_supplicant.dir/src/eap_peer/eap_fast.c.obj
[122/997] Building C object esp-idf/wpa_supplicant/CMakeFiles/__idf_wpa_supplicant.dir/src/wps/wps.c.obj
[123/997] Building C object esp-idf/wpa_supplicant/CMakeFiles/__idf_wpa_supplicant.dir/src/utils/common.c.obj
[124/997] Building C object esp-idf/wpa_supplicant/CMakeFiles/__idf_wpa_supplicant.dir/src/wps/wps_attr_process.c.obj
[125/997] Building C object esp-idf/wpa_supplicant/CMakeFiles/__idf_wpa_supplicant.dir/src/wps/wps_attr_build.c.obj
[126/997] Building C object esp-idf/wpa_supplicant/CMakeFiles/__idf_wpa_supplicant.dir/src/utils/json.c.obj
[127/997] Building C object esp-idf/wpa_supplicant/CMakeFiles/__idf_wpa_supplicant.dir/src/wps/wps_attr_parse.c.obj
[128/997] Building C object esp-idf/wpa_supplicant/CMakeFiles/__idf_wpa_supplicant.dir/src/wps/wps_common.c.obj
[129/997] Building C object esp-idf/wpa_supplicant/CMakeFiles/__idf_wpa_supplicant.dir/esp_supplicant/src/esp_wpa2_api_port.c.obj
[130/997] Building C object esp-idf/wpa_supplicant/CMakeFiles/__idf_wpa_supplicant.dir/src/wps/wps_dev_attr.c.obj
[131/997] Building C object esp-idf/wpa_supplicant/CMakeFiles/__idf_wpa_supplicant.dir/esp_supplicant/src/esp_wpas_glue.c.obj
[132/997] Building C object esp-idf/wpa_supplicant/CMakeFiles/__idf_wpa_supplicant.dir/esp_supplicant/src/esp_common.c.obj
[133/997] Building C object esp-idf/wpa_supplicant/CMakeFiles/__idf_wpa_supplicant.dir/esp_supplicant/src/esp_owe.c.obj
[134/997] Building C object esp-idf/wpa_supplicant/CMakeFiles/__idf_wpa_supplicant.dir/esp_supplicant/src/esp_wpa_main.c.obj
[135/997] Building C object esp-idf/wpa_supplicant/CMakeFiles/__idf_wpa_supplicant.dir/src/common/sae_pk.c.obj
[136/997] Building C object esp-idf/wpa_supplicant/CMakeFiles/__idf_wpa_supplicant.dir/src/rsn_supp/wpa.c.obj
[137/997] Building C object esp-idf/wpa_supplicant/CMakeFiles/__idf_wpa_supplicant.dir/esp_supplicant/src/esp_hostap.c.obj
[138/997] Building C object esp-idf/wpa_supplicant/CMakeFiles/__idf_wpa_supplicant.dir/esp_supplicant/src/esp_wpa3.c.obj
[139/997] Building C object esp-idf/wpa_supplicant/CMakeFiles/__idf_wpa_supplicant.dir/src/wps/wps_enrollee.c.obj
[140/997] Building C object esp-idf/wpa_supplicant/CMakeFiles/__idf_wpa_supplicant.dir/esp_supplicant/src/crypto/fastpbkdf2.c.obj
[141/997] Building C object esp-idf/wpa_supplicant/CMakeFiles/__idf_wpa_supplicant.dir/esp_supplicant/src/crypto/crypto_mbedtls-bignum.c.obj
[142/997] Building C object esp-idf/wpa_supplicant/CMakeFiles/__idf_wpa_supplicant.dir/src/crypto/rc4.c.obj
[143/997] Building C object esp-idf/wpa_supplicant/CMakeFiles/__idf_wpa_supplicant.dir/esp_supplicant/src/esp_eap_client.c.obj
[144/997] Building C object esp-idf/wpa_supplicant/CMakeFiles/__idf_wpa_supplicant.dir/esp_supplicant/src/crypto/crypto_mbedtls.c.obj
[145/997] Building C object esp-idf/wpa_supplicant/CMakeFiles/__idf_wpa_supplicant.dir/esp_supplicant/src/crypto/crypto_mbedtls-rsa.c.obj
[146/997] Building C object esp-idf/wpa_supplicant/CMakeFiles/__idf_wpa_supplicant.dir/src/crypto/des-internal.c.obj
[147/997] Linking C static library esp-idf/esp_coex/libesp_coex.a
[148/997] Building C object esp-idf/wpa_supplicant/CMakeFiles/__idf_wpa_supplicant.dir/src/crypto/aes-unwrap.c.obj
[149/997] Building C object esp-idf/wpa_supplicant/CMakeFiles/__idf_wpa_supplicant.dir/src/crypto/aes-wrap.c.obj
[150/997] Building C object esp-idf/esp_netif/CMakeFiles/__idf_esp_netif.dir/esp_netif_defaults.c.obj
[151/997] Building C object esp-idf/esp_netif/CMakeFiles/__idf_esp_netif.dir/esp_netif_objects.c.obj
[152/997] Building C object esp-idf/esp_netif/CMakeFiles/__idf_esp_netif.dir/esp_netif_handlers.c.obj
[153/997] Building C object esp-idf/wpa_supplicant/CMakeFiles/__idf_wpa_supplicant.dir/src/crypto/aes-ccm.c.obj
[154/997] Building C object esp-idf/wpa_supplicant/CMakeFiles/__idf_wpa_supplicant.dir/esp_supplicant/src/esp_wps.c.obj
[155/997] Building C object esp-idf/esp_netif/CMakeFiles/__idf_esp_netif.dir/lwip/esp_netif_lwip_defaults.c.obj
[156/997] Building C object esp-idf/wpa_supplicant/CMakeFiles/__idf_wpa_supplicant.dir/esp_supplicant/src/crypto/tls_mbedtls.c.obj
[157/997] Building C object esp-idf/esp_netif/CMakeFiles/__idf_esp_netif.dir/lwip/esp_netif_sntp.c.obj
[158/997] Building C object esp-idf/esp_netif/CMakeFiles/__idf_esp_netif.dir/lwip/netif/esp_pbuf_ref.c.obj
[159/997] Building C object esp-idf/esp_netif/CMakeFiles/__idf_esp_netif.dir/lwip/netif/ethernetif.c.obj
[160/997] Building C object esp-idf/esp_netif/CMakeFiles/__idf_esp_netif.dir/lwip/netif/wlanif.c.obj
[161/997] Building C object esp-idf/wpa_supplicant/CMakeFiles/__idf_wpa_supplicant.dir/esp_supplicant/src/crypto/crypto_mbedtls-ec.c.obj
[162/997] Building C object esp-idf/lwip/CMakeFiles/__idf_lwip.dir/lwip/src/api/if_api.c.obj
[163/997] Building C object esp-idf/lwip/CMakeFiles/__idf_lwip.dir/lwip/src/api/err.c.obj
[164/997] Building C object esp-idf/lwip/CMakeFiles/__idf_lwip.dir/lwip/src/api/netifapi.c.obj
[165/997] Building C object esp-idf/lwip/CMakeFiles/__idf_lwip.dir/apps/sntp/sntp.c.obj
[166/997] Building C object esp-idf/lwip/CMakeFiles/__idf_lwip.dir/lwip/src/api/netbuf.c.obj
[167/997] Building C object esp-idf/lwip/CMakeFiles/__idf_lwip.dir/lwip/src/api/api_lib.c.obj
[168/997] Building C object esp-idf/lwip/CMakeFiles/__idf_lwip.dir/lwip/src/apps/netbiosns/netbiosns.c.obj
[169/997] Building C object esp-idf/lwip/CMakeFiles/__idf_lwip.dir/lwip/src/core/def.c.obj
[170/997] Building C object esp-idf/lwip/CMakeFiles/__idf_lwip.dir/lwip/src/api/netdb.c.obj
[171/997] Building C object esp-idf/lwip/CMakeFiles/__idf_lwip.dir/lwip/src/apps/sntp/sntp.c.obj
[172/997] Building C object esp-idf/lwip/CMakeFiles/__idf_lwip.dir/lwip/src/api/tcpip.c.obj
[173/997] Building C object esp-idf/lwip/CMakeFiles/__idf_lwip.dir/lwip/src/api/api_msg.c.obj
[174/997] Building C object esp-idf/lwip/CMakeFiles/__idf_lwip.dir/lwip/src/core/init.c.obj
[175/997] Building C object esp-idf/lwip/CMakeFiles/__idf_lwip.dir/lwip/src/core/ip.c.obj
[176/997] Building C object esp-idf/lwip/CMakeFiles/__idf_lwip.dir/lwip/src/core/inet_chksum.c.obj
[177/997] Building C object esp-idf/esp_netif/CMakeFiles/__idf_esp_netif.dir/lwip/esp_netif_lwip.c.obj
[178/997] Building C object esp-idf/lwip/CMakeFiles/__idf_lwip.dir/lwip/src/core/mem.c.obj
[179/997] Linking C static library esp-idf/wpa_supplicant/libwpa_supplicant.a
[180/997] Building C object esp-idf/lwip/CMakeFiles/__idf_lwip.dir/lwip/src/core/memp.c.obj
[181/997] Building C object esp-idf/lwip/CMakeFiles/__idf_lwip.dir/lwip/src/core/dns.c.obj
[182/997] Building C object esp-idf/lwip/CMakeFiles/__idf_lwip.dir/lwip/src/core/stats.c.obj
[183/997] Building C object esp-idf/lwip/CMakeFiles/__idf_lwip.dir/lwip/src/core/sys.c.obj
[184/997] Building C object esp-idf/lwip/CMakeFiles/__idf_lwip.dir/lwip/src/core/ipv4/autoip.c.obj
[185/997] Building C object esp-idf/lwip/CMakeFiles/__idf_lwip.dir/lwip/src/core/timeouts.c.obj
[186/997] Building C object esp-idf/lwip/CMakeFiles/__idf_lwip.dir/lwip/src/core/pbuf.c.obj
[187/997] Building C object esp-idf/lwip/CMakeFiles/__idf_lwip.dir/lwip/src/core/raw.c.obj
[188/997] Building C object esp-idf/lwip/CMakeFiles/__idf_lwip.dir/lwip/src/core/netif.c.obj
[189/997] Building C object esp-idf/lwip/CMakeFiles/__idf_lwip.dir/lwip/src/core/udp.c.obj
[190/997] Building C object esp-idf/lwip/CMakeFiles/__idf_lwip.dir/lwip/src/core/ipv4/icmp.c.obj
[191/997] Building C object esp-idf/lwip/CMakeFiles/__idf_lwip.dir/lwip/src/api/sockets.c.obj
[192/997] Building C object esp-idf/lwip/CMakeFiles/__idf_lwip.dir/lwip/src/core/ipv4/ip4_napt.c.obj
[193/997] Building C object esp-idf/lwip/CMakeFiles/__idf_lwip.dir/lwip/src/core/ipv4/igmp.c.obj
[194/997] Building C object esp-idf/lwip/CMakeFiles/__idf_lwip.dir/lwip/src/core/ipv4/etharp.c.obj
[195/997] Building C object esp-idf/lwip/CMakeFiles/__idf_lwip.dir/lwip/src/core/tcp_out.c.obj
[196/997] Building C object esp-idf/lwip/CMakeFiles/__idf_lwip.dir/lwip/src/core/tcp_in.c.obj
[197/997] Building C object esp-idf/lwip/CMakeFiles/__idf_lwip.dir/lwip/src/core/ipv4/ip4.c.obj
[198/997] Building C object esp-idf/lwip/CMakeFiles/__idf_lwip.dir/lwip/src/core/ipv4/ip4_frag.c.obj
[199/997] Building C object esp-idf/lwip/CMakeFiles/__idf_lwip.dir/lwip/src/core/ipv4/ip4_addr.c.obj
[200/997] Building C object esp-idf/lwip/CMakeFiles/__idf_lwip.dir/lwip/src/core/ipv6/dhcp6.c.obj
[201/997] Building C object esp-idf/lwip/CMakeFiles/__idf_lwip.dir/lwip/src/core/ipv6/ethip6.c.obj
[202/997] Building C object esp-idf/lwip/CMakeFiles/__idf_lwip.dir/lwip/src/core/tcp.c.obj
[203/997] Building C object esp-idf/lwip/CMakeFiles/__idf_lwip.dir/lwip/src/core/ipv6/icmp6.c.obj
[204/997] Building C object esp-idf/lwip/CMakeFiles/__idf_lwip.dir/lwip/src/core/ipv6/inet6.c.obj
[205/997] Building C object esp-idf/lwip/CMakeFiles/__idf_lwip.dir/lwip/src/core/ipv6/ip6_addr.c.obj
[206/997] Building C object esp-idf/lwip/CMakeFiles/__idf_lwip.dir/lwip/src/core/ipv6/ip6_frag.c.obj
[207/997] Building C object esp-idf/lwip/CMakeFiles/__idf_lwip.dir/lwip/src/netif/ethernet.c.obj
[208/997] Building C object esp-idf/lwip/CMakeFiles/__idf_lwip.dir/lwip/src/core/ipv6/mld6.c.obj
[209/997] Building C object esp-idf/lwip/CMakeFiles/__idf_lwip.dir/lwip/src/netif/ppp/auth.c.obj
[210/997] Building C object esp-idf/lwip/CMakeFiles/__idf_lwip.dir/lwip/src/netif/bridgeif.c.obj
[211/997] Building C object esp-idf/lwip/CMakeFiles/__idf_lwip.dir/lwip/src/netif/ppp/ccp.c.obj
[212/997] Building C object esp-idf/lwip/CMakeFiles/__idf_lwip.dir/lwip/src/core/ipv4/dhcp.c.obj
[213/997] Building C object esp-idf/lwip/CMakeFiles/__idf_lwip.dir/lwip/src/netif/bridgeif_fdb.c.obj
[214/997] Building C object esp-idf/lwip/CMakeFiles/__idf_lwip.dir/lwip/src/netif/slipif.c.obj
[215/997] Building C object esp-idf/lwip/CMakeFiles/__idf_lwip.dir/lwip/src/netif/ppp/chap-new.c.obj
[216/997] Building C object esp-idf/lwip/CMakeFiles/__idf_lwip.dir/lwip/src/netif/ppp/chap-md5.c.obj
[217/997] Building C object esp-idf/lwip/CMakeFiles/__idf_lwip.dir/lwip/src/netif/ppp/chap_ms.c.obj
[218/997] Building C object esp-idf/lwip/CMakeFiles/__idf_lwip.dir/lwip/src/netif/ppp/demand.c.obj
[219/997] Building C object esp-idf/lwip/CMakeFiles/__idf_lwip.dir/lwip/src/netif/ppp/eui64.c.obj
[220/997] Building C object esp-idf/lwip/CMakeFiles/__idf_lwip.dir/lwip/src/netif/ppp/ecp.c.obj
[221/997] Building C object esp-idf/lwip/CMakeFiles/__idf_lwip.dir/lwip/src/core/ipv6/ip6.c.obj
[222/997] Building C object esp-idf/lwip/CMakeFiles/__idf_lwip.dir/lwip/src/netif/ppp/eap.c.obj
[223/997] Building C object esp-idf/lwip/CMakeFiles/__idf_lwip.dir/lwip/src/netif/ppp/ipv6cp.c.obj
[224/997] Building C object esp-idf/lwip/CMakeFiles/__idf_lwip.dir/lwip/src/netif/ppp/ipcp.c.obj
[225/997] Building C object esp-idf/lwip/CMakeFiles/__idf_lwip.dir/lwip/src/netif/ppp/fsm.c.obj
[226/997] Building C object esp-idf/lwip/CMakeFiles/__idf_lwip.dir/lwip/src/netif/ppp/pppapi.c.obj
[227/997] Building C object esp-idf/lwip/CMakeFiles/__idf_lwip.dir/lwip/src/netif/ppp/lcp.c.obj
[228/997] Building C object esp-idf/lwip/CMakeFiles/__idf_lwip.dir/lwip/src/netif/ppp/ppp.c.obj
[229/997] Building C object esp-idf/lwip/CMakeFiles/__idf_lwip.dir/lwip/src/netif/ppp/multilink.c.obj
[230/997] Building C object esp-idf/lwip/CMakeFiles/__idf_lwip.dir/lwip/src/netif/ppp/mppe.c.obj
[231/997] Building C object esp-idf/lwip/CMakeFiles/__idf_lwip.dir/lwip/src/netif/ppp/magic.c.obj
[232/997] Building C object esp-idf/lwip/CMakeFiles/__idf_lwip.dir/lwip/src/netif/ppp/pppoe.c.obj
[233/997] Building C object esp-idf/lwip/CMakeFiles/__idf_lwip.dir/lwip/src/netif/ppp/pppcrypt.c.obj
[234/997] Building C object esp-idf/lwip/CMakeFiles/__idf_lwip.dir/lwip/src/netif/ppp/vj.c.obj
[235/997] Building C object esp-idf/lwip/CMakeFiles/__idf_lwip.dir/lwip/src/netif/ppp/pppol2tp.c.obj
[236/997] Building C object esp-idf/lwip/CMakeFiles/__idf_lwip.dir/lwip/src/netif/ppp/utils.c.obj
[237/997] Building C object esp-idf/lwip/CMakeFiles/__idf_lwip.dir/lwip/src/netif/ppp/upap.c.obj
[238/997] Building C object esp-idf/lwip/CMakeFiles/__idf_lwip.dir/lwip/src/netif/ppp/pppos.c.obj
[239/997] Building C object esp-idf/lwip/CMakeFiles/__idf_lwip.dir/port/hooks/tcp_isn_default.c.obj
[240/997] Building C object esp-idf/lwip/CMakeFiles/__idf_lwip.dir/port/hooks/lwip_default_hooks.c.obj
[241/997] Building C object esp-idf/lwip/CMakeFiles/__idf_lwip.dir/port/sockets_ext.c.obj
[242/997] Building C object esp-idf/lwip/CMakeFiles/__idf_lwip.dir/apps/ping/ping.c.obj
[243/997] Linking C static library esp-idf/esp_netif/libesp_netif.a
[244/997] Building C object esp-idf/lwip/CMakeFiles/__idf_lwip.dir/port/esp32xx/vfs_lwip.c.obj
[245/997] Building C object esp-idf/lwip/CMakeFiles/__idf_lwip.dir/apps/ping/esp_ping.c.obj
[246/997] Building C object esp-idf/lwip/CMakeFiles/__idf_lwip.dir/port/freertos/sys_arch.c.obj
[247/997] Building C object esp-idf/lwip/CMakeFiles/__idf_lwip.dir/port/debug/lwip_debug.c.obj
[248/997] Building C object esp-idf/lwip/CMakeFiles/__idf_lwip.dir/lwip/src/core/ipv6/nd6.c.obj
[249/997] Building C object esp-idf/lwip/CMakeFiles/__idf_lwip.dir/apps/ping/ping_sock.c.obj
[250/997] Building C object esp-idf/esp_phy/CMakeFiles/__idf_esp_phy.dir/src/phy_override.c.obj
[251/997] Building C object esp-idf/esp_phy/CMakeFiles/__idf_esp_phy.dir/src/lib_printf.c.obj
[252/997] Building C object esp-idf/esp_phy/CMakeFiles/__idf_esp_phy.dir/src/phy_common.c.obj
[253/997] Building C object esp-idf/vfs/CMakeFiles/__idf_vfs.dir/vfs_console.c.obj
[254/997] Building C object esp-idf/lwip/CMakeFiles/__idf_lwip.dir/apps/dhcpserver/dhcpserver.c.obj
[255/997] Building C object esp-idf/vfs/CMakeFiles/__idf_vfs.dir/vfs_usb_serial_jtag.c.obj
[256/997] Building C object esp-idf/esp_phy/CMakeFiles/__idf_esp_phy.dir/src/btbb_init.c.obj
[257/997] Building C object esp-idf/vfs/CMakeFiles/__idf_vfs.dir/vfs_eventfd.c.obj
[258/997] Building C object esp-idf/vfs/CMakeFiles/__idf_vfs.dir/vfs_semihost.c.obj
[259/997] Building C object esp-idf/vfs/CMakeFiles/__idf_vfs.dir/vfs_uart.c.obj
[260/997] Building C object esp-idf/esp_phy/CMakeFiles/__idf_esp_phy.dir/src/phy_init.c.obj
[261/997] Building C object esp-idf/vfs/CMakeFiles/__idf_vfs.dir/vfs.c.obj
[262/997] Linking C static library esp-idf/lwip/liblwip.a
[263/997] Linking C static library esp-idf/vfs/libvfs.a
[264/997] Building CXX object esp-idf/nvs_flash/CMakeFiles/__idf_nvs_flash.dir/src/nvs_partition.cpp.obj
[265/997] Building CXX object esp-idf/nvs_flash/CMakeFiles/__idf_nvs_flash.dir/src/nvs_partition_lookup.cpp.obj
[266/997] Building CXX object esp-idf/nvs_flash/CMakeFiles/__idf_nvs_flash.dir/src/nvs_item_hash_list.cpp.obj
[267/997] Building CXX object esp-idf/nvs_flash/CMakeFiles/__idf_nvs_flash.dir/src/nvs_handle_locked.cpp.obj
[268/997] Building CXX object esp-idf/nvs_flash/CMakeFiles/__idf_nvs_flash.dir/src/nvs_platform.cpp.obj
[269/997] Building CXX object esp-idf/nvs_flash/CMakeFiles/__idf_nvs_flash.dir/src/nvs_types.cpp.obj
[270/997] Building CXX object esp-idf/nvs_flash/CMakeFiles/__idf_nvs_flash.dir/src/nvs_cxx_api.cpp.obj
[271/997] Linking C static library esp-idf/esp_phy/libesp_phy.a
[272/997] Building CXX object esp-idf/nvs_flash/CMakeFiles/__idf_nvs_flash.dir/src/nvs_pagemanager.cpp.obj
[273/997] Building C object esp-idf/esp_event/CMakeFiles/__idf_esp_event.dir/default_event_loop.c.obj
[274/997] Building CXX object esp-idf/nvs_flash/CMakeFiles/__idf_nvs_flash.dir/src/nvs_page.cpp.obj
[275/997] Building C object esp-idf/esp_event/CMakeFiles/__idf_esp_event.dir/esp_event_private.c.obj
[276/997] Building CXX object esp-idf/nvs_flash/CMakeFiles/__idf_nvs_flash.dir/src/nvs_handle_simple.cpp.obj
[277/997] Building C object esp-idf/newlib/CMakeFiles/__idf_newlib.dir/abort.c.obj
[278/997] Building CXX object esp-idf/cxx/CMakeFiles/__idf_cxx.dir/cxx_exception_stubs.cpp.obj
[279/997] Building C object esp-idf/esp_event/CMakeFiles/__idf_esp_event.dir/esp_event.c.obj
[280/997] Building C object esp-idf/newlib/CMakeFiles/__idf_newlib.dir/heap.c.obj
[281/997] Building C object esp-idf/newlib/CMakeFiles/__idf_newlib.dir/assert.c.obj
[282/997] Building C object esp-idf/newlib/CMakeFiles/__idf_newlib.dir/poll.c.obj
[283/997] Building C object esp-idf/newlib/CMakeFiles/__idf_newlib.dir/pthread.c.obj
[284/997] Building CXX object esp-idf/nvs_flash/CMakeFiles/__idf_nvs_flash.dir/src/nvs_partition_manager.cpp.obj
[285/997] Building C object esp-idf/newlib/CMakeFiles/__idf_newlib.dir/random.c.obj
[286/997] Building C object esp-idf/newlib/CMakeFiles/__idf_newlib.dir/locks.c.obj
[287/997] Building C object esp-idf/newlib/CMakeFiles/__idf_newlib.dir/reent_init.c.obj
[288/997] Building C object esp-idf/newlib/CMakeFiles/__idf_newlib.dir/newlib_init.c.obj
[289/997] Building C object esp-idf/newlib/CMakeFiles/__idf_newlib.dir/sysconf.c.obj
[290/997] Building C object esp-idf/newlib/CMakeFiles/__idf_newlib.dir/syscalls.c.obj
[291/997] Building C object esp-idf/newlib/CMakeFiles/__idf_newlib.dir/termios.c.obj
[292/997] Building C object esp-idf/newlib/CMakeFiles/__idf_newlib.dir/realpath.c.obj
[293/997] Building C object esp-idf/newlib/CMakeFiles/__idf_newlib.dir/port/esp_time_impl.c.obj
[294/997] Building C object esp-idf/freertos/CMakeFiles/__idf_freertos.dir/heap_idf.c.obj
[295/997] Building C object esp-idf/newlib/CMakeFiles/__idf_newlib.dir/time.c.obj
[296/997] Building C object esp-idf/newlib/CMakeFiles/__idf_newlib.dir/stdatomic.c.obj
[297/997] Building C object esp-idf/freertos/CMakeFiles/__idf_freertos.dir/esp_additions/idf_additions.c.obj
[298/997] Building C object esp-idf/freertos/CMakeFiles/__idf_freertos.dir/FreeRTOS-Kernel/list.c.obj
[299/997] Building C object esp-idf/freertos/CMakeFiles/__idf_freertos.dir/FreeRTOS-Kernel/croutine.c.obj
[300/997] Building CXX object esp-idf/nvs_flash/CMakeFiles/__idf_nvs_flash.dir/src/nvs_api.cpp.obj
[301/997] Building C object esp-idf/freertos/CMakeFiles/__idf_freertos.dir/FreeRTOS-Kernel/event_groups.c.obj
[302/997] Building C object esp-idf/freertos/CMakeFiles/__idf_freertos.dir/FreeRTOS-Kernel/timers.c.obj
[303/997] Building C object esp-idf/freertos/CMakeFiles/__idf_freertos.dir/FreeRTOS-Kernel/portable/xtensa/port.c.obj
[304/997] Building C object esp-idf/freertos/CMakeFiles/__idf_freertos.dir/FreeRTOS-openocd.c.obj
[305/997] Building CXX object esp-idf/nvs_flash/CMakeFiles/__idf_nvs_flash.dir/src/nvs_storage.cpp.obj
[306/997] Building C object esp-idf/freertos/CMakeFiles/__idf_freertos.dir/app_startup.c.obj
[307/997] Building C object esp-idf/freertos/CMakeFiles/__idf_freertos.dir/FreeRTOS-Kernel/stream_buffer.c.obj
[308/997] Building C object esp-idf/freertos/CMakeFiles/__idf_freertos.dir/FreeRTOS-Kernel/queue.c.obj
[309/997] Building ASM object esp-idf/freertos/CMakeFiles/__idf_freertos.dir/FreeRTOS-Kernel/portable/xtensa/portasm.S.obj
[310/997] Building CXX object esp-idf/cxx/CMakeFiles/__idf_cxx.dir/cxx_guards.cpp.obj
[311/997] Building C object esp-idf/freertos/CMakeFiles/__idf_freertos.dir/port_common.c.obj
[312/997] Building ASM object esp-idf/freertos/CMakeFiles/__idf_freertos.dir/FreeRTOS-Kernel/portable/xtensa/xtensa_context.S.obj
[313/997] Building C object esp-idf/freertos/CMakeFiles/__idf_freertos.dir/FreeRTOS-Kernel/portable/xtensa/xtensa_init.c.obj
[314/997] Building ASM object esp-idf/freertos/CMakeFiles/__idf_freertos.dir/FreeRTOS-Kernel/portable/xtensa/xtensa_vectors.S.obj
[315/997] Building C object esp-idf/freertos/CMakeFiles/__idf_freertos.dir/esp_additions/freertos_v8_compat.c.obj
[316/997] Building C object esp-idf/freertos/CMakeFiles/__idf_freertos.dir/FreeRTOS-Kernel/portable/port_systick.c.obj
[317/997] Linking C static library esp-idf/nvs_flash/libnvs_flash.a
[318/997] Building C object esp-idf/freertos/CMakeFiles/__idf_freertos.dir/FreeRTOS-Kernel/portable/xtensa/xtensa_overlay_os_hook.c.obj
[319/997] Building C object esp-idf/esp_hw_support/CMakeFiles/__idf_esp_hw_support.dir/cpu.c.obj
[320/997] Building C object esp-idf/esp_hw_support/CMakeFiles/__idf_esp_hw_support.dir/port/esp32s3/esp_cpu_intr.c.obj
[321/997] Building C object esp-idf/esp_hw_support/CMakeFiles/__idf_esp_hw_support.dir/esp_memory_utils.c.obj
[322/997] Linking C static library esp-idf/esp_event/libesp_event.a
[323/997] Building C object esp-idf/esp_hw_support/CMakeFiles/__idf_esp_hw_support.dir/port/esp32s3/cpu_region_protect.c.obj
[324/997] Building C object esp-idf/esp_hw_support/CMakeFiles/__idf_esp_hw_support.dir/revision.c.obj
[325/997] Linking C static library esp-idf/cxx/libcxx.a
[326/997] Building C object esp-idf/esp_hw_support/CMakeFiles/__idf_esp_hw_support.dir/mac_addr.c.obj
[327/997] Building C object esp-idf/esp_hw_support/CMakeFiles/__idf_esp_hw_support.dir/clk_ctrl_os.c.obj
[328/997] Building C object esp-idf/esp_hw_support/CMakeFiles/__idf_esp_hw_support.dir/hw_random.c.obj
[329/997] Building C object esp-idf/esp_hw_support/CMakeFiles/__idf_esp_hw_support.dir/esp_clk.c.obj
[330/997] Linking C static library esp-idf/newlib/libnewlib.a
[331/997] Building C object esp-idf/freertos/CMakeFiles/__idf_freertos.dir/FreeRTOS-Kernel/tasks.c.obj
[332/997] Building C object esp-idf/esp_hw_support/CMakeFiles/__idf_esp_hw_support.dir/sleep_console.c.obj
[333/997] Building C object esp-idf/esp_hw_support/CMakeFiles/__idf_esp_hw_support.dir/sleep_event.c.obj
[334/997] Building C object esp-idf/esp_hw_support/CMakeFiles/__idf_esp_hw_support.dir/sleep_modem.c.obj
[335/997] Building C object esp-idf/esp_hw_support/CMakeFiles/__idf_esp_hw_support.dir/rtc_module.c.obj
[336/997] Building C object esp-idf/esp_hw_support/CMakeFiles/__idf_esp_hw_support.dir/periph_ctrl.c.obj
[337/997] Building C object esp-idf/esp_hw_support/CMakeFiles/__idf_esp_hw_support.dir/esp_gpio_reserve.c.obj
[338/997] Building C object esp-idf/esp_hw_support/CMakeFiles/__idf_esp_hw_support.dir/regi2c_ctrl.c.obj
[339/997] Building C object esp-idf/esp_hw_support/CMakeFiles/__idf_esp_hw_support.dir/port/esp32s3/io_mux.c.obj
[340/997] Building C object esp-idf/esp_hw_support/CMakeFiles/__idf_esp_hw_support.dir/port/esp32s3/esp_clk_tree.c.obj
[341/997] Building C object esp-idf/esp_hw_support/CMakeFiles/__idf_esp_hw_support.dir/sleep_gpio.c.obj
[342/997] Building C object esp-idf/esp_hw_support/CMakeFiles/__idf_esp_hw_support.dir/port/esp_clk_tree_common.c.obj
[343/997] Building C object esp-idf/esp_hw_support/CMakeFiles/__idf_esp_hw_support.dir/sar_periph_ctrl_common.c.obj
[344/997] Building C object esp-idf/esp_hw_support/CMakeFiles/__idf_esp_hw_support.dir/intr_alloc.c.obj
[345/997] Building C object esp-idf/esp_hw_support/CMakeFiles/__idf_esp_hw_support.dir/port/esp32s3/systimer.c.obj
[346/997] Building C object esp-idf/esp_hw_support/CMakeFiles/__idf_esp_hw_support.dir/dma/async_memcpy_impl_gdma.c.obj
[347/997] Building C object esp-idf/esp_hw_support/CMakeFiles/__idf_esp_hw_support.dir/esp_hmac.c.obj
[348/997] Building C object esp-idf/esp_hw_support/CMakeFiles/__idf_esp_hw_support.dir/sleep_cpu.c.obj
[349/997] Building C object esp-idf/esp_hw_support/CMakeFiles/__idf_esp_hw_support.dir/adc_share_hw_ctrl.c.obj
[350/997] Building C object esp-idf/esp_hw_support/CMakeFiles/__idf_esp_hw_support.dir/dma/esp_async_memcpy.c.obj
[351/997] Building C object esp-idf/esp_hw_support/CMakeFiles/__idf_esp_hw_support.dir/port/esp32s3/mspi_timing_config.c.obj
[352/997] Building C object esp-idf/esp_hw_support/CMakeFiles/__idf_esp_hw_support.dir/esp_ds.c.obj
[353/997] Building C object esp-idf/esp_hw_support/CMakeFiles/__idf_esp_hw_support.dir/mspi_timing_tuning.c.obj
[354/997] Building C object esp-idf/esp_hw_support/CMakeFiles/__idf_esp_hw_support.dir/sleep_wake_stub.c.obj
[355/997] Building C object esp-idf/esp_hw_support/CMakeFiles/__idf_esp_hw_support.dir/port/esp32s3/esp_crypto_lock.c.obj
[356/997] Building C object esp-idf/esp_hw_support/CMakeFiles/__idf_esp_hw_support.dir/port/esp32s3/rtc_clk_init.c.obj
[357/997] Building C object esp-idf/esp_hw_support/CMakeFiles/__idf_esp_hw_support.dir/port/esp32s3/rtc_sleep.c.obj
[358/997] Building C object esp-idf/esp_hw_support/CMakeFiles/__idf_esp_hw_support.dir/port/esp32s3/chip_info.c.obj
[359/997] Building C object esp-idf/esp_hw_support/CMakeFiles/__idf_esp_hw_support.dir/port/esp32s3/rtc_time.c.obj
[360/997] Building C object esp-idf/esp_hw_support/CMakeFiles/__idf_esp_hw_support.dir/port/esp32s3/rtc_clk.c.obj
[361/997] Building C object esp-idf/soc/CMakeFiles/__idf_soc.dir/lldesc.c.obj
[362/997] Building C object esp-idf/esp_hw_support/CMakeFiles/__idf_esp_hw_support.dir/port/esp_memprot_conv.c.obj
[363/997] Building C object esp-idf/soc/CMakeFiles/__idf_soc.dir/dport_access_common.c.obj
[364/997] Building C object esp-idf/esp_hw_support/CMakeFiles/__idf_esp_hw_support.dir/port/esp32s3/sar_periph_ctrl.c.obj
[365/997] Building C object esp-idf/soc/CMakeFiles/__idf_soc.dir/esp32s3/interrupts.c.obj
[366/997] Building C object esp-idf/soc/CMakeFiles/__idf_soc.dir/esp32s3/gpio_periph.c.obj
[367/997] Linking C static library esp-idf/freertos/libfreertos.a
[368/997] Building C object esp-idf/soc/CMakeFiles/__idf_soc.dir/esp32s3/uart_periph.c.obj
[369/997] Building C object esp-idf/soc/CMakeFiles/__idf_soc.dir/esp32s3/adc_periph.c.obj
[370/997] Building C object esp-idf/soc/CMakeFiles/__idf_soc.dir/esp32s3/dedic_gpio_periph.c.obj
[371/997] Building C object esp-idf/soc/CMakeFiles/__idf_soc.dir/esp32s3/gdma_periph.c.obj
[372/997] Building C object esp-idf/soc/CMakeFiles/__idf_soc.dir/esp32s3/ledc_periph.c.obj
[373/997] Building C object esp-idf/soc/CMakeFiles/__idf_soc.dir/esp32s3/spi_periph.c.obj
[374/997] Building C object esp-idf/soc/CMakeFiles/__idf_soc.dir/esp32s3/rmt_periph.c.obj
[375/997] Building C object esp-idf/soc/CMakeFiles/__idf_soc.dir/esp32s3/pcnt_periph.c.obj
[376/997] Building C object esp-idf/soc/CMakeFiles/__idf_soc.dir/esp32s3/sdm_periph.c.obj
[377/997] Building C object esp-idf/esp_hw_support/CMakeFiles/__idf_esp_hw_support.dir/dma/gdma.c.obj
[378/997] Building C object esp-idf/soc/CMakeFiles/__idf_soc.dir/esp32s3/i2s_periph.c.obj
[379/997] Building C object esp-idf/soc/CMakeFiles/__idf_soc.dir/esp32s3/temperature_sensor_periph.c.obj
[380/997] Building C object esp-idf/soc/CMakeFiles/__idf_soc.dir/esp32s3/lcd_periph.c.obj
[381/997] Building C object esp-idf/soc/CMakeFiles/__idf_soc.dir/esp32s3/i2c_periph.c.obj
[382/997] Building C object esp-idf/soc/CMakeFiles/__idf_soc.dir/esp32s3/timer_periph.c.obj
[383/997] Building C object esp-idf/esp_hw_support/CMakeFiles/__idf_esp_hw_support.dir/port/esp32s3/rtc_init.c.obj
[384/997] Building C object esp-idf/soc/CMakeFiles/__idf_soc.dir/esp32s3/mcpwm_periph.c.obj
[385/997] Building C object esp-idf/soc/CMakeFiles/__idf_soc.dir/esp32s3/sdmmc_periph.c.obj
[386/997] Building C object esp-idf/soc/CMakeFiles/__idf_soc.dir/esp32s3/twai_periph.c.obj
[387/997] Building C object esp-idf/soc/CMakeFiles/__idf_soc.dir/esp32s3/usb_periph.c.obj
[388/997] Building C object esp-idf/soc/CMakeFiles/__idf_soc.dir/esp32s3/touch_sensor_periph.c.obj
[389/997] Building C object esp-idf/soc/CMakeFiles/__idf_soc.dir/esp32s3/usb_dwc_periph.c.obj
[390/997] Building C object esp-idf/soc/CMakeFiles/__idf_soc.dir/esp32s3/rtc_io_periph.c.obj
[391/997] Building C object esp-idf/heap/CMakeFiles/__idf_heap.dir/port/esp32s3/memory_layout.c.obj
[392/997] Building C object esp-idf/heap/CMakeFiles/__idf_heap.dir/port/memory_layout_utils.c.obj
[393/997] Building C object esp-idf/heap/CMakeFiles/__idf_heap.dir/heap_caps_base.c.obj
[394/997] Building C object esp-idf/log/CMakeFiles/__idf_log.dir/log.c.obj
[395/997] Building C object esp-idf/heap/CMakeFiles/__idf_heap.dir/multi_heap.c.obj
[396/997] Building C object esp-idf/esp_hw_support/CMakeFiles/__idf_esp_hw_support.dir/sleep_modes.c.obj
[397/997] Building C object esp-idf/log/CMakeFiles/__idf_log.dir/log_buffers.c.obj
[398/997] Building C object esp-idf/heap/CMakeFiles/__idf_heap.dir/heap_caps_init.c.obj
[399/997] Building C object esp-idf/hal/CMakeFiles/__idf_hal.dir/mpu_hal.c.obj
[400/997] Building C object esp-idf/heap/CMakeFiles/__idf_heap.dir/heap_caps.c.obj
[401/997] Building C object esp-idf/hal/CMakeFiles/__idf_hal.dir/efuse_hal.c.obj
[402/997] Building C object esp-idf/log/CMakeFiles/__idf_log.dir/log_freertos.c.obj
[403/997] Building C object esp-idf/hal/CMakeFiles/__idf_hal.dir/esp32s3/efuse_hal.c.obj
[404/997] Building C object esp-idf/hal/CMakeFiles/__idf_hal.dir/gpio_hal.c.obj
[405/997] Building C object esp-idf/hal/CMakeFiles/__idf_hal.dir/mmu_hal.c.obj
[406/997] Building C object esp-idf/hal/CMakeFiles/__idf_hal.dir/uart_hal_iram.c.obj
[407/997] Building C object esp-idf/hal/CMakeFiles/__idf_hal.dir/cache_hal.c.obj
[408/997] Building C object esp-idf/hal/CMakeFiles/__idf_hal.dir/rtc_io_hal.c.obj
[409/997] Building C object esp-idf/hal/CMakeFiles/__idf_hal.dir/adc_oneshot_hal.c.obj
[410/997] Building C object esp-idf/hal/CMakeFiles/__idf_hal.dir/esp32s3/clk_tree_hal.c.obj
[411/997] Building C object esp-idf/hal/CMakeFiles/__idf_hal.dir/uart_hal.c.obj
[412/997] Building C object esp-idf/hal/CMakeFiles/__idf_hal.dir/spi_flash_encrypt_hal_iram.c.obj
[413/997] Building C object esp-idf/hal/CMakeFiles/__idf_hal.dir/systimer_hal.c.obj
[414/997] Building C object esp-idf/hal/CMakeFiles/__idf_hal.dir/spi_flash_hal.c.obj
[415/997] Building C object esp-idf/hal/CMakeFiles/__idf_hal.dir/timer_hal.c.obj
[416/997] Building C object esp-idf/hal/CMakeFiles/__idf_hal.dir/spi_flash_hal_iram.c.obj
[417/997] Building C object esp-idf/hal/CMakeFiles/__idf_hal.dir/ledc_hal.c.obj
[418/997] Building C object esp-idf/hal/CMakeFiles/__idf_hal.dir/ledc_hal_iram.c.obj
[419/997] Building C object esp-idf/hal/CMakeFiles/__idf_hal.dir/rmt_hal.c.obj
[420/997] Building C object esp-idf/hal/CMakeFiles/__idf_hal.dir/i2c_hal_iram.c.obj
[421/997] Building C object esp-idf/hal/CMakeFiles/__idf_hal.dir/i2c_hal.c.obj
[422/997] Building C object esp-idf/hal/CMakeFiles/__idf_hal.dir/pcnt_hal.c.obj
[423/997] Building C object esp-idf/esp_hw_support/CMakeFiles/__idf_esp_hw_support.dir/port/esp32s3/esp_memprot.c.obj
[424/997] Building C object esp-idf/hal/CMakeFiles/__idf_hal.dir/twai_hal_iram.c.obj
[425/997] Building C object esp-idf/hal/CMakeFiles/__idf_hal.dir/mcpwm_hal.c.obj
[426/997] Building C object esp-idf/hal/CMakeFiles/__idf_hal.dir/sdm_hal.c.obj
[427/997] Building C object esp-idf/hal/CMakeFiles/__idf_hal.dir/twai_hal.c.obj
[428/997] Building C object esp-idf/hal/CMakeFiles/__idf_hal.dir/adc_hal_common.c.obj
[429/997] Building C object esp-idf/hal/CMakeFiles/__idf_hal.dir/gdma_hal.c.obj
[430/997] Building C object esp-idf/hal/CMakeFiles/__idf_hal.dir/brownout_hal.c.obj
[431/997] Building C object esp-idf/hal/CMakeFiles/__idf_hal.dir/lcd_hal.c.obj
[432/997] Building C object esp-idf/hal/CMakeFiles/__idf_hal.dir/aes_hal.c.obj
[433/997] Building C object esp-idf/hal/CMakeFiles/__idf_hal.dir/sha_hal.c.obj
[434/997] Linking C static library esp-idf/esp_hw_support/libesp_hw_support.a
[435/997] Building C object esp-idf/hal/CMakeFiles/__idf_hal.dir/spi_slave_hal.c.obj
[436/997] Building C object esp-idf/hal/CMakeFiles/__idf_hal.dir/spi_slave_hal_iram.c.obj
[437/997] Building C object esp-idf/hal/CMakeFiles/__idf_hal.dir/hmac_hal.c.obj
[438/997] Building C object esp-idf/hal/CMakeFiles/__idf_hal.dir/i2s_hal.c.obj
[439/997] Building C object esp-idf/hal/CMakeFiles/__idf_hal.dir/spi_hal.c.obj
[440/997] Building C object esp-idf/hal/CMakeFiles/__idf_hal.dir/ds_hal.c.obj
[441/997] Building C object esp-idf/hal/CMakeFiles/__idf_hal.dir/usb_wrap_hal.c.obj
[442/997] Building C object esp-idf/hal/CMakeFiles/__idf_hal.dir/usb_serial_jtag_hal.c.obj
[443/997] Building C object esp-idf/hal/CMakeFiles/__idf_hal.dir/adc_hal.c.obj
[444/997] Linking C static library esp-idf/soc/libsoc.a
[445/997] Building C object esp-idf/esp_rom/CMakeFiles/__idf_esp_rom.dir/patches/esp_rom_crc.c.obj
[446/997] Building C object esp-idf/heap/CMakeFiles/__idf_heap.dir/tlsf/tlsf.c.obj
[447/997] Building C object esp-idf/hal/CMakeFiles/__idf_hal.dir/xt_wdt_hal.c.obj
[448/997] Building C object esp-idf/hal/CMakeFiles/__idf_hal.dir/touch_sensor_hal.c.obj
[449/997] Building C object esp-idf/hal/CMakeFiles/__idf_hal.dir/spi_hal_iram.c.obj
[450/997] Building C object esp-idf/hal/CMakeFiles/__idf_hal.dir/spi_flash_hal_gpspi.c.obj
[451/997] Building C object esp-idf/esp_rom/CMakeFiles/__idf_esp_rom.dir/patches/esp_rom_sys.c.obj
[452/997] Building C object esp-idf/hal/CMakeFiles/__idf_hal.dir/esp32s3/rtc_cntl_hal.c.obj
[453/997] Building C object esp-idf/hal/CMakeFiles/__idf_hal.dir/esp32s3/touch_sensor_hal.c.obj
[454/997] Building ASM object esp-idf/esp_rom/CMakeFiles/__idf_esp_rom.dir/patches/esp_rom_longjmp.S.obj
[455/997] Linking C static library esp-idf/heap/libheap.a
[456/997] Building C object esp-idf/esp_rom/CMakeFiles/__idf_esp_rom.dir/patches/esp_rom_efuse.c.obj
[457/997] Building C object esp-idf/esp_rom/CMakeFiles/__idf_esp_rom.dir/patches/esp_rom_gpio.c.obj
[458/997] Building C object esp-idf/esp_rom/CMakeFiles/__idf_esp_rom.dir/patches/esp_rom_uart.c.obj
[459/997] Building C object esp-idf/esp_rom/CMakeFiles/__idf_esp_rom.dir/patches/esp_rom_spiflash.c.obj
[460/997] Building C object esp-idf/esp_rom/CMakeFiles/__idf_esp_rom.dir/patches/esp_rom_systimer.c.obj
[461/997] Building ASM object esp-idf/esp_rom/CMakeFiles/__idf_esp_rom.dir/patches/esp_rom_cache_writeback_esp32s3.S.obj
[462/997] Building C object esp-idf/esp_rom/CMakeFiles/__idf_esp_rom.dir/patches/esp_rom_wdt.c.obj
[463/997] Linking C static library esp-idf/log/liblog.a
[464/997] Building C object esp-idf/esp_rom/CMakeFiles/__idf_esp_rom.dir/patches/esp_rom_cache_esp32s2_esp32s3.c.obj
[465/997] Building C object esp-idf/hal/CMakeFiles/__idf_hal.dir/usb_dwc_hal.c.obj
[466/997] Building C object esp-idf/esp_system/CMakeFiles/__idf_esp_system.dir/esp_system.c.obj
[467/997] Building C object esp-idf/esp_system/CMakeFiles/__idf_esp_system.dir/freertos_hooks.c.obj
[468/997] Building C object esp-idf/esp_system/CMakeFiles/__idf_esp_system.dir/esp_err.c.obj
[469/997] Building C object esp-idf/hal/CMakeFiles/__idf_hal.dir/spi_slave_hd_hal.c.obj
[470/997] Building C object esp-idf/esp_system/CMakeFiles/__idf_esp_system.dir/int_wdt.c.obj
[471/997] Building C object esp-idf/esp_system/CMakeFiles/__idf_esp_system.dir/crosscore_int.c.obj
[472/997] Building C object esp-idf/esp_system/CMakeFiles/__idf_esp_system.dir/esp_ipc.c.obj
[473/997] Building C object esp-idf/esp_system/CMakeFiles/__idf_esp_system.dir/stack_check.c.obj
[474/997] Building C object esp-idf/esp_system/CMakeFiles/__idf_esp_system.dir/system_time.c.obj
[475/997] Building C object esp-idf/esp_system/CMakeFiles/__idf_esp_system.dir/debug_stubs.c.obj
[476/997] Building C object esp-idf/esp_system/CMakeFiles/__idf_esp_system.dir/ubsan.c.obj
[477/997] Building C object esp-idf/esp_system/CMakeFiles/__idf_esp_system.dir/xt_wdt.c.obj
[478/997] Building C object esp-idf/esp_system/CMakeFiles/__idf_esp_system.dir/panic.c.obj
[479/997] Building C object esp-idf/esp_system/CMakeFiles/__idf_esp_system.dir/task_wdt/task_wdt_impl_timergroup.c.obj
[480/997] Linking C static library esp-idf/hal/libhal.a
[481/997] Building ASM object esp-idf/esp_system/CMakeFiles/__idf_esp_system.dir/port/soc/esp32s3/highint_hdl.S.obj
[482/997] Building C object esp-idf/esp_system/CMakeFiles/__idf_esp_system.dir/port/esp_system_chip.c.obj
[483/997] Building C object esp-idf/esp_system/CMakeFiles/__idf_esp_system.dir/port/panic_handler.c.obj
[484/997] Building C object esp-idf/esp_common/CMakeFiles/__idf_esp_common.dir/src/esp_err_to_name.c.obj
[485/997] Linking C static library esp-idf/esp_rom/libesp_rom.a
[486/997] Building C object esp-idf/esp_system/CMakeFiles/__idf_esp_system.dir/startup.c.obj
[487/997] Building C object esp-idf/esp_system/CMakeFiles/__idf_esp_system.dir/task_wdt/task_wdt.c.obj
[488/997] Building C object esp-idf/esp_system/CMakeFiles/__idf_esp_system.dir/port/soc/esp32s3/reset_reason.c.obj
[489/997] Building C object esp-idf/esp_system/CMakeFiles/__idf_esp_system.dir/port/brownout.c.obj
[490/997] Building ASM object esp-idf/esp_system/CMakeFiles/__idf_esp_system.dir/port/arch/xtensa/panic_handler_asm.S.obj
[491/997] Building C object esp-idf/esp_system/CMakeFiles/__idf_esp_system.dir/port/soc/esp32s3/clk.c.obj
[492/997] Building C object esp-idf/esp_system/CMakeFiles/__idf_esp_system.dir/port/soc/esp32s3/apb_backup_dma.c.obj
[493/997] Building ASM object esp-idf/esp_system/CMakeFiles/__idf_esp_system.dir/port/arch/xtensa/expression_with_stack_asm.S.obj
[494/997] Building C object esp-idf/esp_system/CMakeFiles/__idf_esp_system.dir/port/soc/esp32s3/cache_err_int.c.obj
[495/997] Building ASM object esp-idf/esp_system/CMakeFiles/__idf_esp_system.dir/port/arch/xtensa/debug_helpers_asm.S.obj
[496/997] Building C object esp-idf/esp_system/CMakeFiles/__idf_esp_system.dir/port/arch/xtensa/debug_stubs.c.obj
[497/997] Building C object esp-idf/esp_system/CMakeFiles/__idf_esp_system.dir/port/arch/xtensa/debug_helpers.c.obj
[498/997] Building C object esp-idf/esp_system/CMakeFiles/__idf_esp_system.dir/port/cpu_start.c.obj
[499/997] Building ASM object esp-idf/esp_system/CMakeFiles/__idf_esp_system.dir/port/arch/xtensa/esp_ipc_isr_handler.S.obj
[500/997] Building C object esp-idf/esp_system/CMakeFiles/__idf_esp_system.dir/port/arch/xtensa/expression_with_stack.c.obj
[501/997] Building C object esp-idf/esp_system/CMakeFiles/__idf_esp_system.dir/port/arch/xtensa/trax.c.obj
[502/997] Building C object esp-idf/esp_system/CMakeFiles/__idf_esp_system.dir/port/soc/esp32s3/system_internal.c.obj
[503/997] Building ASM object esp-idf/esp_system/CMakeFiles/__idf_esp_system.dir/port/arch/xtensa/esp_ipc_isr_routines.S.obj
[504/997] Building C object esp-idf/esp_system/CMakeFiles/__idf_esp_system.dir/port/arch/xtensa/esp_ipc_isr.c.obj
[505/997] Linking C static library esp-idf/esp_common/libesp_common.a
[506/997] Building C object esp-idf/esp_system/CMakeFiles/__idf_esp_system.dir/port/arch/xtensa/panic_arch.c.obj
[507/997] Building C object esp-idf/spi_flash/CMakeFiles/__idf_spi_flash.dir/flash_brownout_hook.c.obj
[508/997] Building C object esp-idf/spi_flash/CMakeFiles/__idf_spi_flash.dir/spi_flash_chip_drivers.c.obj
[509/997] Building C object esp-idf/pthread/CMakeFiles/__idf_pthread.dir/pthread_semaphore.c.obj
[510/997] Building C object esp-idf/spi_flash/CMakeFiles/__idf_spi_flash.dir/spi_flash_hpm_enable.c.obj
[511/997] Building C object esp-idf/pthread/CMakeFiles/__idf_pthread.dir/pthread_local_storage.c.obj
[512/997] Building C object esp-idf/spi_flash/CMakeFiles/__idf_spi_flash.dir/esp32s3/spi_flash_oct_flash_init.c.obj
[513/997] Building C object esp-idf/spi_flash/CMakeFiles/__idf_spi_flash.dir/spi_flash_chip_issi.c.obj
[514/997] Linking C static library esp-idf/esp_system/libesp_system.a
[515/997] Building C object esp-idf/pthread/CMakeFiles/__idf_pthread.dir/pthread_rwlock.c.obj
[516/997] Building C object esp-idf/pthread/CMakeFiles/__idf_pthread.dir/pthread_cond_var.c.obj
[517/997] Building C object esp-idf/spi_flash/CMakeFiles/__idf_spi_flash.dir/spi_flash_chip_mxic.c.obj
[518/997] Building C object esp-idf/spi_flash/CMakeFiles/__idf_spi_flash.dir/spi_flash_chip_gd.c.obj
[519/997] Building C object esp-idf/spi_flash/CMakeFiles/__idf_spi_flash.dir/spi_flash_chip_boya.c.obj
[520/997] Building C object esp-idf/spi_flash/CMakeFiles/__idf_spi_flash.dir/spi_flash_chip_th.c.obj
[521/997] Building C object esp-idf/spi_flash/CMakeFiles/__idf_spi_flash.dir/spi_flash_chip_winbond.c.obj
[522/997] Building C object esp-idf/spi_flash/CMakeFiles/__idf_spi_flash.dir/memspi_host_driver.c.obj
[523/997] Building C object esp-idf/spi_flash/CMakeFiles/__idf_spi_flash.dir/spi_flash_wrap.c.obj
[524/997] Building C object esp-idf/spi_flash/CMakeFiles/__idf_spi_flash.dir/spi_flash_chip_generic.c.obj
[525/997] Building C object esp-idf/spi_flash/CMakeFiles/__idf_spi_flash.dir/flash_ops.c.obj
[526/997] Building C object esp-idf/spi_flash/CMakeFiles/__idf_spi_flash.dir/flash_mmap.c.obj
[527/997] Building C object esp-idf/pthread/CMakeFiles/__idf_pthread.dir/pthread.c.obj
[528/997] Building C object esp-idf/spi_flash/CMakeFiles/__idf_spi_flash.dir/cache_utils.c.obj
[529/997] Building C object esp-idf/spi_flash/CMakeFiles/__idf_spi_flash.dir/spi_flash_chip_mxic_opi.c.obj
[530/997] Building C object esp-idf/spi_flash/CMakeFiles/__idf_spi_flash.dir/spi_flash_os_func_noos.c.obj
[531/997] Building C object esp-idf/esp_mm/CMakeFiles/__idf_esp_mm.dir/port/esp32s3/ext_mem_layout.c.obj
[532/997] Linking C static library esp-idf/pthread/libpthread.a
[533/997] Building C object esp-idf/esp_mm/CMakeFiles/__idf_esp_mm.dir/esp_cache.c.obj
[534/997] Building C object esp-idf/app_update/CMakeFiles/__idf_app_update.dir/esp_ota_app_desc.c.obj
[535/997] Building C object esp-idf/spi_flash/CMakeFiles/__idf_spi_flash.dir/esp_flash_spi_init.c.obj
[536/997] Building C object esp-idf/esp_partition/CMakeFiles/__idf_esp_partition.dir/partition_target.c.obj
[537/997] Building C object esp-idf/bootloader_support/CMakeFiles/__idf_bootloader_support.dir/src/bootloader_mem.c.obj
[538/997] Building C object esp-idf/esp_partition/CMakeFiles/__idf_esp_partition.dir/partition.c.obj
[539/997] Building C object esp-idf/bootloader_support/CMakeFiles/__idf_bootloader_support.dir/src/bootloader_common.c.obj
[540/997] Building C object esp-idf/bootloader_support/CMakeFiles/__idf_bootloader_support.dir/src/bootloader_clock_init.c.obj
[541/997] Building C object esp-idf/spi_flash/CMakeFiles/__idf_spi_flash.dir/spi_flash_os_func_app.c.obj
[542/997] Building C object esp-idf/esp_mm/CMakeFiles/__idf_esp_mm.dir/esp_mmu_map.c.obj
[543/997] Building C object esp-idf/bootloader_support/CMakeFiles/__idf_bootloader_support.dir/src/bootloader_common_loader.c.obj
[544/997] Building C object esp-idf/bootloader_support/CMakeFiles/__idf_bootloader_support.dir/src/bootloader_random.c.obj
[545/997] Building C object esp-idf/bootloader_support/CMakeFiles/__idf_bootloader_support.dir/src/bootloader_random_esp32s3.c.obj
[546/997] Building C object esp-idf/bootloader_support/CMakeFiles/__idf_bootloader_support.dir/src/bootloader_efuse.c.obj
[547/997] Building C object esp-idf/bootloader_support/CMakeFiles/__idf_bootloader_support.dir/bootloader_flash/src/bootloader_flash_config_esp32s3.c.obj
[548/997] Building C object esp-idf/bootloader_support/CMakeFiles/__idf_bootloader_support.dir/src/flash_encrypt.c.obj
[549/997] Building C object esp-idf/bootloader_support/CMakeFiles/__idf_bootloader_support.dir/src/secure_boot.c.obj
[550/997] Building C object esp-idf/app_update/CMakeFiles/__idf_app_update.dir/esp_ota_ops.c.obj
[551/997] Building C object esp-idf/bootloader_support/CMakeFiles/__idf_bootloader_support.dir/src/flash_partitions.c.obj
[552/997] Building C object esp-idf/bootloader_support/CMakeFiles/__idf_bootloader_support.dir/bootloader_flash/src/flash_qio_mode.c.obj
[553/997] Building C object esp-idf/esp_app_format/CMakeFiles/__idf_esp_app_format.dir/esp_app_desc.c.obj
[554/997] Building C object esp-idf/mbedtls/mbedtls/library/CMakeFiles/mbedtls.dir/debug.c.obj
[555/997] Building C object esp-idf/mbedtls/mbedtls/library/CMakeFiles/mbedtls.dir/mps_reader.c.obj
[556/997] Building C object esp-idf/mbedtls/mbedtls/library/CMakeFiles/mbedtls.dir/mps_trace.c.obj
[557/997] Building C object esp-idf/bootloader_support/CMakeFiles/__idf_bootloader_support.dir/src/idf/bootloader_sha.c.obj
[558/997] Building C object esp-idf/spi_flash/CMakeFiles/__idf_spi_flash.dir/esp_flash_api.c.obj
[559/997] Building C object esp-idf/bootloader_support/CMakeFiles/__idf_bootloader_support.dir/bootloader_flash/src/bootloader_flash.c.obj
[560/997] Building C object esp-idf/mbedtls/mbedtls/library/CMakeFiles/mbedtls.dir/ssl_debug_helpers_generated.c.obj
[561/997] Linking C static library esp-idf/spi_flash/libspi_flash.a
[562/997] Building C object esp-idf/mbedtls/mbedtls/library/CMakeFiles/mbedtls.dir/ssl_ciphersuites.c.obj
[563/997] Building C object esp-idf/mbedtls/mbedtls/library/CMakeFiles/mbedtls.dir/ssl_cookie.c.obj
[564/997] Building C object esp-idf/mbedtls/mbedtls/library/CMakeFiles/mbedtls.dir/ssl_cache.c.obj
[565/997] Building C object esp-idf/bootloader_support/CMakeFiles/__idf_bootloader_support.dir/src/esp_image_format.c.obj
[566/997] Linking C static library esp-idf/esp_mm/libesp_mm.a
[567/997] Building C object esp-idf/bootloader_support/CMakeFiles/__idf_bootloader_support.dir/src/bootloader_utility.c.obj
[568/997] Building C object esp-idf/mbedtls/mbedtls/library/CMakeFiles/mbedtls.dir/ssl_tls13_keys.c.obj
[569/997] Building C object esp-idf/mbedtls/mbedtls/library/CMakeFiles/mbedtls.dir/ssl_tls13_server.c.obj
[570/997] Linking C static library esp-idf/app_update/libapp_update.a
[571/997] Building C object esp-idf/mbedtls/mbedtls/library/CMakeFiles/mbedtls.dir/ssl_ticket.c.obj
[572/997] Building C object esp-idf/mbedtls/mbedtls/library/CMakeFiles/mbedtls.dir/ssl_tls13_client.c.obj
[573/997] Building C object esp-idf/mbedtls/mbedtls/library/CMakeFiles/mbedtls.dir/ssl_tls13_generic.c.obj
[574/997] Linking C static library esp-idf/esp_partition/libesp_partition.a
[575/997] Building C object esp-idf/mbedtls/mbedtls/library/CMakeFiles/mbedtls.dir/ssl_client.c.obj
[576/997] Building C object esp-idf/mbedtls/mbedtls/library/CMakeFiles/mbedtls.dir/Users/lojaws/.platformio/packages/framework-espidf/components/mbedtls/port/mbedtls_debug.c.obj
[577/997] Building C object esp-idf/mbedtls/mbedtls/library/CMakeFiles/mbedtls.dir/Users/lojaws/.platformio/packages/framework-espidf/components/mbedtls/port/esp_platform_time.c.obj
[578/997] Linking C static library esp-idf/bootloader_support/libbootloader_support.a
[579/997] Building C object esp-idf/mbedtls/mbedtls/library/CMakeFiles/mbedx509.dir/pkcs7.c.obj
[580/997] Building C object esp-idf/mbedtls/mbedtls/library/CMakeFiles/mbedx509.dir/x509_create.c.obj
[581/997] Building C object esp-idf/mbedtls/mbedtls/library/CMakeFiles/mbedtls.dir/Users/lojaws/.platformio/packages/framework-espidf/components/mbedtls/port/net_sockets.c.obj
[582/997] Linking C static library esp-idf/esp_app_format/libesp_app_format.a
[583/997] Building C object esp-idf/mbedtls/mbedtls/library/CMakeFiles/mbedx509.dir/x509_crl.c.obj
[584/997] Building C object esp-idf/mbedtls/mbedtls/library/CMakeFiles/mbedtls.dir/ssl_msg.c.obj
[585/997] Building C object esp-idf/mbedtls/mbedtls/library/CMakeFiles/mbedtls.dir/ssl_tls12_server.c.obj
[586/997] Building C object esp-idf/mbedtls/mbedtls/library/CMakeFiles/mbedx509.dir/x509write.c.obj
[587/997] Building C object esp-idf/mbedtls/mbedtls/library/CMakeFiles/mbedtls.dir/ssl_tls12_client.c.obj
[588/997] Building C object esp-idf/mbedtls/mbedtls/library/CMakeFiles/mbedx509.dir/x509write_csr.c.obj
[589/997] Building C object esp-idf/mbedtls/mbedtls/library/CMakeFiles/mbedcrypto.dir/aesni.c.obj
[590/997] Building C object esp-idf/mbedtls/mbedtls/library/CMakeFiles/mbedcrypto.dir/aesce.c.obj
[591/997] Building C object esp-idf/mbedtls/mbedtls/library/CMakeFiles/mbedx509.dir/x509write_crt.c.obj
[592/997] Building C object esp-idf/mbedtls/mbedtls/library/CMakeFiles/mbedcrypto.dir/aes.c.obj
[593/997] Building C object esp-idf/mbedtls/mbedtls/library/CMakeFiles/mbedx509.dir/x509_csr.c.obj
[594/997] Building C object esp-idf/mbedtls/mbedtls/library/CMakeFiles/mbedcrypto.dir/asn1parse.c.obj
[595/997] Building C object esp-idf/mbedtls/mbedtls/library/CMakeFiles/mbedcrypto.dir/asn1write.c.obj
[596/997] Building C object esp-idf/mbedtls/mbedtls/library/CMakeFiles/mbedcrypto.dir/aria.c.obj
[597/997] Building C object esp-idf/mbedtls/mbedtls/library/CMakeFiles/mbedcrypto.dir/base64.c.obj
[598/997] Building C object esp-idf/mbedtls/mbedtls/library/CMakeFiles/mbedcrypto.dir/bignum_mod.c.obj
[599/997] Building C object esp-idf/mbedtls/mbedtls/library/CMakeFiles/mbedcrypto.dir/bignum_mod_raw.c.obj
[600/997] Building C object esp-idf/mbedtls/mbedtls/library/CMakeFiles/mbedcrypto.dir/camellia.c.obj
[601/997] Building C object esp-idf/mbedtls/mbedtls/library/CMakeFiles/mbedcrypto.dir/chacha20.c.obj
[602/997] Building C object esp-idf/mbedtls/mbedtls/library/CMakeFiles/mbedcrypto.dir/block_cipher.c.obj
[603/997] Building C object esp-idf/mbedtls/mbedtls/library/CMakeFiles/mbedx509.dir/x509.c.obj
[604/997] Building C object esp-idf/mbedtls/mbedtls/library/CMakeFiles/mbedcrypto.dir/bignum_core.c.obj
[605/997] Building C object esp-idf/mbedtls/mbedtls/library/CMakeFiles/mbedcrypto.dir/chachapoly.c.obj
[606/997] Building C object esp-idf/mbedtls/mbedtls/library/CMakeFiles/mbedcrypto.dir/ccm.c.obj
[607/997] Building C object esp-idf/mbedtls/mbedtls/library/CMakeFiles/mbedx509.dir/x509_crt.c.obj
[608/997] Building C object esp-idf/mbedtls/mbedtls/library/CMakeFiles/mbedcrypto.dir/constant_time.c.obj
[609/997] Building C object esp-idf/mbedtls/mbedtls/library/CMakeFiles/mbedcrypto.dir/cipher_wrap.c.obj
[610/997] Building C object esp-idf/mbedtls/mbedtls/library/CMakeFiles/mbedtls.dir/ssl_tls.c.obj
[611/997] Building C object esp-idf/mbedtls/mbedtls/library/CMakeFiles/mbedcrypto.dir/des.c.obj
[612/997] Building C object esp-idf/mbedtls/mbedtls/library/CMakeFiles/mbedcrypto.dir/dhm.c.obj
[613/997] Building C object esp-idf/mbedtls/mbedtls/library/CMakeFiles/mbedcrypto.dir/bignum.c.obj
[614/997] Building C object esp-idf/mbedtls/mbedtls/library/CMakeFiles/mbedcrypto.dir/cmac.c.obj
[615/997] Building C object esp-idf/mbedtls/mbedtls/library/CMakeFiles/mbedcrypto.dir/ecjpake.c.obj
[616/997] Building C object esp-idf/mbedtls/mbedtls/library/CMakeFiles/mbedcrypto.dir/ecdh.c.obj
[617/997] Building C object esp-idf/mbedtls/mbedtls/library/CMakeFiles/mbedcrypto.dir/cipher.c.obj
[618/997] Building C object esp-idf/mbedtls/mbedtls/library/CMakeFiles/mbedcrypto.dir/ecp_curves_new.c.obj
[619/997] Linking CXX static library esp-idf/mbedtls/mbedtls/library/libmbedtls.a
[620/997] Building C object esp-idf/mbedtls/mbedtls/library/CMakeFiles/mbedcrypto.dir/ecdsa.c.obj
[621/997] Building C object esp-idf/mbedtls/mbedtls/library/CMakeFiles/mbedcrypto.dir/ctr_drbg.c.obj
[622/997] Building C object esp-idf/mbedtls/mbedtls/library/CMakeFiles/mbedcrypto.dir/entropy_poll.c.obj
[623/997] Building C object esp-idf/mbedtls/mbedtls/library/CMakeFiles/mbedcrypto.dir/hkdf.c.obj
[624/997] Building C object esp-idf/mbedtls/mbedtls/library/CMakeFiles/mbedcrypto.dir/entropy.c.obj
[625/997] Building C object esp-idf/mbedtls/mbedtls/library/CMakeFiles/mbedcrypto.dir/hmac_drbg.c.obj
[626/997] Building C object esp-idf/mbedtls/mbedtls/library/CMakeFiles/mbedcrypto.dir/gcm.c.obj
[627/997] Building C object esp-idf/mbedtls/mbedtls/library/CMakeFiles/mbedcrypto.dir/md5.c.obj
[628/997] Building C object esp-idf/mbedtls/mbedtls/library/CMakeFiles/mbedcrypto.dir/memory_buffer_alloc.c.obj
[629/997] Building C object esp-idf/mbedtls/mbedtls/library/CMakeFiles/mbedcrypto.dir/lms.c.obj
[630/997] Building C object esp-idf/mbedtls/mbedtls/library/CMakeFiles/mbedcrypto.dir/error.c.obj
[631/997] Building C object esp-idf/mbedtls/mbedtls/library/CMakeFiles/mbedcrypto.dir/md.c.obj
[632/997] Building C object esp-idf/mbedtls/mbedtls/library/CMakeFiles/mbedcrypto.dir/padlock.c.obj
[633/997] Building C object esp-idf/mbedtls/mbedtls/library/CMakeFiles/mbedcrypto.dir/nist_kw.c.obj
[634/997] Building C object esp-idf/mbedtls/mbedtls/library/CMakeFiles/mbedcrypto.dir/lmots.c.obj
[635/997] Building C object esp-idf/mbedtls/mbedtls/library/CMakeFiles/mbedcrypto.dir/pk_ecc.c.obj
[636/997] Building C object esp-idf/mbedtls/mbedtls/library/CMakeFiles/mbedcrypto.dir/pem.c.obj
[637/997] Building C object esp-idf/mbedtls/mbedtls/library/CMakeFiles/mbedcrypto.dir/pkcs5.c.obj
[638/997] Building C object esp-idf/mbedtls/mbedtls/library/CMakeFiles/mbedcrypto.dir/pkcs12.c.obj
[639/997] Building C object esp-idf/mbedtls/mbedtls/library/CMakeFiles/mbedcrypto.dir/oid.c.obj
[640/997] Building C object esp-idf/mbedtls/mbedtls/library/CMakeFiles/mbedcrypto.dir/pk_wrap.c.obj
[641/997] Building C object esp-idf/mbedtls/mbedtls/library/CMakeFiles/mbedcrypto.dir/platform.c.obj
[642/997] Building C object esp-idf/mbedtls/mbedtls/library/CMakeFiles/mbedcrypto.dir/pk.c.obj
[643/997] Building C object esp-idf/mbedtls/mbedtls/library/CMakeFiles/mbedcrypto.dir/poly1305.c.obj
[644/997] Building C object esp-idf/mbedtls/mbedtls/library/CMakeFiles/mbedcrypto.dir/platform_util.c.obj
[645/997] Building C object esp-idf/mbedtls/mbedtls/library/CMakeFiles/mbedcrypto.dir/ecp_curves.c.obj
[646/997] Building C object esp-idf/mbedtls/mbedtls/library/CMakeFiles/mbedcrypto.dir/pkwrite.c.obj
[647/997] Building C object esp-idf/mbedtls/mbedtls/library/CMakeFiles/mbedcrypto.dir/psa_crypto_aead.c.obj
[648/997] Building C object esp-idf/mbedtls/mbedtls/library/CMakeFiles/mbedcrypto.dir/psa_crypto_client.c.obj
[649/997] Building C object esp-idf/mbedtls/mbedtls/library/CMakeFiles/mbedcrypto.dir/pkparse.c.obj
[650/997] Building C object esp-idf/mbedtls/mbedtls/library/CMakeFiles/mbedcrypto.dir/psa_crypto_driver_wrappers_no_static.c.obj
[651/997] Building C object esp-idf/mbedtls/mbedtls/library/CMakeFiles/mbedcrypto.dir/psa_crypto_ffdh.c.obj
[652/997] Building C object esp-idf/mbedtls/mbedtls/library/CMakeFiles/mbedcrypto.dir/psa_crypto_cipher.c.obj
[653/997] Building C object esp-idf/mbedtls/mbedtls/library/CMakeFiles/mbedcrypto.dir/psa_crypto_se.c.obj
[654/997] Building C object esp-idf/mbedtls/mbedtls/library/CMakeFiles/mbedcrypto.dir/psa_crypto_pake.c.obj
[655/997] Building C object esp-idf/mbedtls/mbedtls/library/CMakeFiles/mbedcrypto.dir/psa_crypto_hash.c.obj
[656/997] Building C object esp-idf/mbedtls/mbedtls/library/CMakeFiles/mbedcrypto.dir/ecp.c.obj
[657/997] Building C object esp-idf/mbedtls/mbedtls/library/CMakeFiles/mbedcrypto.dir/ripemd160.c.obj
[658/997] Building C object esp-idf/mbedtls/mbedtls/library/CMakeFiles/mbedcrypto.dir/psa_its_file.c.obj
[659/997] Building C object esp-idf/mbedtls/mbedtls/library/CMakeFiles/mbedcrypto.dir/psa_crypto_mac.c.obj
[660/997] Building C object esp-idf/mbedtls/mbedtls/library/CMakeFiles/mbedcrypto.dir/psa_crypto_rsa.c.obj
[661/997] Building C object esp-idf/mbedtls/mbedtls/library/CMakeFiles/mbedcrypto.dir/sha1.c.obj
[662/997] Building C object esp-idf/mbedtls/mbedtls/library/CMakeFiles/mbedcrypto.dir/psa_crypto_storage.c.obj
[663/997] Building C object esp-idf/mbedtls/mbedtls/library/CMakeFiles/mbedcrypto.dir/sha256.c.obj
[664/997] Building C object esp-idf/mbedtls/mbedtls/library/CMakeFiles/mbedcrypto.dir/sha512.c.obj
[665/997] Building C object esp-idf/mbedtls/mbedtls/library/CMakeFiles/mbedcrypto.dir/rsa_alt_helpers.c.obj
[666/997] Building C object esp-idf/mbedtls/mbedtls/library/CMakeFiles/mbedcrypto.dir/psa_util.c.obj
[667/997] Building C object esp-idf/mbedtls/mbedtls/library/CMakeFiles/mbedcrypto.dir/psa_crypto_ecp.c.obj
[668/997] Building C object esp-idf/mbedtls/mbedtls/library/CMakeFiles/mbedcrypto.dir/sha3.c.obj
[669/997] Building C object esp-idf/mbedtls/mbedtls/library/CMakeFiles/mbedcrypto.dir/psa_crypto_slot_management.c.obj
[670/997] Building C object esp-idf/mbedtls/mbedtls/library/CMakeFiles/mbedcrypto.dir/timing.c.obj
[671/997] Building C object esp-idf/mbedtls/mbedtls/library/CMakeFiles/mbedcrypto.dir/threading.c.obj
[672/997] Building C object esp-idf/mbedtls/mbedtls/library/CMakeFiles/mbedcrypto.dir/version.c.obj
[673/997] Building C object esp-idf/mbedtls/mbedtls/library/CMakeFiles/mbedcrypto.dir/Users/lojaws/.platformio/packages/framework-espidf/components/mbedtls/port/sha/dma/esp_sha_gdma_impl.c.obj
[674/997] Building C object esp-idf/mbedtls/mbedtls/library/CMakeFiles/mbedcrypto.dir/version_features.c.obj
[675/997] Building C object esp-idf/mbedtls/mbedtls/library/CMakeFiles/mbedcrypto.dir/Users/lojaws/.platformio/packages/framework-espidf/components/mbedtls/port/aes/dma/esp_aes_gdma_impl.c.obj
[676/997] Building C object esp-idf/mbedtls/mbedtls/library/CMakeFiles/mbedcrypto.dir/Users/lojaws/.platformio/packages/framework-espidf/components/mbedtls/port/esp_hardware.c.obj
[677/997] Building C object esp-idf/mbedtls/mbedtls/library/CMakeFiles/mbedcrypto.dir/Users/lojaws/.platformio/packages/framework-espidf/components/mbedtls/port/esp_timing.c.obj
[678/997] Building C object esp-idf/mbedtls/mbedtls/library/CMakeFiles/mbedcrypto.dir/Users/lojaws/.platformio/packages/framework-espidf/components/mbedtls/port/esp_mem.c.obj
[679/997] Building C object esp-idf/mbedtls/mbedtls/library/CMakeFiles/mbedcrypto.dir/Users/lojaws/.platformio/packages/framework-espidf/components/mbedtls/port/crypto_shared_gdma/esp_crypto_shared_gdma.c.obj
[680/997] Building C object esp-idf/mbedtls/mbedtls/library/CMakeFiles/mbedcrypto.dir/Users/lojaws/.platformio/packages/framework-espidf/components/mbedtls/port/aes/esp_aes_xts.c.obj
[681/997] Building C object esp-idf/mbedtls/mbedtls/library/CMakeFiles/mbedcrypto.dir/Users/lojaws/.platformio/packages/framework-espidf/components/mbedtls/port/sha/esp_sha.c.obj
[682/997] Building C object esp-idf/mbedtls/mbedtls/library/CMakeFiles/mbedcrypto.dir/Users/lojaws/.platformio/packages/framework-espidf/components/mbedtls/port/aes/esp_aes_common.c.obj
[683/997] Building C object esp-idf/mbedtls/mbedtls/library/CMakeFiles/mbedcrypto.dir/Users/lojaws/.platformio/packages/framework-espidf/components/mbedtls/port/sha/dma/sha.c.obj
[684/997] Building C object esp-idf/mbedtls/mbedtls/library/CMakeFiles/mbedcrypto.dir/Users/lojaws/.platformio/packages/framework-espidf/components/mbedtls/port/esp32s3/bignum.c.obj
[685/997] Building C object esp-idf/mbedtls/mbedtls/library/CMakeFiles/mbedcrypto.dir/Users/lojaws/.platformio/packages/framework-espidf/components/mbedtls/port/esp_ds/esp_rsa_sign_alt.c.obj
[686/997] Building C object esp-idf/mbedtls/mbedtls/library/CMakeFiles/mbedcrypto.dir/Users/lojaws/.platformio/packages/framework-espidf/components/mbedtls/port/esp_bignum.c.obj
[687/997] Building C object esp-idf/mbedtls/mbedtls/library/CMakeFiles/mbedcrypto.dir/Users/lojaws/.platformio/packages/framework-espidf/components/mbedtls/port/sha/dma/esp_sha1.c.obj
[688/997] Building C object esp-idf/mbedtls/mbedtls/library/CMakeFiles/mbedcrypto.dir/Users/lojaws/.platformio/packages/framework-espidf/components/mbedtls/port/sha/dma/esp_sha256.c.obj
[689/997] Building C object esp-idf/mbedtls/mbedtls/library/CMakeFiles/mbedcrypto.dir/Users/lojaws/.platformio/packages/framework-espidf/components/mbedtls/port/aes/dma/esp_aes.c.obj
[690/997] Linking CXX static library esp-idf/mbedtls/mbedtls/library/libmbedx509.a
[691/997] Building C object esp-idf/mbedtls/mbedtls/library/CMakeFiles/mbedcrypto.dir/Users/lojaws/.platformio/packages/framework-espidf/components/mbedtls/port/md/esp_md.c.obj
[692/997] Building C object esp-idf/mbedtls/mbedtls/library/CMakeFiles/mbedcrypto.dir/Users/lojaws/.platformio/packages/framework-espidf/components/mbedtls/port/sha/dma/esp_sha512.c.obj
[693/997] Building C object esp-idf/mbedtls/mbedtls/3rdparty/everest/CMakeFiles/everest.dir/library/x25519.c.obj
[694/997] Building C object esp-idf/mbedtls/mbedtls/3rdparty/p256-m/CMakeFiles/p256m.dir/p256-m_driver_entrypoints.c.obj
[695/997] Building C object esp-idf/mbedtls/mbedtls/3rdparty/everest/CMakeFiles/everest.dir/library/everest.c.obj
[696/997] Building C object esp-idf/mbedtls/mbedtls/3rdparty/p256-m/CMakeFiles/p256m.dir/p256-m/p256-m.c.obj
[697/997] Building C object esp-idf/mbedtls/mbedtls/library/CMakeFiles/mbedcrypto.dir/rsa.c.obj
[698/997] Building C object esp-idf/mbedtls/mbedtls/library/CMakeFiles/mbedcrypto.dir/Users/lojaws/.platformio/packages/framework-espidf/components/mbedtls/port/aes/esp_aes_gcm.c.obj
[699/997] Creating directories for 'bootloader'
[700/997] Building C object esp-idf/mbedtls/mbedtls/3rdparty/everest/CMakeFiles/everest.dir/library/Hacl_Curve25519_joined.c.obj
[701/997] No download step for 'bootloader'
[702/997] No update step for 'bootloader'
[703/997] No patch step for 'bootloader'
[704/997] Building C object esp-idf/mbedtls/mbedtls/library/CMakeFiles/mbedcrypto.dir/psa_crypto.c.obj
[705/997] Linking CXX static library esp-idf/mbedtls/mbedtls/library/libmbedcrypto.a
[706/997] Linking CXX static library esp-idf/mbedtls/mbedtls/3rdparty/p256-m/libp256m.a
[707/997] Linking CXX static library esp-idf/mbedtls/mbedtls/3rdparty/everest/libeverest.a
[708/997] Generating x509_crt_bundle
[709/997] Generating ../../x509_crt_bundle.S
[710/997] Building ASM object esp-idf/mbedtls/CMakeFiles/__idf_mbedtls.dir/__/__/x509_crt_bundle.S.obj
[711/997] Building C object esp-idf/esp_pm/CMakeFiles/__idf_esp_pm.dir/pm_trace.c.obj
[712/997] Building C object esp-idf/esp_pm/CMakeFiles/__idf_esp_pm.dir/pm_locks.c.obj
[713/997] Building C object esp-idf/driver/CMakeFiles/__idf_driver.dir/gpio/gpio_glitch_filter_ops.c.obj
[714/997] Building C object esp-idf/mbedtls/CMakeFiles/__idf_mbedtls.dir/esp_crt_bundle/esp_crt_bundle.c.obj
[715/997] Building C object esp-idf/driver/CMakeFiles/__idf_driver.dir/spi/spi_bus_lock.c.obj
[716/997] Linking C static library esp-idf/mbedtls/libmbedtls.a
[717/997] Building C object esp-idf/driver/CMakeFiles/__idf_driver.dir/gpio/rtc_io.c.obj
[718/997] Building C object esp-idf/driver/CMakeFiles/__idf_driver.dir/gpio/gpio_pin_glitch_filter.c.obj
[719/997] Building C object esp-idf/esp_pm/CMakeFiles/__idf_esp_pm.dir/pm_impl.c.obj
[720/997] Building C object esp-idf/driver/CMakeFiles/__idf_driver.dir/gpio/dedic_gpio.c.obj
[721/997] Building C object esp-idf/driver/CMakeFiles/__idf_driver.dir/deprecated/adc_dma_legacy.c.obj
[722/997] Building C object esp-idf/driver/CMakeFiles/__idf_driver.dir/deprecated/adc_legacy.c.obj
[723/997] Building C object esp-idf/driver/CMakeFiles/__idf_driver.dir/gptimer/gptimer_priv.c.obj
[724/997] Building C object esp-idf/driver/CMakeFiles/__idf_driver.dir/i2s/i2s_std.c.obj
[725/997] Building C object esp-idf/driver/CMakeFiles/__idf_driver.dir/i2s/i2s_tdm.c.obj
[726/997] Building C object esp-idf/driver/CMakeFiles/__idf_driver.dir/gptimer/gptimer.c.obj
[727/997] Building C object esp-idf/driver/CMakeFiles/__idf_driver.dir/i2s/i2s_pdm.c.obj
[728/997] Building C object esp-idf/driver/CMakeFiles/__idf_driver.dir/deprecated/timer_legacy.c.obj
[729/997] Building C object esp-idf/driver/CMakeFiles/__idf_driver.dir/gpio/gpio.c.obj
[730/997] Building C object esp-idf/driver/CMakeFiles/__idf_driver.dir/mcpwm/mcpwm_cmpr.c.obj
[731/997] Building C object esp-idf/driver/CMakeFiles/__idf_driver.dir/mcpwm/mcpwm_com.c.obj
[732/997] Building C object esp-idf/driver/CMakeFiles/__idf_driver.dir/mcpwm/mcpwm_fault.c.obj
[733/997] Building C object esp-idf/driver/CMakeFiles/__idf_driver.dir/i2s/i2s_common.c.obj
[734/997] Building C object esp-idf/driver/CMakeFiles/__idf_driver.dir/mcpwm/mcpwm_cap.c.obj
[735/997] Building C object esp-idf/driver/CMakeFiles/__idf_driver.dir/i2c/i2c.c.obj
[736/997] Building C object esp-idf/driver/CMakeFiles/__idf_driver.dir/mcpwm/mcpwm_sync.c.obj
[737/997] Building C object esp-idf/driver/CMakeFiles/__idf_driver.dir/deprecated/i2s_legacy.c.obj
[738/997] Building C object esp-idf/driver/CMakeFiles/__idf_driver.dir/mcpwm/mcpwm_gen.c.obj
[739/997] Building C object esp-idf/driver/CMakeFiles/__idf_driver.dir/mcpwm/mcpwm_oper.c.obj
[740/997] Building C object esp-idf/driver/CMakeFiles/__idf_driver.dir/mcpwm/mcpwm_timer.c.obj
[741/997] Building C object esp-idf/driver/CMakeFiles/__idf_driver.dir/rmt/rmt_common.c.obj
[742/997] Building C object esp-idf/driver/CMakeFiles/__idf_driver.dir/pcnt/pulse_cnt.c.obj
[743/997] Building C object esp-idf/driver/CMakeFiles/__idf_driver.dir/rmt/rmt_encoder.c.obj
[744/997] Building C object esp-idf/driver/CMakeFiles/__idf_driver.dir/ledc/ledc.c.obj
[745/997] Building C object esp-idf/driver/CMakeFiles/__idf_driver.dir/deprecated/sigma_delta_legacy.c.obj
[746/997] Building C object esp-idf/driver/CMakeFiles/__idf_driver.dir/sdmmc/sdmmc_transaction.c.obj
[747/997] Building C object esp-idf/driver/CMakeFiles/__idf_driver.dir/sigma_delta/sdm.c.obj
[748/997] Building C object esp-idf/driver/CMakeFiles/__idf_driver.dir/deprecated/pcnt_legacy.c.obj
[749/997] Building C object esp-idf/driver/CMakeFiles/__idf_driver.dir/sdmmc/sdmmc_host.c.obj
[750/997] Building C object esp-idf/driver/CMakeFiles/__idf_driver.dir/spi/sdspi/sdspi_crc.c.obj
[751/997] Building C object esp-idf/driver/CMakeFiles/__idf_driver.dir/rmt/rmt_rx.c.obj
[752/997] Building C object esp-idf/driver/CMakeFiles/__idf_driver.dir/rmt/rmt_tx.c.obj
[753/997] Building C object esp-idf/driver/CMakeFiles/__idf_driver.dir/spi/sdspi/sdspi_transaction.c.obj
[754/997] Building C object esp-idf/driver/CMakeFiles/__idf_driver.dir/spi/gpspi/spi_slave.c.obj
[755/997] Building C object esp-idf/driver/CMakeFiles/__idf_driver.dir/spi/gpspi/spi_slave_hd.c.obj
[756/997] Building C object esp-idf/driver/CMakeFiles/__idf_driver.dir/spi/gpspi/spi_master.c.obj
[757/997] Building C object esp-idf/driver/CMakeFiles/__idf_driver.dir/spi/sdspi/sdspi_host.c.obj
[758/997] Building C object esp-idf/driver/CMakeFiles/__idf_driver.dir/temperature_sensor/temperature_sensor.c.obj
[759/997] Building C object esp-idf/driver/CMakeFiles/__idf_driver.dir/deprecated/mcpwm_legacy.c.obj
[760/997] Building C object esp-idf/driver/CMakeFiles/__idf_driver.dir/deprecated/rtc_temperature_legacy.c.obj
[761/997] Building C object esp-idf/driver/CMakeFiles/__idf_driver.dir/touch_sensor/touch_sensor_common.c.obj
[762/997] Linking C static library esp-idf/esp_pm/libesp_pm.a
[763/997] Building C object esp-idf/driver/CMakeFiles/__idf_driver.dir/spi/gpspi/spi_common.c.obj
[764/997] Building C object esp-idf/driver/CMakeFiles/__idf_driver.dir/usb_serial_jtag/usb_serial_jtag_connection_monitor.c.obj
[765/997] Building C object esp-idf/driver/CMakeFiles/__idf_driver.dir/usb_serial_jtag/usb_serial_jtag.c.obj
[766/997] Building C object esp-idf/esp_timer/CMakeFiles/__idf_esp_timer.dir/src/system_time.c.obj
[767/997] Building C object esp-idf/esp_timer/CMakeFiles/__idf_esp_timer.dir/src/ets_timer_legacy.c.obj
[768/997] Building C object esp-idf/esp_timer/CMakeFiles/__idf_esp_timer.dir/src/esp_timer_impl_common.c.obj
[769/997] Building C object esp-idf/esp_timer/CMakeFiles/__idf_esp_timer.dir/src/esp_timer.c.obj
[770/997] Building C object esp-idf/driver/CMakeFiles/__idf_driver.dir/twai/twai.c.obj
[771/997] Building C object esp-idf/efuse/CMakeFiles/__idf_efuse.dir/esp32s3/esp_efuse_table.c.obj
[772/997] Building C object esp-idf/esp_timer/CMakeFiles/__idf_esp_timer.dir/src/esp_timer_impl_systimer.c.obj
[773/997] Building C object esp-idf/efuse/CMakeFiles/__idf_efuse.dir/esp32s3/esp_efuse_fields.c.obj
[774/997] Building C object esp-idf/efuse/CMakeFiles/__idf_efuse.dir/esp32s3/esp_efuse_rtc_calib.c.obj
[775/997] Building C object esp-idf/efuse/CMakeFiles/__idf_efuse.dir/esp32s3/esp_efuse_utility.c.obj
[776/997] Building C object esp-idf/efuse/CMakeFiles/__idf_efuse.dir/src/esp_efuse_fields.c.obj
[777/997] Building C object esp-idf/efuse/CMakeFiles/__idf_efuse.dir/src/esp_efuse_api.c.obj
[778/997] Building C object esp-idf/xtensa/CMakeFiles/__idf_xtensa.dir/eri.c.obj
[779/997] Building C object esp-idf/efuse/CMakeFiles/__idf_efuse.dir/src/efuse_controller/keys/with_key_purposes/esp_efuse_api_key.c.obj
[780/997] Building C object esp-idf/efuse/CMakeFiles/__idf_efuse.dir/src/esp_efuse_utility.c.obj
[781/997] Building C object esp-idf/xtensa/CMakeFiles/__idf_xtensa.dir/xt_trax.c.obj
[782/997] Building C object esp-idf/driver/CMakeFiles/__idf_driver.dir/deprecated/rmt_legacy.c.obj
[783/997] Building ASM object esp-idf/xtensa/CMakeFiles/__idf_xtensa.dir/xtensa_intr_asm.S.obj
[784/997] Building C object esp-idf/xtensa/CMakeFiles/__idf_xtensa.dir/xtensa_intr.c.obj
[785/997] Building C object esp-idf/bt/CMakeFiles/__idf_bt.dir/common/btc/core/btc_alarm.c.obj
[786/997] Building C object esp-idf/bt/CMakeFiles/__idf_bt.dir/common/api/esp_blufi_api.c.obj
[787/997] Building C object esp-idf/driver/CMakeFiles/__idf_driver.dir/touch_sensor/esp32s3/touch_sensor.c.obj
[788/997] Building C object esp-idf/bt/CMakeFiles/__idf_bt.dir/common/btc/core/btc_manage.c.obj
[789/997] Building C object esp-idf/bt/CMakeFiles/__idf_bt.dir/common/hci_log/bt_hci_log.c.obj
[790/997] Building C object esp-idf/bt/CMakeFiles/__idf_bt.dir/common/btc/core/btc_task.c.obj
[791/997] Building C object esp-idf/bt/CMakeFiles/__idf_bt.dir/common/osi/allocator.c.obj
[792/997] Building C object esp-idf/bt/CMakeFiles/__idf_bt.dir/common/osi/buffer.c.obj
[793/997] Building C object esp-idf/bt/CMakeFiles/__idf_bt.dir/common/btc/profile/esp/blufi/blufi_protocol.c.obj
[794/997] Building C object esp-idf/bt/CMakeFiles/__idf_bt.dir/common/btc/profile/esp/blufi/blufi_prf.c.obj
[795/997] Building C object esp-idf/esp_ringbuf/CMakeFiles/__idf_esp_ringbuf.dir/ringbuf.c.obj
[796/997] Building C object esp-idf/bt/CMakeFiles/__idf_bt.dir/common/osi/alarm.c.obj
[797/997] Building C object esp-idf/bt/CMakeFiles/__idf_bt.dir/common/osi/fixed_queue.c.obj
[798/997] Building C object esp-idf/bt/CMakeFiles/__idf_bt.dir/common/osi/hash_functions.c.obj
[799/997] Building C object esp-idf/bt/CMakeFiles/__idf_bt.dir/common/osi/pkt_queue.c.obj
[800/997] Building C object esp-idf/bt/CMakeFiles/__idf_bt.dir/common/osi/fixed_pkt_queue.c.obj
[801/997] Building C object esp-idf/bt/CMakeFiles/__idf_bt.dir/common/osi/future.c.obj
[802/997] Building C object esp-idf/bt/CMakeFiles/__idf_bt.dir/common/osi/hash_map.c.obj
[803/997] Building C object esp-idf/bt/CMakeFiles/__idf_bt.dir/common/osi/config.c.obj
[804/997] Building C object esp-idf/bt/CMakeFiles/__idf_bt.dir/common/osi/osi.c.obj
[805/997] Building C object esp-idf/bt/CMakeFiles/__idf_bt.dir/common/osi/mutex.c.obj
[806/997] Building C object esp-idf/bt/CMakeFiles/__idf_bt.dir/common/osi/semaphore.c.obj
[807/997] Building C object esp-idf/bt/CMakeFiles/__idf_bt.dir/porting/mem/bt_osi_mem.c.obj
[808/997] Building C object esp-idf/bt/CMakeFiles/__idf_bt.dir/porting/ext/tinycrypt/src/utils.c.obj
[809/997] Building C object esp-idf/bt/CMakeFiles/__idf_bt.dir/common/osi/list.c.obj
[810/997] Building C object esp-idf/bt/CMakeFiles/__idf_bt.dir/controller/esp32c3/bt.c.obj
[811/997] Building C object esp-idf/bt/CMakeFiles/__idf_bt.dir/porting/ext/tinycrypt/src/ctr_mode.c.obj
[812/997] Building C object esp-idf/bt/CMakeFiles/__idf_bt.dir/porting/ext/tinycrypt/src/sha256.c.obj
[813/997] Building C object esp-idf/bt/CMakeFiles/__idf_bt.dir/porting/ext/tinycrypt/src/aes_decrypt.c.obj
[814/997] Building C object esp-idf/bt/CMakeFiles/__idf_bt.dir/porting/ext/tinycrypt/src/aes_encrypt.c.obj
[815/997] Building C object esp-idf/bt/CMakeFiles/__idf_bt.dir/porting/ext/tinycrypt/src/ctr_prng.c.obj
[816/997] Building C object esp-idf/bt/CMakeFiles/__idf_bt.dir/common/osi/thread.c.obj
[817/997] Building C object esp-idf/bt/CMakeFiles/__idf_bt.dir/porting/ext/tinycrypt/src/cmac_mode.c.obj
[818/997] Building C object esp-idf/bt/CMakeFiles/__idf_bt.dir/porting/ext/tinycrypt/src/ecc_dsa.c.obj
[819/997] Building C object esp-idf/bt/CMakeFiles/__idf_bt.dir/porting/ext/tinycrypt/src/ecc_platform_specific.c.obj
[820/997] Building C object esp-idf/driver/CMakeFiles/__idf_driver.dir/uart/uart.c.obj
[821/997] Building C object esp-idf/bt/CMakeFiles/__idf_bt.dir/porting/ext/tinycrypt/src/ccm_mode.c.obj
[822/997] Building C object esp-idf/bt/CMakeFiles/__idf_bt.dir/porting/ext/tinycrypt/src/hmac_prng.c.obj
[823/997] Building C object esp-idf/bt/CMakeFiles/__idf_bt.dir/porting/ext/tinycrypt/src/hmac.c.obj
[824/997] Building C object esp-idf/bt/CMakeFiles/__idf_bt.dir/porting/ext/tinycrypt/src/ecc_dh.c.obj
[825/997] Building C object esp-idf/bt/CMakeFiles/__idf_bt.dir/porting/ext/tinycrypt/src/cbc_mode.c.obj
[826/997] Building C object esp-idf/bt/CMakeFiles/__idf_bt.dir/porting/ext/tinycrypt/src/ecc.c.obj
[827/997] Building C object esp-idf/console/CMakeFiles/__idf_console.dir/split_argv.c.obj
[828/997] Building C object esp-idf/console/CMakeFiles/__idf_console.dir/commands.c.obj
[829/997] Building C object esp-idf/console/CMakeFiles/__idf_console.dir/argtable3/arg_dbl.c.obj
[830/997] Building C object esp-idf/console/CMakeFiles/__idf_console.dir/argtable3/arg_date.c.obj
[831/997] Building C object esp-idf/console/CMakeFiles/__idf_console.dir/esp_console_repl.c.obj
[832/997] Building C object esp-idf/console/CMakeFiles/__idf_console.dir/argtable3/arg_dstr.c.obj
[833/997] Building C object esp-idf/console/CMakeFiles/__idf_console.dir/argtable3/arg_end.c.obj
[834/997] Building C object esp-idf/console/CMakeFiles/__idf_console.dir/argtable3/arg_cmd.c.obj
[835/997] Building C object esp-idf/console/CMakeFiles/__idf_console.dir/argtable3/arg_hashtable.c.obj
[836/997] Building C object esp-idf/console/CMakeFiles/__idf_console.dir/argtable3/arg_rem.c.obj
[837/997] Building C object esp-idf/console/CMakeFiles/__idf_console.dir/argtable3/arg_str.c.obj
[838/997] Building C object esp-idf/console/CMakeFiles/__idf_console.dir/argtable3/arg_lit.c.obj
[839/997] Building C object esp-idf/console/CMakeFiles/__idf_console.dir/argtable3/arg_file.c.obj
[840/997] Building C object esp-idf/console/CMakeFiles/__idf_console.dir/argtable3/arg_utils.c.obj
[841/997] Building C object esp-idf/console/CMakeFiles/__idf_console.dir/argtable3/arg_int.c.obj
[842/997] Linking C static library esp-idf/driver/libdriver.a
[843/997] Building C object esp-idf/console/CMakeFiles/__idf_console.dir/linenoise/linenoise.c.obj
[844/997] Building C object esp-idf/console/CMakeFiles/__idf_console.dir/argtable3/arg_rex.c.obj
[845/997] Building C object esp-idf/unity/CMakeFiles/__idf_unity.dir/unity_runner.c.obj
[846/997] Building C object esp-idf/unity/CMakeFiles/__idf_unity.dir/unity_utils_freertos.c.obj
[847/997] Building C object esp-idf/unity/CMakeFiles/__idf_unity.dir/unity_utils_cache.c.obj
[848/997] Linking C static library esp-idf/esp_timer/libesp_timer.a
[849/997] Building C object esp-idf/console/CMakeFiles/__idf_console.dir/argtable3/argtable3.c.obj
[850/997] Building C object esp-idf/unity/CMakeFiles/__idf_unity.dir/unity/src/unity.c.obj
[851/997] Building C object esp-idf/unity/CMakeFiles/__idf_unity.dir/unity_port_esp32.c.obj
[852/997] Linking C static library esp-idf/efuse/libefuse.a
[853/997] Building C object esp-idf/protocomm/CMakeFiles/__idf_protocomm.dir/proto-c/constants.pb-c.c.obj
[854/997] Building C object esp-idf/unity/CMakeFiles/__idf_unity.dir/unity_utils_memory.c.obj
[855/997] Building C object esp-idf/unity/CMakeFiles/__idf_unity.dir/port/esp/unity_utils_memory_esp.c.obj
[856/997] Linking C static library esp-idf/esp_ringbuf/libesp_ringbuf.a
[857/997] Building C object esp-idf/protocomm/CMakeFiles/__idf_protocomm.dir/proto-c/session.pb-c.c.obj
[858/997] Building C object esp-idf/protocomm/CMakeFiles/__idf_protocomm.dir/proto-c/sec1.pb-c.c.obj
[859/997] Linking C static library esp-idf/xtensa/libxtensa.a
[860/997] Building C object esp-idf/protocomm/CMakeFiles/__idf_protocomm.dir/proto-c/sec2.pb-c.c.obj
[861/997] Building C object esp-idf/protocomm/CMakeFiles/__idf_protocomm.dir/proto-c/sec0.pb-c.c.obj
[862/997] Building C object esp-idf/protocomm/CMakeFiles/__idf_protocomm.dir/src/common/protocomm.c.obj
[863/997] Building C object esp-idf/protocomm/CMakeFiles/__idf_protocomm.dir/src/security/security0.c.obj
[864/997] Building C object esp-idf/protocomm/CMakeFiles/__idf_protocomm.dir/src/transports/protocomm_console.c.obj
[865/997] Building C object esp-idf/protocomm/CMakeFiles/__idf_protocomm.dir/src/transports/protocomm_httpd.c.obj
[866/997] Linking C static library esp-idf/console/libconsole.a
[867/997] Linking C static library esp-idf/bt/libbt.a
[868/997] Building C object esp-idf/protocomm/CMakeFiles/__idf_protocomm.dir/src/crypto/srp6a/esp_srp_mpi.c.obj
[869/997] Building CXX object esp-idf/wear_levelling/CMakeFiles/__idf_wear_levelling.dir/SPI_Flash.cpp.obj
[870/997] Building CXX object esp-idf/wear_levelling/CMakeFiles/__idf_wear_levelling.dir/Partition.cpp.obj
[871/997] Building C object esp-idf/protocomm/CMakeFiles/__idf_protocomm.dir/src/crypto/srp6a/esp_srp.c.obj
[872/997] Building C object esp-idf/protocomm/CMakeFiles/__idf_protocomm.dir/src/security/security2.c.obj
[873/997] Building CXX object esp-idf/wear_levelling/CMakeFiles/__idf_wear_levelling.dir/WL_Ext_Perf.cpp.obj
[874/997] Building CXX object esp-idf/wear_levelling/CMakeFiles/__idf_wear_levelling.dir/crc32.cpp.obj
[875/997] Building C object esp-idf/protocomm/CMakeFiles/__idf_protocomm.dir/src/security/security1.c.obj
[876/997] Building CXX object esp-idf/wear_levelling/CMakeFiles/__idf_wear_levelling.dir/WL_Ext_Safe.cpp.obj
[877/997] Building C object esp-idf/sdmmc/CMakeFiles/__idf_sdmmc.dir/sdmmc_init.c.obj
[878/997] Building C object esp-idf/sdmmc/CMakeFiles/__idf_sdmmc.dir/sdmmc_common.c.obj
[879/997] Building CXX object esp-idf/wear_levelling/CMakeFiles/__idf_wear_levelling.dir/wear_levelling.cpp.obj
[880/997] Building C object esp-idf/protobuf-c/CMakeFiles/__idf_protobuf-c.dir/protobuf-c/protobuf-c/protobuf-c.c.obj
[881/997] Building C object esp-idf/sdmmc/CMakeFiles/__idf_sdmmc.dir/sdmmc_mmc.c.obj
[882/997] Building ASM object esp-idf/__pio_env/CMakeFiles/__idf___pio_env.dir/__dummy.S.obj
[883/997] Building C object esp-idf/sdmmc/CMakeFiles/__idf_sdmmc.dir/sdmmc_io.c.obj
[884/997] Building C object esp-idf/__pio_env/CMakeFiles/__idf___pio_env.dir/__dummy.c.obj
[885/997] Building CXX object esp-idf/__pio_env/CMakeFiles/__idf___pio_env.dir/__dummy.cpp.obj
[886/997] Building C object esp-idf/sdmmc/CMakeFiles/__idf_sdmmc.dir/sdmmc_sd.c.obj
[887/997] Linking C static library esp-idf/protobuf-c/libprotobuf-c.a
[888/997] Building C object esp-idf/json/CMakeFiles/__idf_json.dir/cJSON/cJSON_Utils.c.obj
[889/997] Building C object esp-idf/app_trace/CMakeFiles/__idf_app_trace.dir/app_trace_util.c.obj
[890/997] Building C object esp-idf/app_trace/CMakeFiles/__idf_app_trace.dir/host_file_io.c.obj
[891/997] Linking C static library esp-idf/unity/libunity.a
[892/997] Building C object esp-idf/app_trace/CMakeFiles/__idf_app_trace.dir/port/port_uart.c.obj
[893/997] Building CXX object esp-idf/wear_levelling/CMakeFiles/__idf_wear_levelling.dir/WL_Flash.cpp.obj
[894/997] Building C object esp-idf/sdmmc/CMakeFiles/__idf_sdmmc.dir/sdmmc_cmd.c.obj
[895/997] Building C object esp-idf/app_trace/CMakeFiles/__idf_app_trace.dir/app_trace.c.obj
[896/997] Performing configure step for 'bootloader'
-- Found Git: /usr/bin/git (found version "2.54.0 (Apple Git-157)")
-- git rev-parse returned 'fatal: not a git repository (or any of the parent directories): .git'
fatal: not a git repository (or any of the parent directories): .git
-- The C compiler identification is GNU 12.2.0
-- The CXX compiler identification is GNU 12.2.0
-- The ASM compiler identification is GNU
-- Found assembler: /Users/lojaws/Documents/ESP32-S3-Car-Adapter/.tools/tools/xtensa-esp32s3-elf/esp-12.2.0_20230208/xtensa-esp32s3-elf/bin/xtensa-esp32s3-elf-gcc
-- Detecting C compiler ABI info
-- Detecting C compiler ABI info - done
-- Check for working C compiler: /Users/lojaws/Documents/ESP32-S3-Car-Adapter/.tools/tools/xtensa-esp32s3-elf/esp-12.2.0_20230208/xtensa-esp32s3-elf/bin/xtensa-esp32s3-elf-gcc - skipped
-- Detecting C compile features
-- Detecting C compile features - done
-- Detecting CXX compiler ABI info
-- Detecting CXX compiler ABI info - done
-- Check for working CXX compiler: /Users/lojaws/Documents/ESP32-S3-Car-Adapter/.tools/tools/xtensa-esp32s3-elf/esp-12.2.0_20230208/xtensa-esp32s3-elf/bin/xtensa-esp32s3-elf-g++ - skipped
-- Detecting CXX compile features
-- Detecting CXX compile features - done
-- git rev-parse returned 'fatal: not a git repository (or any of the parent directories): .git'
-- Could not use 'git describe' to determine PROJECT_VER.
-- Building ESP-IDF components for target esp32s3
-- Project sdkconfig file /Users/lojaws/Documents/ESP32-S3-Car-Adapter/firmware/controller-probe/build-1/sdkconfig
Compiler supported targets: xtensa-esp32s3-elf

-- Looking for sys/types.h
-- Looking for sys/types.h - found
-- Looking for stdint.h
-- Looking for stdint.h - found
-- Looking for stddef.h
-- Looking for stddef.h - found
-- Check size of time_t
-- Check size of time_t - done
-- Adding linker script /Users/lojaws/.platformio/packages/framework-espidf/components/soc/esp32s3/ld/esp32s3.peripherals.ld
-- App "bootloader" version: 1
-- Adding linker script /Users/lojaws/.platformio/packages/framework-espidf/components/esp_rom/esp32s3/ld/esp32s3.rom.ld
-- Adding linker script /Users/lojaws/.platformio/packages/framework-espidf/components/esp_rom/esp32s3/ld/esp32s3.rom.api.ld
-- Adding linker script /Users/lojaws/.platformio/packages/framework-espidf/components/esp_rom/esp32s3/ld/esp32s3.rom.bt_funcs.ld
-- Adding linker script /Users/lojaws/.platformio/packages/framework-espidf/components/esp_rom/esp32s3/ld/esp32s3.rom.libgcc.ld
-- Adding linker script /Users/lojaws/.platformio/packages/framework-espidf/components/esp_rom/esp32s3/ld/esp32s3.rom.newlib.ld
-- Adding linker script /Users/lojaws/.platformio/packages/framework-espidf/components/bootloader/subproject/main/ld/esp32s3/bootloader.ld
-- Adding linker script /Users/lojaws/.platformio/packages/framework-espidf/components/bootloader/subproject/main/ld/esp32s3/bootloader.rom.ld
-- Components: bootloader bootloader_support efuse esp_app_format esp_common esp_hw_support esp_rom esp_system esptool_py freertos hal log main micro-ecc newlib partition_table soc spi_flash xtensa
-- Component paths: /Users/lojaws/.platformio/packages/framework-espidf/components/bootloader /Users/lojaws/.platformio/packages/framework-espidf/components/bootloader_support /Users/lojaws/.platformio/packages/framework-espidf/components/efuse /Users/lojaws/.platformio/packages/framework-espidf/components/esp_app_format /Users/lojaws/.platformio/packages/framework-espidf/components/esp_common /Users/lojaws/.platformio/packages/framework-espidf/components/esp_hw_support /Users/lojaws/.platformio/packages/framework-espidf/components/esp_rom /Users/lojaws/.platformio/packages/framework-espidf/components/esp_system /Users/lojaws/.platformio/packages/framework-espidf/components/esptool_py /Users/lojaws/.platformio/packages/framework-espidf/components/freertos /Users/lojaws/.platformio/packages/framework-espidf/components/hal /Users/lojaws/.platformio/packages/framework-espidf/components/log /Users/lojaws/.platformio/packages/framework-espidf/components/bootloader/subproject/main /Users/lojaws/.platformio/packages/framework-espidf/components/bootloader/subproject/components/micro-ecc /Users/lojaws/.platformio/packages/framework-espidf/components/newlib /Users/lojaws/.platformio/packages/framework-espidf/components/partition_table /Users/lojaws/.platformio/packages/framework-espidf/components/soc /Users/lojaws/.platformio/packages/framework-espidf/components/spi_flash /Users/lojaws/.platformio/packages/framework-espidf/components/xtensa
-- Configuring done (4.1s)
-- Generating done (0.1s)
-- Build files have been written to: /Users/lojaws/Documents/ESP32-S3-Car-Adapter/firmware/controller-probe/build-1/bootloader
[897/997] Building C object esp-idf/cmock/CMakeFiles/__idf_cmock.dir/CMock/src/cmock.c.obj
[898/997] Building C object esp-idf/esp_hid/CMakeFiles/__idf_esp_hid.dir/src/esp_hid_common.c.obj
[899/997] Building C object esp-idf/esp_hid/CMakeFiles/__idf_esp_hid.dir/src/esp_hidd.c.obj
[900/997] Building C object esp-idf/esp_lcd/CMakeFiles/__idf_esp_lcd.dir/src/esp_lcd_panel_io.c.obj
[901/997] Building C object esp-idf/esp_lcd/CMakeFiles/__idf_esp_lcd.dir/src/esp_lcd_common.c.obj
[902/997] Building C object esp-idf/json/CMakeFiles/__idf_json.dir/cJSON/cJSON.c.obj
[903/997] Building C object esp-idf/esp_lcd/CMakeFiles/__idf_esp_lcd.dir/src/esp_lcd_panel_io_i2c.c.obj
[904/997] Building C object esp-idf/esp_lcd/CMakeFiles/__idf_esp_lcd.dir/src/esp_lcd_panel_ops.c.obj
[905/997] Building C object esp-idf/esp_lcd/CMakeFiles/__idf_esp_lcd.dir/src/esp_lcd_panel_nt35510.c.obj
[906/997] Building C object esp-idf/esp_hid/CMakeFiles/__idf_esp_hid.dir/src/esp_hidh.c.obj
[907/997] Building C object esp-idf/esp_lcd/CMakeFiles/__idf_esp_lcd.dir/src/esp_lcd_panel_ssd1306.c.obj
[908/997] Linking C static library esp-idf/protocomm/libprotocomm.a
[909/997] Building C object esp-idf/esp_lcd/CMakeFiles/__idf_esp_lcd.dir/src/esp_lcd_panel_st7789.c.obj
[910/997] Building C object esp-idf/esp_lcd/CMakeFiles/__idf_esp_lcd.dir/src/esp_lcd_panel_io_spi.c.obj
[911/997] Building C object esp-idf/espcoredump/CMakeFiles/__idf_espcoredump.dir/src/core_dump_common.c.obj
[912/997] Building C object esp-idf/espcoredump/CMakeFiles/__idf_espcoredump.dir/src/core_dump_uart.c.obj
[913/997] Building C object esp-idf/esp_local_ctrl/CMakeFiles/__idf_esp_local_ctrl.dir/src/esp_local_ctrl_transport_httpd.c.obj
[914/997] Building C object esp-idf/espcoredump/CMakeFiles/__idf_espcoredump.dir/src/core_dump_elf.c.obj
[915/997] Building C object esp-idf/esp_local_ctrl/CMakeFiles/__idf_esp_local_ctrl.dir/src/esp_local_ctrl_handler.c.obj
[916/997] Building C object esp-idf/esp_local_ctrl/CMakeFiles/__idf_esp_local_ctrl.dir/src/esp_local_ctrl.c.obj
[917/997] Building C object esp-idf/espcoredump/CMakeFiles/__idf_espcoredump.dir/src/core_dump_flash.c.obj
[918/997] Building C object esp-idf/esp_local_ctrl/CMakeFiles/__idf_esp_local_ctrl.dir/proto-c/esp_local_ctrl.pb-c.c.obj
[919/997] Building C object esp-idf/espcoredump/CMakeFiles/__idf_espcoredump.dir/src/core_dump_sha.c.obj
[920/997] Building C object esp-idf/espcoredump/CMakeFiles/__idf_espcoredump.dir/src/core_dump_crc.c.obj
[921/997] Linking C static library esp-idf/wear_levelling/libwear_levelling.a
[922/997] Building C object esp-idf/espcoredump/CMakeFiles/__idf_espcoredump.dir/src/core_dump_binary.c.obj
[923/997] Linking C static library esp-idf/sdmmc/libsdmmc.a
[924/997] Building C object esp-idf/espcoredump/CMakeFiles/__idf_espcoredump.dir/src/port/xtensa/core_dump_port.c.obj
[925/997] Building C object esp-idf/fatfs/CMakeFiles/__idf_fatfs.dir/diskio/diskio.c.obj
[926/997] Building C object esp-idf/fatfs/CMakeFiles/__idf_fatfs.dir/diskio/diskio_rawflash.c.obj
[927/997] Building C object esp-idf/fatfs/CMakeFiles/__idf_fatfs.dir/diskio/diskio_wl.c.obj
[928/997] Building C object esp-idf/esp_lcd/CMakeFiles/__idf_esp_lcd.dir/src/esp_lcd_panel_io_i80.c.obj
[929/997] Building C object esp-idf/fatfs/CMakeFiles/__idf_fatfs.dir/port/freertos/ffsystem.c.obj
[930/997] Building C object esp-idf/fatfs/CMakeFiles/__idf_fatfs.dir/diskio/diskio_sdmmc.c.obj
[931/997] Building C object esp-idf/fatfs/CMakeFiles/__idf_fatfs.dir/src/ffunicode.c.obj
[932/997] Linking C static library esp-idf/json/libjson.a
[933/997] Building C object esp-idf/perfmon/CMakeFiles/__idf_perfmon.dir/xtensa_perfmon_access.c.obj
[934/997] Building C object esp-idf/mqtt/CMakeFiles/__idf_mqtt.dir/esp-mqtt/lib/platform_esp32_idf.c.obj
[935/997] Building C object esp-idf/fatfs/CMakeFiles/__idf_fatfs.dir/vfs/vfs_fat_sdmmc.c.obj
[936/997] Building C object esp-idf/mqtt/CMakeFiles/__idf_mqtt.dir/esp-mqtt/lib/mqtt_outbox.c.obj
[937/997] Building C object esp-idf/mqtt/CMakeFiles/__idf_mqtt.dir/esp-mqtt/lib/mqtt_msg.c.obj
[938/997] Building C object esp-idf/perfmon/CMakeFiles/__idf_perfmon.dir/xtensa_perfmon_masks.c.obj
[939/997] Building C object esp-idf/fatfs/CMakeFiles/__idf_fatfs.dir/vfs/vfs_fat_spiflash.c.obj
[940/997] Building C object esp-idf/perfmon/CMakeFiles/__idf_perfmon.dir/xtensa_perfmon_apis.c.obj
[941/997] Building C object esp-idf/spiffs/CMakeFiles/__idf_spiffs.dir/spiffs_api.c.obj
[942/997] Building C object esp-idf/fatfs/CMakeFiles/__idf_fatfs.dir/vfs/vfs_fat.c.obj
[943/997] Building C object esp-idf/spiffs/CMakeFiles/__idf_spiffs.dir/spiffs/src/spiffs_cache.c.obj
[944/997] Building C object esp-idf/esp_lcd/CMakeFiles/__idf_esp_lcd.dir/src/esp_lcd_panel_rgb.c.obj
[945/997] Building C object esp-idf/touch_element/CMakeFiles/__idf_touch_element.dir/touch_button.c.obj
[946/997] Building C object esp-idf/spiffs/CMakeFiles/__idf_spiffs.dir/spiffs/src/spiffs_gc.c.obj
[947/997] Building C object esp-idf/spiffs/CMakeFiles/__idf_spiffs.dir/spiffs/src/spiffs_check.c.obj
[948/997] Building C object esp-idf/touch_element/CMakeFiles/__idf_touch_element.dir/touch_slider.c.obj
[949/997] Building C object esp-idf/touch_element/CMakeFiles/__idf_touch_element.dir/touch_element.c.obj
[950/997] Building C object esp-idf/spiffs/CMakeFiles/__idf_spiffs.dir/spiffs/src/spiffs_hydrogen.c.obj
[951/997] Building C object esp-idf/spiffs/CMakeFiles/__idf_spiffs.dir/esp_spiffs.c.obj
[952/997] Building C object esp-idf/usb/CMakeFiles/__idf_usb.dir/usb_private.c.obj
[953/997] Building C object esp-idf/touch_element/CMakeFiles/__idf_touch_element.dir/touch_matrix.c.obj
[954/997] Building C object esp-idf/usb/CMakeFiles/__idf_usb.dir/usb_helpers.c.obj
[955/997] Building C object esp-idf/usb/CMakeFiles/__idf_usb.dir/hub.c.obj
[956/997] Building C object esp-idf/fatfs/CMakeFiles/__idf_fatfs.dir/src/ff.c.obj
[957/997] Building C object esp-idf/wifi_provisioning/CMakeFiles/__idf_wifi_provisioning.dir/src/wifi_config.c.obj
[958/997] Building C object esp-idf/wifi_provisioning/CMakeFiles/__idf_wifi_provisioning.dir/src/wifi_scan.c.obj
[959/997] Building C object esp-idf/usb/CMakeFiles/__idf_usb.dir/usb_phy.c.obj
[960/997] Building C object esp-idf/wifi_provisioning/CMakeFiles/__idf_wifi_provisioning.dir/src/wifi_ctrl.c.obj
[961/997] Building C object esp-idf/usb/CMakeFiles/__idf_usb.dir/usb_host.c.obj
[962/997] Building C object esp-idf/mqtt/CMakeFiles/__idf_mqtt.dir/esp-mqtt/mqtt_client.c.obj
[963/997] Building C object esp-idf/spiffs/CMakeFiles/__idf_spiffs.dir/spiffs/src/spiffs_nucleus.c.obj
[964/997] Building C object esp-idf/wifi_provisioning/CMakeFiles/__idf_wifi_provisioning.dir/src/scheme_console.c.obj
[965/997] Building C object esp-idf/wifi_provisioning/CMakeFiles/__idf_wifi_provisioning.dir/src/handlers.c.obj
[966/997] Building C object esp-idf/wifi_provisioning/CMakeFiles/__idf_wifi_provisioning.dir/proto-c/wifi_config.pb-c.c.obj
[967/997] Building C object esp-idf/wifi_provisioning/CMakeFiles/__idf_wifi_provisioning.dir/proto-c/wifi_constants.pb-c.c.obj
[968/997] Building C object esp-idf/wifi_provisioning/CMakeFiles/__idf_wifi_provisioning.dir/proto-c/wifi_ctrl.pb-c.c.obj
[969/997] Building C object esp-idf/wifi_provisioning/CMakeFiles/__idf_wifi_provisioning.dir/proto-c/wifi_scan.pb-c.c.obj
[970/997] Linking C static library esp-idf/__pio_env/lib__pio_env.a
[971/997] Linking C static library esp-idf/cmock/libcmock.a
[972/997] Linking C static library esp-idf/app_trace/libapp_trace.a
[973/997] Linking C static library esp-idf/esp_hid/libesp_hid.a
[974/997] Building C object esp-idf/main/CMakeFiles/__idf_main.dir/probe.c.obj
[975/997] Building C object esp-idf/wifi_provisioning/CMakeFiles/__idf_wifi_provisioning.dir/src/scheme_softap.c.obj
[976/997] Building C object esp-idf/usb/CMakeFiles/__idf_usb.dir/usbh.c.obj
[977/997] Linking C static library esp-idf/esp_local_ctrl/libesp_local_ctrl.a
[978/997] Linking C static library esp-idf/esp_lcd/libesp_lcd.a
[979/997] Linking C static library esp-idf/perfmon/libperfmon.a
[980/997] Linking C static library esp-idf/espcoredump/libespcoredump.a
[981/997] Linking C static library esp-idf/mqtt/libmqtt.a
[982/997] Linking C static library esp-idf/fatfs/libfatfs.a
[983/997] Linking C static library esp-idf/spiffs/libspiffs.a
[984/997] Linking C static library esp-idf/touch_element/libtouch_element.a
[985/997] Linking C static library esp-idf/main/libmain.a
[986/997] Building C object esp-idf/usb/CMakeFiles/__idf_usb.dir/hcd_dwc.c.obj
[987/997] Linking C static library esp-idf/usb/libusb.a
[988/997] Building C object esp-idf/wifi_provisioning/CMakeFiles/__idf_wifi_provisioning.dir/src/manager.c.obj
[989/997] Linking C static library esp-idf/wifi_provisioning/libwifi_provisioning.a
[990/997] Performing build step for 'bootloader'
[1/112] Building C object esp-idf/esp_rom/CMakeFiles/__idf_esp_rom.dir/patches/esp_rom_sys.c.obj
[2/112] Building ASM object esp-idf/esp_rom/CMakeFiles/__idf_esp_rom.dir/patches/esp_rom_longjmp.S.obj
[3/112] Building C object esp-idf/esp_rom/CMakeFiles/__idf_esp_rom.dir/patches/esp_rom_crc.c.obj
[4/112] Building C object esp-idf/esp_rom/CMakeFiles/__idf_esp_rom.dir/patches/esp_rom_efuse.c.obj
[5/112] Building C object esp-idf/esp_rom/CMakeFiles/__idf_esp_rom.dir/patches/esp_rom_gpio.c.obj
[6/112] Building C object esp-idf/esp_rom/CMakeFiles/__idf_esp_rom.dir/patches/esp_rom_systimer.c.obj
[7/112] Building C object esp-idf/esp_rom/CMakeFiles/__idf_esp_rom.dir/patches/esp_rom_uart.c.obj
[8/112] Building ASM object esp-idf/esp_rom/CMakeFiles/__idf_esp_rom.dir/patches/esp_rom_cache_writeback_esp32s3.S.obj
[9/112] Building C object esp-idf/esp_rom/CMakeFiles/__idf_esp_rom.dir/patches/esp_rom_wdt.c.obj
[10/112] Building C object esp-idf/esp_rom/CMakeFiles/__idf_esp_rom.dir/patches/esp_rom_spiflash.c.obj
[11/112] Building C object esp-idf/esp_rom/CMakeFiles/__idf_esp_rom.dir/patches/esp_rom_cache_esp32s2_esp32s3.c.obj
[12/112] Building C object esp-idf/log/CMakeFiles/__idf_log.dir/log_noos.c.obj
[13/112] Building C object esp-idf/esp_hw_support/CMakeFiles/__idf_esp_hw_support.dir/esp_memory_utils.c.obj
[14/112] Building C object esp-idf/esp_hw_support/CMakeFiles/__idf_esp_hw_support.dir/port/esp32s3/cpu_region_protect.c.obj
[15/112] Building C object esp-idf/esp_hw_support/CMakeFiles/__idf_esp_hw_support.dir/port/esp32s3/esp_cpu_intr.c.obj
[16/112] Building C object esp-idf/log/CMakeFiles/__idf_log.dir/log_buffers.c.obj
[17/112] Building C object esp-idf/esp_common/CMakeFiles/__idf_esp_common.dir/src/esp_err_to_name.c.obj
[18/112] Building C object esp-idf/esp_hw_support/CMakeFiles/__idf_esp_hw_support.dir/port/esp32s3/rtc_clk_init.c.obj
[19/112] Building C object esp-idf/esp_hw_support/CMakeFiles/__idf_esp_hw_support.dir/cpu.c.obj
[20/112] Building C object esp-idf/log/CMakeFiles/__idf_log.dir/log.c.obj
[21/112] Building C object esp-idf/esp_hw_support/CMakeFiles/__idf_esp_hw_support.dir/port/esp32s3/chip_info.c.obj
[22/112] Building C object esp-idf/esp_system/CMakeFiles/__idf_esp_system.dir/esp_err.c.obj
[23/112] Building C object esp-idf/efuse/CMakeFiles/__idf_efuse.dir/esp32s3/esp_efuse_fields.c.obj
[24/112] Building C object esp-idf/efuse/CMakeFiles/__idf_efuse.dir/esp32s3/esp_efuse_table.c.obj
[25/112] Building C object esp-idf/esp_hw_support/CMakeFiles/__idf_esp_hw_support.dir/port/esp32s3/rtc_time.c.obj
[26/112] Linking C static library esp-idf/log/liblog.a
[27/112] Building C object esp-idf/efuse/CMakeFiles/__idf_efuse.dir/esp32s3/esp_efuse_rtc_calib.c.obj
[28/112] Building C object esp-idf/efuse/CMakeFiles/__idf_efuse.dir/src/esp_efuse_fields.c.obj
[29/112] Linking C static library esp-idf/esp_rom/libesp_rom.a
[30/112] Building C object esp-idf/esp_hw_support/CMakeFiles/__idf_esp_hw_support.dir/port/esp32s3/rtc_sleep.c.obj
[31/112] Building C object esp-idf/efuse/CMakeFiles/__idf_efuse.dir/esp32s3/esp_efuse_utility.c.obj
[32/112] Linking C static library esp-idf/esp_common/libesp_common.a
[33/112] Building C object esp-idf/bootloader_support/CMakeFiles/__idf_bootloader_support.dir/src/bootloader_clock_init.c.obj
[34/112] Building C object esp-idf/bootloader_support/CMakeFiles/__idf_bootloader_support.dir/src/bootloader_mem.c.obj
[35/112] Building C object esp-idf/bootloader_support/CMakeFiles/__idf_bootloader_support.dir/src/bootloader_common.c.obj
[36/112] Building C object esp-idf/efuse/CMakeFiles/__idf_efuse.dir/src/esp_efuse_api.c.obj
[37/112] Building C object esp-idf/efuse/CMakeFiles/__idf_efuse.dir/src/efuse_controller/keys/with_key_purposes/esp_efuse_api_key.c.obj
[38/112] Building C object esp-idf/esp_hw_support/CMakeFiles/__idf_esp_hw_support.dir/port/esp32s3/rtc_init.c.obj
[39/112] Building C object esp-idf/bootloader_support/CMakeFiles/__idf_bootloader_support.dir/src/bootloader_common_loader.c.obj
[40/112] Building C object esp-idf/bootloader_support/CMakeFiles/__idf_bootloader_support.dir/src/bootloader_random.c.obj
[41/112] Building C object esp-idf/bootloader_support/CMakeFiles/__idf_bootloader_support.dir/src/bootloader_random_esp32s3.c.obj
[42/112] Building C object esp-idf/bootloader_support/CMakeFiles/__idf_bootloader_support.dir/src/bootloader_efuse.c.obj
[43/112] Building C object esp-idf/bootloader_support/CMakeFiles/__idf_bootloader_support.dir/src/secure_boot.c.obj
[44/112] Building C object esp-idf/esp_hw_support/CMakeFiles/__idf_esp_hw_support.dir/port/esp32s3/rtc_clk.c.obj
[45/112] Building C object esp-idf/bootloader_support/CMakeFiles/__idf_bootloader_support.dir/src/flash_encrypt.c.obj
[46/112] Building C object esp-idf/bootloader_support/CMakeFiles/__idf_bootloader_support.dir/src/flash_partitions.c.obj
[47/112] Building C object esp-idf/bootloader_support/CMakeFiles/__idf_bootloader_support.dir/bootloader_flash/src/flash_qio_mode.c.obj
[48/112] Building C object esp-idf/bootloader_support/CMakeFiles/__idf_bootloader_support.dir/bootloader_flash/src/bootloader_flash_config_esp32s3.c.obj
[49/112] Linking C static library esp-idf/esp_hw_support/libesp_hw_support.a
[50/112] Building C object esp-idf/bootloader_support/CMakeFiles/__idf_bootloader_support.dir/src/bootloader_console_loader.c.obj
[51/112] Building C object esp-idf/efuse/CMakeFiles/__idf_efuse.dir/src/esp_efuse_utility.c.obj
[52/112] Building C object esp-idf/bootloader_support/CMakeFiles/__idf_bootloader_support.dir/src/bootloader_clock_loader.c.obj
[53/112] Building C object esp-idf/bootloader_support/CMakeFiles/__idf_bootloader_support.dir/src/bootloader_init.c.obj
[54/112] Building C object esp-idf/bootloader_support/CMakeFiles/__idf_bootloader_support.dir/src/bootloader_console.c.obj
[55/112] Building C object esp-idf/bootloader_support/CMakeFiles/__idf_bootloader_support.dir/src/esp32s3/bootloader_soc.c.obj
[56/112] Linking C static library esp-idf/esp_system/libesp_system.a
[57/112] Building C object esp-idf/bootloader_support/CMakeFiles/__idf_bootloader_support.dir/src/esp32s3/bootloader_sha.c.obj
[58/112] Building C object esp-idf/esp_app_format/CMakeFiles/__idf_esp_app_format.dir/esp_app_desc.c.obj
[59/112] Building C object esp-idf/bootloader_support/CMakeFiles/__idf_bootloader_support.dir/src/bootloader_panic.c.obj
[60/112] Building C object esp-idf/hal/CMakeFiles/__idf_hal.dir/mpu_hal.c.obj
[61/112] Building C object esp-idf/spi_flash/CMakeFiles/__idf_spi_flash.dir/spi_flash_wrap.c.obj
[62/112] Building C object esp-idf/hal/CMakeFiles/__idf_hal.dir/efuse_hal.c.obj
[63/112] Linking C static library esp-idf/efuse/libefuse.a
[64/112] Building C object esp-idf/hal/CMakeFiles/__idf_hal.dir/esp32s3/efuse_hal.c.obj
[65/112] Building C object esp-idf/bootloader_support/CMakeFiles/__idf_bootloader_support.dir/src/esp32s3/bootloader_esp32s3.c.obj
[66/112] Building C object esp-idf/hal/CMakeFiles/__idf_hal.dir/cache_hal.c.obj
[67/112] Building C object esp-idf/soc/CMakeFiles/__idf_soc.dir/dport_access_common.c.obj
[68/112] Building C object esp-idf/hal/CMakeFiles/__idf_hal.dir/mmu_hal.c.obj
[69/112] Building C object esp-idf/soc/CMakeFiles/__idf_soc.dir/lldesc.c.obj
[70/112] Building C object esp-idf/soc/CMakeFiles/__idf_soc.dir/esp32s3/interrupts.c.obj
[71/112] Building C object esp-idf/soc/CMakeFiles/__idf_soc.dir/esp32s3/gpio_periph.c.obj
[72/112] Building C object esp-idf/soc/CMakeFiles/__idf_soc.dir/esp32s3/uart_periph.c.obj
[73/112] Building C object esp-idf/soc/CMakeFiles/__idf_soc.dir/esp32s3/gdma_periph.c.obj
[74/112] Building C object esp-idf/soc/CMakeFiles/__idf_soc.dir/esp32s3/dedic_gpio_periph.c.obj
[75/112] Building C object esp-idf/soc/CMakeFiles/__idf_soc.dir/esp32s3/adc_periph.c.obj
[76/112] Building C object esp-idf/soc/CMakeFiles/__idf_soc.dir/esp32s3/spi_periph.c.obj
[77/112] Building C object esp-idf/soc/CMakeFiles/__idf_soc.dir/esp32s3/ledc_periph.c.obj
[78/112] Building C object esp-idf/soc/CMakeFiles/__idf_soc.dir/esp32s3/pcnt_periph.c.obj
[79/112] Building C object esp-idf/soc/CMakeFiles/__idf_soc.dir/esp32s3/rmt_periph.c.obj
[80/112] Building C object esp-idf/soc/CMakeFiles/__idf_soc.dir/esp32s3/sdm_periph.c.obj
[81/112] Building C object esp-idf/soc/CMakeFiles/__idf_soc.dir/esp32s3/i2s_periph.c.obj
[82/112] Building C object esp-idf/bootloader_support/CMakeFiles/__idf_bootloader_support.dir/bootloader_flash/src/bootloader_flash.c.obj
[83/112] Building C object esp-idf/soc/CMakeFiles/__idf_soc.dir/esp32s3/temperature_sensor_periph.c.obj
[84/112] Building C object esp-idf/soc/CMakeFiles/__idf_soc.dir/esp32s3/timer_periph.c.obj
[85/112] Building C object esp-idf/soc/CMakeFiles/__idf_soc.dir/esp32s3/lcd_periph.c.obj
[86/112] Building C object esp-idf/soc/CMakeFiles/__idf_soc.dir/esp32s3/i2c_periph.c.obj
[87/112] Building C object esp-idf/soc/CMakeFiles/__idf_soc.dir/esp32s3/mcpwm_periph.c.obj
[88/112] Building C object esp-idf/soc/CMakeFiles/__idf_soc.dir/esp32s3/usb_periph.c.obj
[89/112] Building C object esp-idf/soc/CMakeFiles/__idf_soc.dir/esp32s3/twai_periph.c.obj
[90/112] Building C object esp-idf/soc/CMakeFiles/__idf_soc.dir/esp32s3/touch_sensor_periph.c.obj
[91/112] Building C object esp-idf/soc/CMakeFiles/__idf_soc.dir/esp32s3/usb_dwc_periph.c.obj
[92/112] Building C object esp-idf/soc/CMakeFiles/__idf_soc.dir/esp32s3/sdmmc_periph.c.obj
[93/112] Generating project_elf_src_esp32s3.c
[94/112] Building C object esp-idf/xtensa/CMakeFiles/__idf_xtensa.dir/eri.c.obj
[95/112] Building C object esp-idf/soc/CMakeFiles/__idf_soc.dir/esp32s3/rtc_io_periph.c.obj
[96/112] Building C object esp-idf/bootloader_support/CMakeFiles/__idf_bootloader_support.dir/src/bootloader_utility.c.obj
[97/112] Building C object esp-idf/bootloader_support/CMakeFiles/__idf_bootloader_support.dir/src/esp_image_format.c.obj
[98/112] Building C object CMakeFiles/bootloader.elf.dir/project_elf_src_esp32s3.c.obj
[99/112] Building C object esp-idf/xtensa/CMakeFiles/__idf_xtensa.dir/xt_trax.c.obj
[100/112] Building C object esp-idf/main/CMakeFiles/__idf_main.dir/bootloader_start.c.obj
[101/112] Linking C static library esp-idf/bootloader_support/libbootloader_support.a
[102/112] Linking C static library esp-idf/esp_app_format/libesp_app_format.a
[103/112] Linking C static library esp-idf/spi_flash/libspi_flash.a
[104/112] Linking C static library esp-idf/hal/libhal.a
[105/112] Building C object esp-idf/micro-ecc/CMakeFiles/__idf_micro-ecc.dir/uECC_verify_antifault.c.obj
[106/112] Linking C static library esp-idf/micro-ecc/libmicro-ecc.a
[107/112] Linking C static library esp-idf/soc/libsoc.a
[108/112] Linking C static library esp-idf/xtensa/libxtensa.a
[109/112] Linking C static library esp-idf/main/libmain.a
[110/112] Linking C executable bootloader.elf
[111/112] Generating binary image from built executable
esptool.py v4.12.0
Creating esp32s3 image...
Merged 1 ELF section
Successfully created esp32s3 image.
Generated /Users/lojaws/Documents/ESP32-S3-Car-Adapter/firmware/controller-probe/build-1/bootloader/bootloader.bin
[112/112] cd /Users/lojaws/Documents/ESP32-S3-Car-Adapter/firmware/controller-probe/build-1/bootloader/esp-idf/esptool_py && /Users/lojaws/Documents/ESP32-S3-Car-Adapter/.tools/python_env/idf5.1_py3.9_env/bin/python /Users/lojaws/.platformio/packages/framework-espidf/components/partition_table/check_sizes.py --offset 0x8000 bootloader 0x0 /Users/lojaws/Documents/ESP32-S3-Car-Adapter/firmware/controller-probe/build-1/bootloader/bootloader.bin
Bootloader binary size 0x51d0 bytes. 0x2e30 bytes (36%) free.
[991/997] No install step for 'bootloader'
[992/997] Completed 'bootloader'
[993/997] Generating ld/sections.ld
[994/997] Building C object CMakeFiles/s3_controller_probe.elf.dir/project_elf_src_esp32s3.c.obj
[995/997] Linking CXX executable s3_controller_probe.elf
[996/997] Generating binary image from built executable
esptool.py v4.12.0
Creating esp32s3 image...
Merged 2 ELF sections
Successfully created esp32s3 image.
Generated /Users/lojaws/Documents/ESP32-S3-Car-Adapter/firmware/controller-probe/build-1/s3_controller_probe.bin
[997/997] cd /Users/lojaws/Documents/ESP32-S3-Car-Adapter/firmware/controller-probe/build-1/esp-idf/esptool_py && /Users/lojaws/Documents/ESP32-S3-Car-Adapter/.tools/python_env/idf5.1_py3.9_env/bin/python /Users/lojaws/.platformio/packages/framework-espidf/components/partition_table/check_sizes.py --offset 0x8000 partition --type app /Users/lojaws/Documents/ESP32-S3-Car-Adapter/firmware/controller-probe/build-1/partition_table/partition-table.bin /Users/lojaws/Documents/ESP32-S3-Car-Adapter/firmware/controller-probe/build-1/s3_controller_probe.bin
s3_controller_probe.bin binary size 0x5f7e0 bytes. Smallest app partition is 0x100000 bytes. 0xa0820 bytes (63%) free.

Project build complete. To flash, run this command:
/Users/lojaws/Documents/ESP32-S3-Car-Adapter/.tools/python_env/idf5.1_py3.9_env/bin/python ../../../../.platformio/packages/framework-espidf/components/esptool_py/esptool/esptool.py -p (PORT) -b 460800 --before default_reset --after hard_reset --chip esp32s3  write_flash --flash_mode dio --flash_size 2MB --flash_freq 80m 0x0 build-1/bootloader/bootloader.bin 0x8000 build-1/partition_table/partition-table.bin 0x10000 build-1/s3_controller_probe.bin
or run 'idf.py -p (PORT) flash'
Executing action: all (aliases: build)
Running cmake in directory /Users/lojaws/Documents/ESP32-S3-Car-Adapter/firmware/controller-probe/build-2
Executing "cmake -G Ninja -DPYTHON_DEPS_CHECKED=1 -DPYTHON=/Users/lojaws/Documents/ESP32-S3-Car-Adapter/.tools/python_env/idf5.1_py3.9_env/bin/python -DESP_PLATFORM=1 -DIDF_TARGET=esp32s3 -DSDKCONFIG=build-2/sdkconfig -DPROBE_CASE=2 -DCCACHE_ENABLE=0 /Users/lojaws/Documents/ESP32-S3-Car-Adapter/firmware/controller-probe"...
-- Found Git: /usr/bin/git (found version "2.54.0 (Apple Git-157)")
-- git rev-parse returned 'fatal: not a git repository (or any of the parent directories): .git'
fatal: not a git repository (or any of the parent directories): .git
-- The C compiler identification is GNU 12.2.0
-- The CXX compiler identification is GNU 12.2.0
-- The ASM compiler identification is GNU
-- Found assembler: /Users/lojaws/Documents/ESP32-S3-Car-Adapter/.tools/tools/xtensa-esp32s3-elf/esp-12.2.0_20230208/xtensa-esp32s3-elf/bin/xtensa-esp32s3-elf-gcc
-- Detecting C compiler ABI info
-- Detecting C compiler ABI info - done
-- Check for working C compiler: /Users/lojaws/Documents/ESP32-S3-Car-Adapter/.tools/tools/xtensa-esp32s3-elf/esp-12.2.0_20230208/xtensa-esp32s3-elf/bin/xtensa-esp32s3-elf-gcc - skipped
-- Detecting C compile features
-- Detecting C compile features - done
-- Detecting CXX compiler ABI info
-- Detecting CXX compiler ABI info - done
-- Check for working CXX compiler: /Users/lojaws/Documents/ESP32-S3-Car-Adapter/.tools/tools/xtensa-esp32s3-elf/esp-12.2.0_20230208/xtensa-esp32s3-elf/bin/xtensa-esp32s3-elf-g++ - skipped
-- Detecting CXX compile features
-- Detecting CXX compile features - done
-- git rev-parse returned 'fatal: not a git repository (or any of the parent directories): .git'
-- Could not use 'git describe' to determine PROJECT_VER.
-- Building ESP-IDF components for target esp32s3
-- Project sdkconfig file /Users/lojaws/Documents/ESP32-S3-Car-Adapter/firmware/controller-probe/build-2/sdkconfig
Loading defaults file /Users/lojaws/Documents/ESP32-S3-Car-Adapter/firmware/controller-probe/sdkconfig.defaults...
Compiler supported targets: xtensa-esp32s3-elf

-- Looking for sys/types.h
-- Looking for sys/types.h - found
-- Looking for stdint.h
-- Looking for stdint.h - found
-- Looking for stddef.h
-- Looking for stddef.h - found
-- Check size of time_t
-- Check size of time_t - done
CMake Deprecation Warning at /Users/lojaws/.platformio/packages/framework-espidf/components/mbedtls/mbedtls/CMakeLists.txt:21 (cmake_minimum_required):
  Compatibility with CMake < 3.10 will be removed from a future version of
  CMake.

  Update the VERSION argument <min> value.  Or, use the <min>...<max> syntax
  to tell CMake that the project requires at least <min> but has been updated
  to work with policies introduced by <max> or earlier.


-- Found Python3: /Users/lojaws/Documents/ESP32-S3-Car-Adapter/.tools/python_env/idf5.1_py3.9_env/bin/python (found version "3.9.6") found components: Interpreter
-- Performing Test CMAKE_HAVE_LIBC_PTHREAD
-- Performing Test CMAKE_HAVE_LIBC_PTHREAD - Failed
-- Check if compiler accepts -pthread
-- Check if compiler accepts -pthread - no
-- Looking for pthread_create in pthreads
-- Looking for pthread_create in pthreads - not found
-- Looking for pthread_create in pthread
-- Looking for pthread_create in pthread - not found
-- Could NOT find Threads (missing: Threads_FOUND) 
-- Performing Test C_COMPILER_SUPPORTS_WFORMAT_SIGNEDNESS
-- Performing Test C_COMPILER_SUPPORTS_WFORMAT_SIGNEDNESS - Success
-- App "s3_controller_probe" version: 1
-- Adding linker script /Users/lojaws/Documents/ESP32-S3-Car-Adapter/firmware/controller-probe/build-2/esp-idf/esp_system/ld/memory.ld
-- Adding linker script /Users/lojaws/.platformio/packages/framework-espidf/components/esp_system/ld/esp32s3/sections.ld.in
-- Adding linker script /Users/lojaws/.platformio/packages/framework-espidf/components/esp_rom/esp32s3/ld/esp32s3.rom.ld
-- Adding linker script /Users/lojaws/.platformio/packages/framework-espidf/components/esp_rom/esp32s3/ld/esp32s3.rom.api.ld
-- Adding linker script /Users/lojaws/.platformio/packages/framework-espidf/components/esp_rom/esp32s3/ld/esp32s3.rom.bt_funcs.ld
-- Adding linker script /Users/lojaws/.platformio/packages/framework-espidf/components/esp_rom/esp32s3/ld/esp32s3.rom.libgcc.ld
-- Adding linker script /Users/lojaws/.platformio/packages/framework-espidf/components/esp_rom/esp32s3/ld/esp32s3.rom.newlib.ld
-- Adding linker script /Users/lojaws/.platformio/packages/framework-espidf/components/esp_rom/esp32s3/ld/esp32s3.rom.version.ld
-- Adding linker script /Users/lojaws/.platformio/packages/framework-espidf/components/soc/esp32s3/ld/esp32s3.peripherals.ld
fatal: not a git repository (or any of the parent directories): .git
fatal: not a git repository (or any of the parent directories): .git
-- Components: __pio_env app_trace app_update bootloader bootloader_support bt cmock console cxx driver efuse esp-tls esp_adc esp_app_format esp_coex esp_common esp_eth esp_event esp_gdbstub esp_hid esp_http_client esp_http_server esp_https_ota esp_https_server esp_hw_support esp_lcd esp_local_ctrl esp_mm esp_netif esp_netif_stack esp_partition esp_phy esp_pm esp_psram esp_ringbuf esp_rom esp_system esp_timer esp_wifi espcoredump esptool_py fatfs freertos hal heap http_parser idf_test ieee802154 json log lwip main mbedtls mqtt newlib nvs_flash openthread partition_table perfmon protobuf-c protocomm pthread sdmmc soc spi_flash spiffs tcp_transport touch_element ulp unity usb vfs wear_levelling wifi_provisioning wpa_supplicant xtensa
-- Component paths: /Users/lojaws/.platformio/packages/framework-espidf/components/__pio_env /Users/lojaws/.platformio/packages/framework-espidf/components/app_trace /Users/lojaws/.platformio/packages/framework-espidf/components/app_update /Users/lojaws/.platformio/packages/framework-espidf/components/bootloader /Users/lojaws/.platformio/packages/framework-espidf/components/bootloader_support /Users/lojaws/.platformio/packages/framework-espidf/components/bt /Users/lojaws/.platformio/packages/framework-espidf/components/cmock /Users/lojaws/.platformio/packages/framework-espidf/components/console /Users/lojaws/.platformio/packages/framework-espidf/components/cxx /Users/lojaws/.platformio/packages/framework-espidf/components/driver /Users/lojaws/.platformio/packages/framework-espidf/components/efuse /Users/lojaws/.platformio/packages/framework-espidf/components/esp-tls /Users/lojaws/.platformio/packages/framework-espidf/components/esp_adc /Users/lojaws/.platformio/packages/framework-espidf/components/esp_app_format /Users/lojaws/.platformio/packages/framework-espidf/components/esp_coex /Users/lojaws/.platformio/packages/framework-espidf/components/esp_common /Users/lojaws/.platformio/packages/framework-espidf/components/esp_eth /Users/lojaws/.platformio/packages/framework-espidf/components/esp_event /Users/lojaws/.platformio/packages/framework-espidf/components/esp_gdbstub /Users/lojaws/.platformio/packages/framework-espidf/components/esp_hid /Users/lojaws/.platformio/packages/framework-espidf/components/esp_http_client /Users/lojaws/.platformio/packages/framework-espidf/components/esp_http_server /Users/lojaws/.platformio/packages/framework-espidf/components/esp_https_ota /Users/lojaws/.platformio/packages/framework-espidf/components/esp_https_server /Users/lojaws/.platformio/packages/framework-espidf/components/esp_hw_support /Users/lojaws/.platformio/packages/framework-espidf/components/esp_lcd /Users/lojaws/.platformio/packages/framework-espidf/components/esp_local_ctrl /Users/lojaws/.platformio/packages/framework-espidf/components/esp_mm /Users/lojaws/.platformio/packages/framework-espidf/components/esp_netif /Users/lojaws/.platformio/packages/framework-espidf/components/esp_netif_stack /Users/lojaws/.platformio/packages/framework-espidf/components/esp_partition /Users/lojaws/.platformio/packages/framework-espidf/components/esp_phy /Users/lojaws/.platformio/packages/framework-espidf/components/esp_pm /Users/lojaws/.platformio/packages/framework-espidf/components/esp_psram /Users/lojaws/.platformio/packages/framework-espidf/components/esp_ringbuf /Users/lojaws/.platformio/packages/framework-espidf/components/esp_rom /Users/lojaws/.platformio/packages/framework-espidf/components/esp_system /Users/lojaws/.platformio/packages/framework-espidf/components/esp_timer /Users/lojaws/.platformio/packages/framework-espidf/components/esp_wifi /Users/lojaws/.platformio/packages/framework-espidf/components/espcoredump /Users/lojaws/.platformio/packages/framework-espidf/components/esptool_py /Users/lojaws/.platformio/packages/framework-espidf/components/fatfs /Users/lojaws/.platformio/packages/framework-espidf/components/freertos /Users/lojaws/.platformio/packages/framework-espidf/components/hal /Users/lojaws/.platformio/packages/framework-espidf/components/heap /Users/lojaws/.platformio/packages/framework-espidf/components/http_parser /Users/lojaws/.platformio/packages/framework-espidf/components/idf_test /Users/lojaws/.platformio/packages/framework-espidf/components/ieee802154 /Users/lojaws/.platformio/packages/framework-espidf/components/json /Users/lojaws/.platformio/packages/framework-espidf/components/log /Users/lojaws/.platformio/packages/framework-espidf/components/lwip /Users/lojaws/Documents/ESP32-S3-Car-Adapter/firmware/controller-probe/main /Users/lojaws/.platformio/packages/framework-espidf/components/mbedtls /Users/lojaws/.platformio/packages/framework-espidf/components/mqtt /Users/lojaws/.platformio/packages/framework-espidf/components/newlib /Users/lojaws/.platformio/packages/framework-espidf/components/nvs_flash /Users/lojaws/.platformio/packages/framework-espidf/components/openthread /Users/lojaws/.platformio/packages/framework-espidf/components/partition_table /Users/lojaws/.platformio/packages/framework-espidf/components/perfmon /Users/lojaws/.platformio/packages/framework-espidf/components/protobuf-c /Users/lojaws/.platformio/packages/framework-espidf/components/protocomm /Users/lojaws/.platformio/packages/framework-espidf/components/pthread /Users/lojaws/.platformio/packages/framework-espidf/components/sdmmc /Users/lojaws/.platformio/packages/framework-espidf/components/soc /Users/lojaws/.platformio/packages/framework-espidf/components/spi_flash /Users/lojaws/.platformio/packages/framework-espidf/components/spiffs /Users/lojaws/.platformio/packages/framework-espidf/components/tcp_transport /Users/lojaws/.platformio/packages/framework-espidf/components/touch_element /Users/lojaws/.platformio/packages/framework-espidf/components/ulp /Users/lojaws/.platformio/packages/framework-espidf/components/unity /Users/lojaws/.platformio/packages/framework-espidf/components/usb /Users/lojaws/.platformio/packages/framework-espidf/components/vfs /Users/lojaws/.platformio/packages/framework-espidf/components/wear_levelling /Users/lojaws/.platformio/packages/framework-espidf/components/wifi_provisioning /Users/lojaws/.platformio/packages/framework-espidf/components/wpa_supplicant /Users/lojaws/.platformio/packages/framework-espidf/components/xtensa
-- Configuring done (2.9s)
-- Generating done (0.3s)
-- Build files have been written to: /Users/lojaws/Documents/ESP32-S3-Car-Adapter/firmware/controller-probe/build-2
Running ninja in directory /Users/lojaws/Documents/ESP32-S3-Car-Adapter/firmware/controller-probe/build-2
Executing "ninja all"...
[1/997] Generating project_elf_src_esp32s3.c
[2/997] Generating memory.ld linker script...
[3/997] Building C object esp-idf/ulp/CMakeFiles/__idf_ulp.dir/ulp_common/ulp_common.c.obj
[4/997] Building C object esp-idf/ulp/CMakeFiles/__idf_ulp.dir/ulp_common/ulp_adc.c.obj
[5/997] Generating ../../partition_table/partition-table.bin
Partition table binary generated. Contents:
*******************************************************************************
# ESP-IDF Partition Table
# Name, Type, SubType, Offset, Size, Flags
nvs,data,nvs,0x9000,24K,
phy_init,data,phy,0xf000,4K,
factory,app,factory,0x10000,1M,
*******************************************************************************
[6/997] Linking C static library esp-idf/ulp/libulp.a
[7/997] Building C object esp-idf/esp_http_server/CMakeFiles/__idf_esp_http_server.dir/src/httpd_ws.c.obj
[8/997] Building C object esp-idf/esp_http_server/CMakeFiles/__idf_esp_http_server.dir/src/httpd_uri.c.obj
[9/997] Building C object esp-idf/esp_http_server/CMakeFiles/__idf_esp_http_server.dir/src/httpd_sess.c.obj
[10/997] Building C object esp-idf/esp_http_server/CMakeFiles/__idf_esp_http_server.dir/src/httpd_txrx.c.obj
[11/997] Building C object esp-idf/esp_http_server/CMakeFiles/__idf_esp_http_server.dir/src/util/ctrl_sock.c.obj
[12/997] Building C object esp-idf/esp_http_server/CMakeFiles/__idf_esp_http_server.dir/src/httpd_main.c.obj
[13/997] Building C object esp-idf/esp_https_ota/CMakeFiles/__idf_esp_https_ota.dir/src/esp_https_ota.c.obj
[14/997] Building C object esp-idf/esp_http_client/CMakeFiles/__idf_esp_http_client.dir/lib/http_utils.c.obj
[15/997] Linking C static library esp-idf/esp_https_ota/libesp_https_ota.a
[16/997] Building C object esp-idf/esp_http_client/CMakeFiles/__idf_esp_http_client.dir/lib/http_header.c.obj
[17/997] Building C object esp-idf/esp_http_server/CMakeFiles/__idf_esp_http_server.dir/src/httpd_parse.c.obj
[18/997] Building C object esp-idf/esp_http_client/CMakeFiles/__idf_esp_http_client.dir/lib/http_auth.c.obj
[19/997] Linking C static library esp-idf/esp_http_server/libesp_http_server.a
[20/997] Building C object esp-idf/esp_gdbstub/CMakeFiles/__idf_esp_gdbstub.dir/src/gdbstub_transport.c.obj
[21/997] Building C object esp-idf/tcp_transport/CMakeFiles/__idf_tcp_transport.dir/transport_socks_proxy.c.obj
[22/997] Building C object esp-idf/esp_gdbstub/CMakeFiles/__idf_esp_gdbstub.dir/src/packet.c.obj
[23/997] Building ASM object esp-idf/esp_gdbstub/CMakeFiles/__idf_esp_gdbstub.dir/src/port/xtensa/gdbstub-entry.S.obj
[24/997] Building C object esp-idf/tcp_transport/CMakeFiles/__idf_tcp_transport.dir/transport_internal.c.obj
[25/997] Building ASM object esp-idf/esp_gdbstub/CMakeFiles/__idf_esp_gdbstub.dir/src/port/xtensa/xt_debugexception.S.obj
[26/997] Building C object esp-idf/esp_gdbstub/CMakeFiles/__idf_esp_gdbstub.dir/src/gdbstub.c.obj
[27/997] Building C object esp-idf/esp_gdbstub/CMakeFiles/__idf_esp_gdbstub.dir/src/port/xtensa/gdbstub_xtensa.c.obj
[28/997] Building C object esp-idf/tcp_transport/CMakeFiles/__idf_tcp_transport.dir/transport.c.obj
[29/997] Building C object esp-idf/esp_eth/CMakeFiles/__idf_esp_eth.dir/src/esp_eth_netif_glue.c.obj
[30/997] Building C object esp-idf/esp_adc/CMakeFiles/__idf_esp_adc.dir/adc_cali.c.obj
[31/997] Building C object esp-idf/esp_adc/CMakeFiles/__idf_esp_adc.dir/adc_cali_curve_fitting.c.obj
[32/997] Building C object esp-idf/esp_adc/CMakeFiles/__idf_esp_adc.dir/deprecated/esp_adc_cal_common_legacy.c.obj
[33/997] Building C object esp-idf/esp_adc/CMakeFiles/__idf_esp_adc.dir/adc_common.c.obj
[34/997] Building C object esp-idf/esp_adc/CMakeFiles/__idf_esp_adc.dir/adc_oneshot.c.obj
[35/997] Building C object esp-idf/tcp_transport/CMakeFiles/__idf_tcp_transport.dir/transport_ssl.c.obj
[36/997] Building C object esp-idf/esp_adc/CMakeFiles/__idf_esp_adc.dir/esp32s3/curve_fitting_coefficients.c.obj
[37/997] Building C object esp-idf/esp_eth/CMakeFiles/__idf_esp_eth.dir/src/esp_eth_phy_802_3.c.obj
[38/997] Building C object esp-idf/esp-tls/CMakeFiles/__idf_esp-tls.dir/esp-tls-crypto/esp_tls_crypto.c.obj
[39/997] Building C object esp-idf/esp_eth/CMakeFiles/__idf_esp_eth.dir/src/esp_eth.c.obj
[40/997] Building C object esp-idf/esp_adc/CMakeFiles/__idf_esp_adc.dir/deprecated/esp32s3/esp_adc_cal_legacy.c.obj
[41/997] Building C object esp-idf/esp_adc/CMakeFiles/__idf_esp_adc.dir/adc_continuous.c.obj
[42/997] Building C object esp-idf/esp_adc/CMakeFiles/__idf_esp_adc.dir/adc_filter.c.obj
[43/997] Building C object esp-idf/esp-tls/CMakeFiles/__idf_esp-tls.dir/esp_tls_platform_port.c.obj
[44/997] Building C object esp-idf/esp-tls/CMakeFiles/__idf_esp-tls.dir/esp_tls_error_capture.c.obj
[45/997] Building C object esp-idf/esp_http_client/CMakeFiles/__idf_esp_http_client.dir/esp_http_client.c.obj
[46/997] Building C object esp-idf/esp_wifi/CMakeFiles/__idf_esp_wifi.dir/src/mesh_event.c.obj
[47/997] Building C object esp-idf/tcp_transport/CMakeFiles/__idf_tcp_transport.dir/transport_ws.c.obj
[48/997] Linking C static library esp-idf/esp_http_client/libesp_http_client.a
[49/997] Building C object esp-idf/esp_wifi/CMakeFiles/__idf_esp_wifi.dir/src/smartconfig.c.obj
[50/997] Building C object esp-idf/esp_wifi/CMakeFiles/__idf_esp_wifi.dir/src/wifi_init.c.obj
[51/997] Building C object esp-idf/esp_wifi/CMakeFiles/__idf_esp_wifi.dir/src/wifi_default.c.obj
[52/997] Building C object esp-idf/esp_wifi/CMakeFiles/__idf_esp_wifi.dir/src/wifi_default_ap.c.obj
[53/997] Linking C static library esp-idf/tcp_transport/libtcp_transport.a
[54/997] Building C object esp-idf/esp-tls/CMakeFiles/__idf_esp-tls.dir/esp_tls.c.obj
[55/997] Building C object esp-idf/esp_coex/CMakeFiles/__idf_esp_coex.dir/src/coexist.c.obj
[56/997] Building C object esp-idf/esp_coex/CMakeFiles/__idf_esp_coex.dir/src/coexist_debug_diagram.c.obj
[57/997] Linking C static library esp-idf/esp_gdbstub/libesp_gdbstub.a
[58/997] Building C object esp-idf/esp-tls/CMakeFiles/__idf_esp-tls.dir/esp_tls_mbedtls.c.obj
[59/997] Building C object esp-idf/esp_wifi/CMakeFiles/__idf_esp_wifi.dir/esp32s3/esp_adapter.c.obj
[60/997] Building C object esp-idf/esp_coex/CMakeFiles/__idf_esp_coex.dir/src/coexist_debug.c.obj
[61/997] Building C object esp-idf/esp_wifi/CMakeFiles/__idf_esp_wifi.dir/src/smartconfig_ack.c.obj
[62/997] Linking C static library esp-idf/esp_eth/libesp_eth.a
[63/997] Building C object esp-idf/wpa_supplicant/CMakeFiles/__idf_wpa_supplicant.dir/port/os_xtensa.c.obj
[64/997] Building C object esp-idf/esp_wifi/CMakeFiles/__idf_esp_wifi.dir/src/wifi_netif.c.obj
[65/997] Linking C static library esp-idf/esp_adc/libesp_adc.a
[66/997] Building C object esp-idf/esp_coex/CMakeFiles/__idf_esp_coex.dir/esp32s3/esp_coex_adapter.c.obj
[67/997] Linking C static library esp-idf/esp-tls/libesp-tls.a
[68/997] Building C object esp-idf/wpa_supplicant/CMakeFiles/__idf_wpa_supplicant.dir/src/ap/ap_config.c.obj
[69/997] Building C object esp-idf/wpa_supplicant/CMakeFiles/__idf_wpa_supplicant.dir/port/eloop.c.obj
[70/997] Building C object esp-idf/wpa_supplicant/CMakeFiles/__idf_wpa_supplicant.dir/src/ap/pmksa_cache_auth.c.obj
[71/997] Building C object esp-idf/wpa_supplicant/CMakeFiles/__idf_wpa_supplicant.dir/src/ap/sta_info.c.obj
[72/997] Building C object esp-idf/wpa_supplicant/CMakeFiles/__idf_wpa_supplicant.dir/src/ap/ieee802_1x.c.obj
[73/997] Building C object esp-idf/http_parser/CMakeFiles/__idf_http_parser.dir/http_parser.c.obj
[74/997] Building C object esp-idf/wpa_supplicant/CMakeFiles/__idf_wpa_supplicant.dir/src/ap/comeback_token.c.obj
[75/997] Building C object esp-idf/wpa_supplicant/CMakeFiles/__idf_wpa_supplicant.dir/src/ap/wpa_auth_ie.c.obj
[76/997] Linking C static library esp-idf/http_parser/libhttp_parser.a
[77/997] Building C object esp-idf/wpa_supplicant/CMakeFiles/__idf_wpa_supplicant.dir/src/utils/bitfield.c.obj
[78/997] Building C object esp-idf/wpa_supplicant/CMakeFiles/__idf_wpa_supplicant.dir/src/ap/ieee802_11.c.obj
[79/997] Linking C static library esp-idf/esp_wifi/libesp_wifi.a
[80/997] Building C object esp-idf/wpa_supplicant/CMakeFiles/__idf_wpa_supplicant.dir/src/common/dragonfly.c.obj
[81/997] Building C object esp-idf/wpa_supplicant/CMakeFiles/__idf_wpa_supplicant.dir/src/crypto/aes-siv.c.obj
[82/997] Building C object esp-idf/wpa_supplicant/CMakeFiles/__idf_wpa_supplicant.dir/src/crypto/sha256-kdf.c.obj
[83/997] Building C object esp-idf/wpa_supplicant/CMakeFiles/__idf_wpa_supplicant.dir/src/crypto/ccmp.c.obj
[84/997] Building C object esp-idf/wpa_supplicant/CMakeFiles/__idf_wpa_supplicant.dir/src/common/wpa_common.c.obj
[85/997] Building C object esp-idf/wpa_supplicant/CMakeFiles/__idf_wpa_supplicant.dir/src/crypto/crypto_ops.c.obj
[86/997] Building C object esp-idf/wpa_supplicant/CMakeFiles/__idf_wpa_supplicant.dir/src/crypto/dh_group5.c.obj
[87/997] Building C object esp-idf/wpa_supplicant/CMakeFiles/__idf_wpa_supplicant.dir/src/crypto/sha1-tlsprf.c.obj
[88/997] Building C object esp-idf/wpa_supplicant/CMakeFiles/__idf_wpa_supplicant.dir/src/crypto/aes-gcm.c.obj
[89/997] Building C object esp-idf/wpa_supplicant/CMakeFiles/__idf_wpa_supplicant.dir/src/crypto/dh_groups.c.obj
[90/997] Building C object esp-idf/wpa_supplicant/CMakeFiles/__idf_wpa_supplicant.dir/src/crypto/sha256-tlsprf.c.obj
[91/997] Building C object esp-idf/wpa_supplicant/CMakeFiles/__idf_wpa_supplicant.dir/src/crypto/sha384-tlsprf.c.obj
[92/997] Building C object esp-idf/wpa_supplicant/CMakeFiles/__idf_wpa_supplicant.dir/src/crypto/ms_funcs.c.obj
[93/997] Building C object esp-idf/wpa_supplicant/CMakeFiles/__idf_wpa_supplicant.dir/src/crypto/sha256-prf.c.obj
[94/997] Building C object esp-idf/wpa_supplicant/CMakeFiles/__idf_wpa_supplicant.dir/src/crypto/sha1-prf.c.obj
[95/997] Building C object esp-idf/wpa_supplicant/CMakeFiles/__idf_wpa_supplicant.dir/src/crypto/sha1-tprf.c.obj
[96/997] Building C object esp-idf/wpa_supplicant/CMakeFiles/__idf_wpa_supplicant.dir/src/eap_common/eap_wsc_common.c.obj
[97/997] Building C object esp-idf/wpa_supplicant/CMakeFiles/__idf_wpa_supplicant.dir/src/crypto/sha384-prf.c.obj
[98/997] Building C object esp-idf/wpa_supplicant/CMakeFiles/__idf_wpa_supplicant.dir/src/eap_peer/chap.c.obj
[99/997] Building C object esp-idf/wpa_supplicant/CMakeFiles/__idf_wpa_supplicant.dir/src/crypto/md4-internal.c.obj
[100/997] Building C object esp-idf/wpa_supplicant/CMakeFiles/__idf_wpa_supplicant.dir/src/common/ieee802_11_common.c.obj
[101/997] Building C object esp-idf/wpa_supplicant/CMakeFiles/__idf_wpa_supplicant.dir/src/eap_peer/eap_common.c.obj
[102/997] Building C object esp-idf/wpa_supplicant/CMakeFiles/__idf_wpa_supplicant.dir/src/eap_peer/eap_tls.c.obj
[103/997] Building C object esp-idf/wpa_supplicant/CMakeFiles/__idf_wpa_supplicant.dir/src/eap_peer/eap_peap_common.c.obj
[104/997] Building C object esp-idf/wpa_supplicant/CMakeFiles/__idf_wpa_supplicant.dir/src/ap/wpa_auth.c.obj
[105/997] Building C object esp-idf/wpa_supplicant/CMakeFiles/__idf_wpa_supplicant.dir/src/eap_peer/eap_mschapv2.c.obj
[106/997] Building C object esp-idf/wpa_supplicant/CMakeFiles/__idf_wpa_supplicant.dir/src/eap_peer/mschapv2.c.obj
[107/997] Building C object esp-idf/wpa_supplicant/CMakeFiles/__idf_wpa_supplicant.dir/src/eap_peer/eap.c.obj
[108/997] Building C object esp-idf/wpa_supplicant/CMakeFiles/__idf_wpa_supplicant.dir/src/common/sae.c.obj
[109/997] Building C object esp-idf/wpa_supplicant/CMakeFiles/__idf_wpa_supplicant.dir/src/eap_peer/eap_fast_common.c.obj
[110/997] Building C object esp-idf/wpa_supplicant/CMakeFiles/__idf_wpa_supplicant.dir/src/rsn_supp/pmksa_cache.c.obj
[111/997] Building C object esp-idf/wpa_supplicant/CMakeFiles/__idf_wpa_supplicant.dir/src/eap_peer/eap_peap.c.obj
[112/997] Building C object esp-idf/wpa_supplicant/CMakeFiles/__idf_wpa_supplicant.dir/src/eap_peer/eap_tls_common.c.obj
[113/997] Building C object esp-idf/wpa_supplicant/CMakeFiles/__idf_wpa_supplicant.dir/src/rsn_supp/wpa_ie.c.obj
[114/997] Building C object esp-idf/wpa_supplicant/CMakeFiles/__idf_wpa_supplicant.dir/src/utils/ext_password.c.obj
[115/997] Building C object esp-idf/wpa_supplicant/CMakeFiles/__idf_wpa_supplicant.dir/src/utils/uuid.c.obj
[116/997] Building C object esp-idf/wpa_supplicant/CMakeFiles/__idf_wpa_supplicant.dir/src/utils/base64.c.obj
[117/997] Building C object esp-idf/wpa_supplicant/CMakeFiles/__idf_wpa_supplicant.dir/src/utils/wpa_debug.c.obj
[118/997] Building C object esp-idf/wpa_supplicant/CMakeFiles/__idf_wpa_supplicant.dir/src/eap_peer/eap_fast_pac.c.obj
[119/997] Building C object esp-idf/wpa_supplicant/CMakeFiles/__idf_wpa_supplicant.dir/src/utils/wpabuf.c.obj
[120/997] Building C object esp-idf/wpa_supplicant/CMakeFiles/__idf_wpa_supplicant.dir/src/eap_peer/eap_ttls.c.obj
[121/997] Building C object esp-idf/wpa_supplicant/CMakeFiles/__idf_wpa_supplicant.dir/src/utils/common.c.obj
[122/997] Building C object esp-idf/wpa_supplicant/CMakeFiles/__idf_wpa_supplicant.dir/src/wps/wps_attr_process.c.obj
[123/997] Building C object esp-idf/wpa_supplicant/CMakeFiles/__idf_wpa_supplicant.dir/src/wps/wps.c.obj
[124/997] Building C object esp-idf/wpa_supplicant/CMakeFiles/__idf_wpa_supplicant.dir/src/utils/json.c.obj
[125/997] Building C object esp-idf/wpa_supplicant/CMakeFiles/__idf_wpa_supplicant.dir/src/wps/wps_attr_parse.c.obj
[126/997] Building C object esp-idf/wpa_supplicant/CMakeFiles/__idf_wpa_supplicant.dir/src/wps/wps_common.c.obj
[127/997] Building C object esp-idf/wpa_supplicant/CMakeFiles/__idf_wpa_supplicant.dir/src/wps/wps_dev_attr.c.obj
[128/997] Building C object esp-idf/wpa_supplicant/CMakeFiles/__idf_wpa_supplicant.dir/esp_supplicant/src/esp_wpa2_api_port.c.obj
[129/997] Building C object esp-idf/wpa_supplicant/CMakeFiles/__idf_wpa_supplicant.dir/src/wps/wps_attr_build.c.obj
[130/997] Building C object esp-idf/wpa_supplicant/CMakeFiles/__idf_wpa_supplicant.dir/esp_supplicant/src/esp_wpas_glue.c.obj
[131/997] Building C object esp-idf/wpa_supplicant/CMakeFiles/__idf_wpa_supplicant.dir/esp_supplicant/src/esp_common.c.obj
[132/997] Building C object esp-idf/wpa_supplicant/CMakeFiles/__idf_wpa_supplicant.dir/esp_supplicant/src/esp_wpa_main.c.obj
[133/997] Building C object esp-idf/wpa_supplicant/CMakeFiles/__idf_wpa_supplicant.dir/src/common/sae_pk.c.obj
[134/997] Building C object esp-idf/wpa_supplicant/CMakeFiles/__idf_wpa_supplicant.dir/src/eap_peer/eap_fast.c.obj
[135/997] Building C object esp-idf/wpa_supplicant/CMakeFiles/__idf_wpa_supplicant.dir/esp_supplicant/src/esp_owe.c.obj
[136/997] Building C object esp-idf/wpa_supplicant/CMakeFiles/__idf_wpa_supplicant.dir/src/wps/wps_enrollee.c.obj
[137/997] Building C object esp-idf/wpa_supplicant/CMakeFiles/__idf_wpa_supplicant.dir/esp_supplicant/src/esp_wpa3.c.obj
[138/997] Building C object esp-idf/wpa_supplicant/CMakeFiles/__idf_wpa_supplicant.dir/esp_supplicant/src/esp_eap_client.c.obj
[139/997] Building C object esp-idf/wpa_supplicant/CMakeFiles/__idf_wpa_supplicant.dir/esp_supplicant/src/esp_hostap.c.obj
[140/997] Building C object esp-idf/wpa_supplicant/CMakeFiles/__idf_wpa_supplicant.dir/src/rsn_supp/wpa.c.obj
[141/997] Building C object esp-idf/wpa_supplicant/CMakeFiles/__idf_wpa_supplicant.dir/esp_supplicant/src/crypto/fastpbkdf2.c.obj
[142/997] Building C object esp-idf/wpa_supplicant/CMakeFiles/__idf_wpa_supplicant.dir/esp_supplicant/src/esp_wps.c.obj
[143/997] Building C object esp-idf/wpa_supplicant/CMakeFiles/__idf_wpa_supplicant.dir/src/crypto/aes-unwrap.c.obj
[144/997] Building C object esp-idf/wpa_supplicant/CMakeFiles/__idf_wpa_supplicant.dir/esp_supplicant/src/crypto/crypto_mbedtls-bignum.c.obj
[145/997] Building C object esp-idf/wpa_supplicant/CMakeFiles/__idf_wpa_supplicant.dir/src/crypto/rc4.c.obj
[146/997] Building C object esp-idf/wpa_supplicant/CMakeFiles/__idf_wpa_supplicant.dir/esp_supplicant/src/crypto/crypto_mbedtls.c.obj
[147/997] Building C object esp-idf/wpa_supplicant/CMakeFiles/__idf_wpa_supplicant.dir/src/crypto/aes-wrap.c.obj
[148/997] Building C object esp-idf/wpa_supplicant/CMakeFiles/__idf_wpa_supplicant.dir/src/crypto/des-internal.c.obj
[149/997] Linking C static library esp-idf/esp_coex/libesp_coex.a
[150/997] Building C object esp-idf/wpa_supplicant/CMakeFiles/__idf_wpa_supplicant.dir/esp_supplicant/src/crypto/tls_mbedtls.c.obj
[151/997] Building C object esp-idf/esp_netif/CMakeFiles/__idf_esp_netif.dir/esp_netif_defaults.c.obj
[152/997] Building C object esp-idf/esp_netif/CMakeFiles/__idf_esp_netif.dir/esp_netif_objects.c.obj
[153/997] Building C object esp-idf/wpa_supplicant/CMakeFiles/__idf_wpa_supplicant.dir/esp_supplicant/src/crypto/crypto_mbedtls-rsa.c.obj
[154/997] Building C object esp-idf/wpa_supplicant/CMakeFiles/__idf_wpa_supplicant.dir/src/crypto/aes-ccm.c.obj
[155/997] Building C object esp-idf/esp_netif/CMakeFiles/__idf_esp_netif.dir/esp_netif_handlers.c.obj
[156/997] Building C object esp-idf/esp_netif/CMakeFiles/__idf_esp_netif.dir/lwip/esp_netif_lwip_defaults.c.obj
[157/997] Building C object esp-idf/esp_netif/CMakeFiles/__idf_esp_netif.dir/lwip/netif/esp_pbuf_ref.c.obj
[158/997] Building C object esp-idf/esp_netif/CMakeFiles/__idf_esp_netif.dir/lwip/esp_netif_sntp.c.obj
[159/997] Building C object esp-idf/esp_netif/CMakeFiles/__idf_esp_netif.dir/lwip/netif/wlanif.c.obj
[160/997] Building C object esp-idf/esp_netif/CMakeFiles/__idf_esp_netif.dir/lwip/netif/ethernetif.c.obj
[161/997] Building C object esp-idf/lwip/CMakeFiles/__idf_lwip.dir/apps/sntp/sntp.c.obj
[162/997] Building C object esp-idf/lwip/CMakeFiles/__idf_lwip.dir/lwip/src/api/err.c.obj
[163/997] Building C object esp-idf/wpa_supplicant/CMakeFiles/__idf_wpa_supplicant.dir/esp_supplicant/src/crypto/crypto_mbedtls-ec.c.obj
[164/997] Building C object esp-idf/lwip/CMakeFiles/__idf_lwip.dir/lwip/src/api/if_api.c.obj
[165/997] Building C object esp-idf/lwip/CMakeFiles/__idf_lwip.dir/lwip/src/api/netbuf.c.obj
[166/997] Building C object esp-idf/lwip/CMakeFiles/__idf_lwip.dir/lwip/src/api/netifapi.c.obj
[167/997] Building C object esp-idf/lwip/CMakeFiles/__idf_lwip.dir/lwip/src/api/api_lib.c.obj
[168/997] Building C object esp-idf/lwip/CMakeFiles/__idf_lwip.dir/lwip/src/api/netdb.c.obj
[169/997] Building C object esp-idf/lwip/CMakeFiles/__idf_lwip.dir/lwip/src/api/tcpip.c.obj
[170/997] Building C object esp-idf/lwip/CMakeFiles/__idf_lwip.dir/lwip/src/core/def.c.obj
[171/997] Building C object esp-idf/lwip/CMakeFiles/__idf_lwip.dir/lwip/src/apps/netbiosns/netbiosns.c.obj
[172/997] Building C object esp-idf/lwip/CMakeFiles/__idf_lwip.dir/lwip/src/apps/sntp/sntp.c.obj
[173/997] Building C object esp-idf/lwip/CMakeFiles/__idf_lwip.dir/lwip/src/core/inet_chksum.c.obj
[174/997] Building C object esp-idf/lwip/CMakeFiles/__idf_lwip.dir/lwip/src/core/mem.c.obj
[175/997] Building C object esp-idf/lwip/CMakeFiles/__idf_lwip.dir/lwip/src/core/ip.c.obj
[176/997] Linking C static library esp-idf/wpa_supplicant/libwpa_supplicant.a
[177/997] Building C object esp-idf/lwip/CMakeFiles/__idf_lwip.dir/lwip/src/core/init.c.obj
[178/997] Building C object esp-idf/lwip/CMakeFiles/__idf_lwip.dir/lwip/src/core/memp.c.obj
[179/997] Building C object esp-idf/lwip/CMakeFiles/__idf_lwip.dir/lwip/src/api/api_msg.c.obj
[180/997] Building C object esp-idf/esp_netif/CMakeFiles/__idf_esp_netif.dir/lwip/esp_netif_lwip.c.obj
[181/997] Building C object esp-idf/lwip/CMakeFiles/__idf_lwip.dir/lwip/src/core/stats.c.obj
[182/997] Building C object esp-idf/lwip/CMakeFiles/__idf_lwip.dir/lwip/src/core/sys.c.obj
[183/997] Building C object esp-idf/lwip/CMakeFiles/__idf_lwip.dir/lwip/src/core/dns.c.obj
[184/997] Building C object esp-idf/lwip/CMakeFiles/__idf_lwip.dir/lwip/src/core/timeouts.c.obj
[185/997] Building C object esp-idf/lwip/CMakeFiles/__idf_lwip.dir/lwip/src/core/raw.c.obj
[186/997] Building C object esp-idf/lwip/CMakeFiles/__idf_lwip.dir/lwip/src/core/netif.c.obj
[187/997] Building C object esp-idf/lwip/CMakeFiles/__idf_lwip.dir/lwip/src/core/ipv4/autoip.c.obj
[188/997] Building C object esp-idf/lwip/CMakeFiles/__idf_lwip.dir/lwip/src/core/pbuf.c.obj
[189/997] Building C object esp-idf/lwip/CMakeFiles/__idf_lwip.dir/lwip/src/core/udp.c.obj
[190/997] Building C object esp-idf/lwip/CMakeFiles/__idf_lwip.dir/lwip/src/core/tcp_out.c.obj
[191/997] Building C object esp-idf/lwip/CMakeFiles/__idf_lwip.dir/lwip/src/core/ipv4/icmp.c.obj
[192/997] Building C object esp-idf/lwip/CMakeFiles/__idf_lwip.dir/lwip/src/core/ipv4/ip4.c.obj
[193/997] Building C object esp-idf/lwip/CMakeFiles/__idf_lwip.dir/lwip/src/core/tcp_in.c.obj
[194/997] Building C object esp-idf/lwip/CMakeFiles/__idf_lwip.dir/lwip/src/core/ipv4/etharp.c.obj
[195/997] Building C object esp-idf/lwip/CMakeFiles/__idf_lwip.dir/lwip/src/core/ipv4/igmp.c.obj
[196/997] Building C object esp-idf/lwip/CMakeFiles/__idf_lwip.dir/lwip/src/core/ipv4/ip4_napt.c.obj
[197/997] Building C object esp-idf/lwip/CMakeFiles/__idf_lwip.dir/lwip/src/core/ipv4/ip4_addr.c.obj
[198/997] Building C object esp-idf/lwip/CMakeFiles/__idf_lwip.dir/lwip/src/core/ipv4/ip4_frag.c.obj
[199/997] Building C object esp-idf/lwip/CMakeFiles/__idf_lwip.dir/lwip/src/core/ipv6/dhcp6.c.obj
[200/997] Building C object esp-idf/lwip/CMakeFiles/__idf_lwip.dir/lwip/src/core/ipv6/inet6.c.obj
[201/997] Building C object esp-idf/lwip/CMakeFiles/__idf_lwip.dir/lwip/src/core/tcp.c.obj
[202/997] Building C object esp-idf/lwip/CMakeFiles/__idf_lwip.dir/lwip/src/core/ipv6/ethip6.c.obj
[203/997] Building C object esp-idf/lwip/CMakeFiles/__idf_lwip.dir/lwip/src/core/ipv6/icmp6.c.obj
[204/997] Building C object esp-idf/lwip/CMakeFiles/__idf_lwip.dir/lwip/src/core/ipv6/ip6_addr.c.obj
[205/997] Building C object esp-idf/lwip/CMakeFiles/__idf_lwip.dir/lwip/src/api/sockets.c.obj
[206/997] Building C object esp-idf/lwip/CMakeFiles/__idf_lwip.dir/lwip/src/core/ipv6/ip6_frag.c.obj
[207/997] Building C object esp-idf/lwip/CMakeFiles/__idf_lwip.dir/lwip/src/netif/bridgeif.c.obj
[208/997] Building C object esp-idf/lwip/CMakeFiles/__idf_lwip.dir/lwip/src/netif/bridgeif_fdb.c.obj
[209/997] Building C object esp-idf/lwip/CMakeFiles/__idf_lwip.dir/lwip/src/netif/ethernet.c.obj
[210/997] Building C object esp-idf/lwip/CMakeFiles/__idf_lwip.dir/lwip/src/netif/slipif.c.obj
[211/997] Building C object esp-idf/lwip/CMakeFiles/__idf_lwip.dir/lwip/src/netif/ppp/auth.c.obj
[212/997] Building C object esp-idf/lwip/CMakeFiles/__idf_lwip.dir/lwip/src/core/ipv4/dhcp.c.obj
[213/997] Building C object esp-idf/lwip/CMakeFiles/__idf_lwip.dir/lwip/src/core/ipv6/mld6.c.obj
[214/997] Building C object esp-idf/lwip/CMakeFiles/__idf_lwip.dir/lwip/src/netif/ppp/chap-md5.c.obj
[215/997] Building C object esp-idf/lwip/CMakeFiles/__idf_lwip.dir/lwip/src/netif/ppp/ccp.c.obj
[216/997] Building C object esp-idf/lwip/CMakeFiles/__idf_lwip.dir/lwip/src/netif/ppp/demand.c.obj
[217/997] Building C object esp-idf/lwip/CMakeFiles/__idf_lwip.dir/lwip/src/netif/ppp/chap-new.c.obj
[218/997] Building C object esp-idf/lwip/CMakeFiles/__idf_lwip.dir/lwip/src/netif/ppp/chap_ms.c.obj
[219/997] Building C object esp-idf/lwip/CMakeFiles/__idf_lwip.dir/lwip/src/netif/ppp/eui64.c.obj
[220/997] Building C object esp-idf/lwip/CMakeFiles/__idf_lwip.dir/lwip/src/netif/ppp/ipcp.c.obj
[221/997] Building C object esp-idf/lwip/CMakeFiles/__idf_lwip.dir/lwip/src/netif/ppp/eap.c.obj
[222/997] Building C object esp-idf/lwip/CMakeFiles/__idf_lwip.dir/lwip/src/netif/ppp/ecp.c.obj
[223/997] Building C object esp-idf/lwip/CMakeFiles/__idf_lwip.dir/lwip/src/netif/ppp/fsm.c.obj
[224/997] Building C object esp-idf/lwip/CMakeFiles/__idf_lwip.dir/lwip/src/core/ipv6/ip6.c.obj
[225/997] Building C object esp-idf/lwip/CMakeFiles/__idf_lwip.dir/lwip/src/netif/ppp/lcp.c.obj
[226/997] Building C object esp-idf/lwip/CMakeFiles/__idf_lwip.dir/lwip/src/netif/ppp/magic.c.obj
[227/997] Building C object esp-idf/lwip/CMakeFiles/__idf_lwip.dir/lwip/src/netif/ppp/ipv6cp.c.obj
[228/997] Building C object esp-idf/lwip/CMakeFiles/__idf_lwip.dir/lwip/src/netif/ppp/pppapi.c.obj
[229/997] Building C object esp-idf/lwip/CMakeFiles/__idf_lwip.dir/lwip/src/netif/ppp/pppcrypt.c.obj
[230/997] Building C object esp-idf/lwip/CMakeFiles/__idf_lwip.dir/lwip/src/netif/ppp/ppp.c.obj
[231/997] Building C object esp-idf/lwip/CMakeFiles/__idf_lwip.dir/lwip/src/netif/ppp/mppe.c.obj
[232/997] Building C object esp-idf/lwip/CMakeFiles/__idf_lwip.dir/lwip/src/netif/ppp/pppoe.c.obj
[233/997] Building C object esp-idf/lwip/CMakeFiles/__idf_lwip.dir/lwip/src/netif/ppp/multilink.c.obj
[234/997] Building C object esp-idf/lwip/CMakeFiles/__idf_lwip.dir/lwip/src/netif/ppp/pppol2tp.c.obj
[235/997] Building C object esp-idf/lwip/CMakeFiles/__idf_lwip.dir/lwip/src/netif/ppp/pppos.c.obj
[236/997] Building C object esp-idf/lwip/CMakeFiles/__idf_lwip.dir/lwip/src/netif/ppp/utils.c.obj
[237/997] Building C object esp-idf/lwip/CMakeFiles/__idf_lwip.dir/lwip/src/netif/ppp/upap.c.obj
[238/997] Building C object esp-idf/lwip/CMakeFiles/__idf_lwip.dir/lwip/src/netif/ppp/vj.c.obj
[239/997] Building C object esp-idf/lwip/CMakeFiles/__idf_lwip.dir/lwip/src/core/ipv6/nd6.c.obj
[240/997] Building C object esp-idf/lwip/CMakeFiles/__idf_lwip.dir/port/hooks/tcp_isn_default.c.obj
[241/997] Building C object esp-idf/lwip/CMakeFiles/__idf_lwip.dir/port/hooks/lwip_default_hooks.c.obj
[242/997] Linking C static library esp-idf/esp_netif/libesp_netif.a
[243/997] Building C object esp-idf/lwip/CMakeFiles/__idf_lwip.dir/port/debug/lwip_debug.c.obj
[244/997] Building C object esp-idf/lwip/CMakeFiles/__idf_lwip.dir/port/esp32xx/vfs_lwip.c.obj
[245/997] Building C object esp-idf/lwip/CMakeFiles/__idf_lwip.dir/port/sockets_ext.c.obj
[246/997] Building C object esp-idf/lwip/CMakeFiles/__idf_lwip.dir/apps/ping/esp_ping.c.obj
[247/997] Building C object esp-idf/lwip/CMakeFiles/__idf_lwip.dir/apps/ping/ping.c.obj
[248/997] Building C object esp-idf/lwip/CMakeFiles/__idf_lwip.dir/port/freertos/sys_arch.c.obj
[249/997] Building C object esp-idf/vfs/CMakeFiles/__idf_vfs.dir/vfs_eventfd.c.obj
[250/997] Building C object esp-idf/esp_phy/CMakeFiles/__idf_esp_phy.dir/src/phy_override.c.obj
[251/997] Building C object esp-idf/vfs/CMakeFiles/__idf_vfs.dir/vfs_console.c.obj
[252/997] Building C object esp-idf/esp_phy/CMakeFiles/__idf_esp_phy.dir/src/lib_printf.c.obj
[253/997] Building C object esp-idf/vfs/CMakeFiles/__idf_vfs.dir/vfs_usb_serial_jtag.c.obj
[254/997] Building C object esp-idf/lwip/CMakeFiles/__idf_lwip.dir/apps/ping/ping_sock.c.obj
[255/997] Building C object esp-idf/esp_phy/CMakeFiles/__idf_esp_phy.dir/src/phy_common.c.obj
[256/997] Building C object esp-idf/lwip/CMakeFiles/__idf_lwip.dir/apps/dhcpserver/dhcpserver.c.obj
[257/997] Building C object esp-idf/esp_phy/CMakeFiles/__idf_esp_phy.dir/src/btbb_init.c.obj
[258/997] Building C object esp-idf/vfs/CMakeFiles/__idf_vfs.dir/vfs_uart.c.obj
[259/997] Building C object esp-idf/esp_phy/CMakeFiles/__idf_esp_phy.dir/src/phy_init.c.obj
[260/997] Building C object esp-idf/vfs/CMakeFiles/__idf_vfs.dir/vfs_semihost.c.obj
[261/997] Building C object esp-idf/vfs/CMakeFiles/__idf_vfs.dir/vfs.c.obj
[262/997] Linking C static library esp-idf/lwip/liblwip.a
[263/997] Linking C static library esp-idf/vfs/libvfs.a
[264/997] Building CXX object esp-idf/nvs_flash/CMakeFiles/__idf_nvs_flash.dir/src/nvs_partition.cpp.obj
[265/997] Building CXX object esp-idf/nvs_flash/CMakeFiles/__idf_nvs_flash.dir/src/nvs_partition_lookup.cpp.obj
[266/997] Building CXX object esp-idf/nvs_flash/CMakeFiles/__idf_nvs_flash.dir/src/nvs_item_hash_list.cpp.obj
[267/997] Building CXX object esp-idf/nvs_flash/CMakeFiles/__idf_nvs_flash.dir/src/nvs_platform.cpp.obj
[268/997] Building CXX object esp-idf/nvs_flash/CMakeFiles/__idf_nvs_flash.dir/src/nvs_cxx_api.cpp.obj
[269/997] Building CXX object esp-idf/nvs_flash/CMakeFiles/__idf_nvs_flash.dir/src/nvs_types.cpp.obj
[270/997] Linking C static library esp-idf/esp_phy/libesp_phy.a
[271/997] Building CXX object esp-idf/nvs_flash/CMakeFiles/__idf_nvs_flash.dir/src/nvs_handle_locked.cpp.obj
[272/997] Building CXX object esp-idf/nvs_flash/CMakeFiles/__idf_nvs_flash.dir/src/nvs_partition_manager.cpp.obj
[273/997] Building C object esp-idf/esp_event/CMakeFiles/__idf_esp_event.dir/default_event_loop.c.obj
[274/997] Building CXX object esp-idf/nvs_flash/CMakeFiles/__idf_nvs_flash.dir/src/nvs_pagemanager.cpp.obj
[275/997] Building C object esp-idf/esp_event/CMakeFiles/__idf_esp_event.dir/esp_event_private.c.obj
[276/997] Building CXX object esp-idf/nvs_flash/CMakeFiles/__idf_nvs_flash.dir/src/nvs_handle_simple.cpp.obj
[277/997] Building C object esp-idf/newlib/CMakeFiles/__idf_newlib.dir/abort.c.obj
[278/997] Building C object esp-idf/newlib/CMakeFiles/__idf_newlib.dir/assert.c.obj
[279/997] Building C object esp-idf/newlib/CMakeFiles/__idf_newlib.dir/heap.c.obj
[280/997] Building CXX object esp-idf/cxx/CMakeFiles/__idf_cxx.dir/cxx_exception_stubs.cpp.obj
[281/997] Building C object esp-idf/newlib/CMakeFiles/__idf_newlib.dir/poll.c.obj
[282/997] Building C object esp-idf/esp_event/CMakeFiles/__idf_esp_event.dir/esp_event.c.obj
[283/997] Building CXX object esp-idf/nvs_flash/CMakeFiles/__idf_nvs_flash.dir/src/nvs_page.cpp.obj
[284/997] Building C object esp-idf/newlib/CMakeFiles/__idf_newlib.dir/locks.c.obj
[285/997] Building C object esp-idf/newlib/CMakeFiles/__idf_newlib.dir/pthread.c.obj
[286/997] Building C object esp-idf/newlib/CMakeFiles/__idf_newlib.dir/reent_init.c.obj
[287/997] Building C object esp-idf/newlib/CMakeFiles/__idf_newlib.dir/random.c.obj
[288/997] Building C object esp-idf/newlib/CMakeFiles/__idf_newlib.dir/termios.c.obj
[289/997] Building C object esp-idf/newlib/CMakeFiles/__idf_newlib.dir/newlib_init.c.obj
[290/997] Building C object esp-idf/newlib/CMakeFiles/__idf_newlib.dir/sysconf.c.obj
[291/997] Building C object esp-idf/newlib/CMakeFiles/__idf_newlib.dir/syscalls.c.obj
[292/997] Building C object esp-idf/newlib/CMakeFiles/__idf_newlib.dir/realpath.c.obj
[293/997] Building CXX object esp-idf/nvs_flash/CMakeFiles/__idf_nvs_flash.dir/src/nvs_api.cpp.obj
[294/997] Building C object esp-idf/newlib/CMakeFiles/__idf_newlib.dir/stdatomic.c.obj
[295/997] Building C object esp-idf/newlib/CMakeFiles/__idf_newlib.dir/port/esp_time_impl.c.obj
[296/997] Building C object esp-idf/newlib/CMakeFiles/__idf_newlib.dir/time.c.obj
[297/997] Building C object esp-idf/freertos/CMakeFiles/__idf_freertos.dir/heap_idf.c.obj
[298/997] Building C object esp-idf/freertos/CMakeFiles/__idf_freertos.dir/FreeRTOS-Kernel/list.c.obj
[299/997] Building C object esp-idf/freertos/CMakeFiles/__idf_freertos.dir/esp_additions/idf_additions.c.obj
[300/997] Building C object esp-idf/freertos/CMakeFiles/__idf_freertos.dir/FreeRTOS-Kernel/croutine.c.obj
[301/997] Building CXX object esp-idf/nvs_flash/CMakeFiles/__idf_nvs_flash.dir/src/nvs_storage.cpp.obj
[302/997] Building C object esp-idf/freertos/CMakeFiles/__idf_freertos.dir/FreeRTOS-openocd.c.obj
[303/997] Building C object esp-idf/freertos/CMakeFiles/__idf_freertos.dir/FreeRTOS-Kernel/timers.c.obj
[304/997] Building C object esp-idf/freertos/CMakeFiles/__idf_freertos.dir/FreeRTOS-Kernel/event_groups.c.obj
[305/997] Building C object esp-idf/freertos/CMakeFiles/__idf_freertos.dir/FreeRTOS-Kernel/portable/xtensa/port.c.obj
[306/997] Building C object esp-idf/freertos/CMakeFiles/__idf_freertos.dir/app_startup.c.obj
[307/997] Building ASM object esp-idf/freertos/CMakeFiles/__idf_freertos.dir/FreeRTOS-Kernel/portable/xtensa/portasm.S.obj
[308/997] Building C object esp-idf/freertos/CMakeFiles/__idf_freertos.dir/FreeRTOS-Kernel/stream_buffer.c.obj
[309/997] Linking C static library esp-idf/nvs_flash/libnvs_flash.a
[310/997] Building ASM object esp-idf/freertos/CMakeFiles/__idf_freertos.dir/FreeRTOS-Kernel/portable/xtensa/xtensa_context.S.obj
[311/997] Building C object esp-idf/freertos/CMakeFiles/__idf_freertos.dir/FreeRTOS-Kernel/queue.c.obj
[312/997] Building C object esp-idf/freertos/CMakeFiles/__idf_freertos.dir/port_common.c.obj
[313/997] Building C object esp-idf/freertos/CMakeFiles/__idf_freertos.dir/esp_additions/freertos_v8_compat.c.obj
[314/997] Building C object esp-idf/freertos/CMakeFiles/__idf_freertos.dir/FreeRTOS-Kernel/portable/port_systick.c.obj
[315/997] Building C object esp-idf/freertos/CMakeFiles/__idf_freertos.dir/FreeRTOS-Kernel/portable/xtensa/xtensa_init.c.obj
[316/997] Building ASM object esp-idf/freertos/CMakeFiles/__idf_freertos.dir/FreeRTOS-Kernel/portable/xtensa/xtensa_vectors.S.obj
[317/997] Linking C static library esp-idf/esp_event/libesp_event.a
[318/997] Building C object esp-idf/freertos/CMakeFiles/__idf_freertos.dir/FreeRTOS-Kernel/portable/xtensa/xtensa_overlay_os_hook.c.obj
[319/997] Building C object esp-idf/esp_hw_support/CMakeFiles/__idf_esp_hw_support.dir/esp_memory_utils.c.obj
[320/997] Building C object esp-idf/esp_hw_support/CMakeFiles/__idf_esp_hw_support.dir/port/esp32s3/esp_cpu_intr.c.obj
[321/997] Building C object esp-idf/esp_hw_support/CMakeFiles/__idf_esp_hw_support.dir/cpu.c.obj
[322/997] Building C object esp-idf/esp_hw_support/CMakeFiles/__idf_esp_hw_support.dir/port/esp32s3/cpu_region_protect.c.obj
[323/997] Building C object esp-idf/esp_hw_support/CMakeFiles/__idf_esp_hw_support.dir/hw_random.c.obj
[324/997] Building CXX object esp-idf/cxx/CMakeFiles/__idf_cxx.dir/cxx_guards.cpp.obj
[325/997] Building C object esp-idf/esp_hw_support/CMakeFiles/__idf_esp_hw_support.dir/revision.c.obj
[326/997] Building C object esp-idf/esp_hw_support/CMakeFiles/__idf_esp_hw_support.dir/clk_ctrl_os.c.obj
[327/997] Building C object esp-idf/esp_hw_support/CMakeFiles/__idf_esp_hw_support.dir/esp_clk.c.obj
[328/997] Building C object esp-idf/esp_hw_support/CMakeFiles/__idf_esp_hw_support.dir/mac_addr.c.obj
[329/997] Linking C static library esp-idf/cxx/libcxx.a
[330/997] Building C object esp-idf/esp_hw_support/CMakeFiles/__idf_esp_hw_support.dir/periph_ctrl.c.obj
[331/997] Building C object esp-idf/esp_hw_support/CMakeFiles/__idf_esp_hw_support.dir/sleep_console.c.obj
[332/997] Linking C static library esp-idf/newlib/libnewlib.a
[333/997] Building C object esp-idf/esp_hw_support/CMakeFiles/__idf_esp_hw_support.dir/sleep_modem.c.obj
[334/997] Building C object esp-idf/esp_hw_support/CMakeFiles/__idf_esp_hw_support.dir/sleep_event.c.obj
[335/997] Building C object esp-idf/esp_hw_support/CMakeFiles/__idf_esp_hw_support.dir/esp_gpio_reserve.c.obj
[336/997] Building C object esp-idf/freertos/CMakeFiles/__idf_freertos.dir/FreeRTOS-Kernel/tasks.c.obj
[337/997] Building C object esp-idf/esp_hw_support/CMakeFiles/__idf_esp_hw_support.dir/regi2c_ctrl.c.obj
[338/997] Building C object esp-idf/esp_hw_support/CMakeFiles/__idf_esp_hw_support.dir/rtc_module.c.obj
[339/997] Building C object esp-idf/esp_hw_support/CMakeFiles/__idf_esp_hw_support.dir/sleep_gpio.c.obj
[340/997] Building C object esp-idf/esp_hw_support/CMakeFiles/__idf_esp_hw_support.dir/port/esp32s3/io_mux.c.obj
[341/997] Building C object esp-idf/esp_hw_support/CMakeFiles/__idf_esp_hw_support.dir/port/esp32s3/esp_clk_tree.c.obj
[342/997] Building C object esp-idf/esp_hw_support/CMakeFiles/__idf_esp_hw_support.dir/port/esp_clk_tree_common.c.obj
[343/997] Building C object esp-idf/esp_hw_support/CMakeFiles/__idf_esp_hw_support.dir/intr_alloc.c.obj
[344/997] Building C object esp-idf/esp_hw_support/CMakeFiles/__idf_esp_hw_support.dir/sar_periph_ctrl_common.c.obj
[345/997] Building C object esp-idf/esp_hw_support/CMakeFiles/__idf_esp_hw_support.dir/port/esp32s3/systimer.c.obj
[346/997] Building C object esp-idf/esp_hw_support/CMakeFiles/__idf_esp_hw_support.dir/dma/async_memcpy_impl_gdma.c.obj
[347/997] Building C object esp-idf/esp_hw_support/CMakeFiles/__idf_esp_hw_support.dir/adc_share_hw_ctrl.c.obj
[348/997] Building C object esp-idf/esp_hw_support/CMakeFiles/__idf_esp_hw_support.dir/esp_hmac.c.obj
[349/997] Building C object esp-idf/esp_hw_support/CMakeFiles/__idf_esp_hw_support.dir/sleep_cpu.c.obj
[350/997] Building C object esp-idf/esp_hw_support/CMakeFiles/__idf_esp_hw_support.dir/dma/esp_async_memcpy.c.obj
[351/997] Building C object esp-idf/esp_hw_support/CMakeFiles/__idf_esp_hw_support.dir/mspi_timing_tuning.c.obj
[352/997] Building C object esp-idf/esp_hw_support/CMakeFiles/__idf_esp_hw_support.dir/sleep_wake_stub.c.obj
[353/997] Building C object esp-idf/esp_hw_support/CMakeFiles/__idf_esp_hw_support.dir/port/esp32s3/mspi_timing_config.c.obj
[354/997] Building C object esp-idf/esp_hw_support/CMakeFiles/__idf_esp_hw_support.dir/port/esp32s3/rtc_clk_init.c.obj
[355/997] Building C object esp-idf/esp_hw_support/CMakeFiles/__idf_esp_hw_support.dir/esp_ds.c.obj
[356/997] Building C object esp-idf/esp_hw_support/CMakeFiles/__idf_esp_hw_support.dir/port/esp32s3/esp_crypto_lock.c.obj
[357/997] Building C object esp-idf/esp_hw_support/CMakeFiles/__idf_esp_hw_support.dir/port/esp32s3/rtc_sleep.c.obj
[358/997] Building C object esp-idf/esp_hw_support/CMakeFiles/__idf_esp_hw_support.dir/port/esp32s3/chip_info.c.obj
[359/997] Building C object esp-idf/esp_hw_support/CMakeFiles/__idf_esp_hw_support.dir/port/esp32s3/rtc_time.c.obj
[360/997] Building C object esp-idf/esp_hw_support/CMakeFiles/__idf_esp_hw_support.dir/port/esp32s3/rtc_clk.c.obj
[361/997] Building C object esp-idf/soc/CMakeFiles/__idf_soc.dir/dport_access_common.c.obj
[362/997] Building C object esp-idf/soc/CMakeFiles/__idf_soc.dir/lldesc.c.obj
[363/997] Building C object esp-idf/esp_hw_support/CMakeFiles/__idf_esp_hw_support.dir/port/esp32s3/rtc_init.c.obj
[364/997] Building C object esp-idf/esp_hw_support/CMakeFiles/__idf_esp_hw_support.dir/dma/gdma.c.obj
[365/997] Building C object esp-idf/soc/CMakeFiles/__idf_soc.dir/esp32s3/interrupts.c.obj
[366/997] Building C object esp-idf/esp_hw_support/CMakeFiles/__idf_esp_hw_support.dir/port/esp_memprot_conv.c.obj
[367/997] Linking C static library esp-idf/freertos/libfreertos.a
[368/997] Building C object esp-idf/soc/CMakeFiles/__idf_soc.dir/esp32s3/gpio_periph.c.obj
[369/997] Building C object esp-idf/soc/CMakeFiles/__idf_soc.dir/esp32s3/adc_periph.c.obj
[370/997] Building C object esp-idf/soc/CMakeFiles/__idf_soc.dir/esp32s3/dedic_gpio_periph.c.obj
[371/997] Building C object esp-idf/esp_hw_support/CMakeFiles/__idf_esp_hw_support.dir/port/esp32s3/sar_periph_ctrl.c.obj
[372/997] Building C object esp-idf/soc/CMakeFiles/__idf_soc.dir/esp32s3/gdma_periph.c.obj
[373/997] Building C object esp-idf/soc/CMakeFiles/__idf_soc.dir/esp32s3/uart_periph.c.obj
[374/997] Building C object esp-idf/soc/CMakeFiles/__idf_soc.dir/esp32s3/ledc_periph.c.obj
[375/997] Building C object esp-idf/soc/CMakeFiles/__idf_soc.dir/esp32s3/spi_periph.c.obj
[376/997] Building C object esp-idf/soc/CMakeFiles/__idf_soc.dir/esp32s3/rmt_periph.c.obj
[377/997] Building C object esp-idf/soc/CMakeFiles/__idf_soc.dir/esp32s3/sdm_periph.c.obj
[378/997] Building C object esp-idf/soc/CMakeFiles/__idf_soc.dir/esp32s3/temperature_sensor_periph.c.obj
[379/997] Building C object esp-idf/soc/CMakeFiles/__idf_soc.dir/esp32s3/pcnt_periph.c.obj
[380/997] Building C object esp-idf/soc/CMakeFiles/__idf_soc.dir/esp32s3/i2s_periph.c.obj
[381/997] Building C object esp-idf/soc/CMakeFiles/__idf_soc.dir/esp32s3/lcd_periph.c.obj
[382/997] Building C object esp-idf/soc/CMakeFiles/__idf_soc.dir/esp32s3/i2c_periph.c.obj
[383/997] Building C object esp-idf/soc/CMakeFiles/__idf_soc.dir/esp32s3/timer_periph.c.obj
[384/997] Building C object esp-idf/soc/CMakeFiles/__idf_soc.dir/esp32s3/mcpwm_periph.c.obj
[385/997] Building C object esp-idf/soc/CMakeFiles/__idf_soc.dir/esp32s3/twai_periph.c.obj
[386/997] Building C object esp-idf/soc/CMakeFiles/__idf_soc.dir/esp32s3/usb_periph.c.obj
[387/997] Building C object esp-idf/soc/CMakeFiles/__idf_soc.dir/esp32s3/sdmmc_periph.c.obj
[388/997] Building C object esp-idf/soc/CMakeFiles/__idf_soc.dir/esp32s3/usb_dwc_periph.c.obj
[389/997] Building C object esp-idf/soc/CMakeFiles/__idf_soc.dir/esp32s3/touch_sensor_periph.c.obj
[390/997] Building C object esp-idf/soc/CMakeFiles/__idf_soc.dir/esp32s3/rtc_io_periph.c.obj
[391/997] Building C object esp-idf/heap/CMakeFiles/__idf_heap.dir/port/memory_layout_utils.c.obj
[392/997] Building C object esp-idf/heap/CMakeFiles/__idf_heap.dir/port/esp32s3/memory_layout.c.obj
[393/997] Building C object esp-idf/esp_hw_support/CMakeFiles/__idf_esp_hw_support.dir/sleep_modes.c.obj
[394/997] Building C object esp-idf/log/CMakeFiles/__idf_log.dir/log_buffers.c.obj
[395/997] Building C object esp-idf/log/CMakeFiles/__idf_log.dir/log.c.obj
[396/997] Building C object esp-idf/heap/CMakeFiles/__idf_heap.dir/heap_caps_init.c.obj
[397/997] Building C object esp-idf/heap/CMakeFiles/__idf_heap.dir/multi_heap.c.obj
[398/997] Building C object esp-idf/heap/CMakeFiles/__idf_heap.dir/heap_caps_base.c.obj
[399/997] Building C object esp-idf/log/CMakeFiles/__idf_log.dir/log_freertos.c.obj
[400/997] Building C object esp-idf/hal/CMakeFiles/__idf_hal.dir/mpu_hal.c.obj
[401/997] Building C object esp-idf/heap/CMakeFiles/__idf_heap.dir/heap_caps.c.obj
[402/997] Building C object esp-idf/hal/CMakeFiles/__idf_hal.dir/efuse_hal.c.obj
[403/997] Building C object esp-idf/hal/CMakeFiles/__idf_hal.dir/esp32s3/efuse_hal.c.obj
[404/997] Building C object esp-idf/hal/CMakeFiles/__idf_hal.dir/gpio_hal.c.obj
[405/997] Building C object esp-idf/hal/CMakeFiles/__idf_hal.dir/cache_hal.c.obj
[406/997] Building C object esp-idf/hal/CMakeFiles/__idf_hal.dir/uart_hal_iram.c.obj
[407/997] Building C object esp-idf/hal/CMakeFiles/__idf_hal.dir/mmu_hal.c.obj
[408/997] Building C object esp-idf/hal/CMakeFiles/__idf_hal.dir/rtc_io_hal.c.obj
[409/997] Building C object esp-idf/hal/CMakeFiles/__idf_hal.dir/esp32s3/clk_tree_hal.c.obj
[410/997] Building C object esp-idf/hal/CMakeFiles/__idf_hal.dir/spi_flash_encrypt_hal_iram.c.obj
[411/997] Building C object esp-idf/hal/CMakeFiles/__idf_hal.dir/uart_hal.c.obj
[412/997] Building C object esp-idf/hal/CMakeFiles/__idf_hal.dir/adc_oneshot_hal.c.obj
[413/997] Building C object esp-idf/hal/CMakeFiles/__idf_hal.dir/timer_hal.c.obj
[414/997] Building C object esp-idf/hal/CMakeFiles/__idf_hal.dir/systimer_hal.c.obj
[415/997] Building C object esp-idf/hal/CMakeFiles/__idf_hal.dir/spi_flash_hal.c.obj
[416/997] Building C object esp-idf/hal/CMakeFiles/__idf_hal.dir/adc_hal_common.c.obj
[417/997] Building C object esp-idf/hal/CMakeFiles/__idf_hal.dir/ledc_hal.c.obj
[418/997] Building C object esp-idf/hal/CMakeFiles/__idf_hal.dir/ledc_hal_iram.c.obj
[419/997] Building C object esp-idf/hal/CMakeFiles/__idf_hal.dir/spi_flash_hal_iram.c.obj
[420/997] Building C object esp-idf/hal/CMakeFiles/__idf_hal.dir/pcnt_hal.c.obj
[421/997] Building C object esp-idf/hal/CMakeFiles/__idf_hal.dir/rmt_hal.c.obj
[422/997] Building C object esp-idf/hal/CMakeFiles/__idf_hal.dir/i2c_hal_iram.c.obj
[423/997] Building C object esp-idf/hal/CMakeFiles/__idf_hal.dir/i2c_hal.c.obj
[424/997] Building C object esp-idf/hal/CMakeFiles/__idf_hal.dir/mcpwm_hal.c.obj
[425/997] Building C object esp-idf/hal/CMakeFiles/__idf_hal.dir/gdma_hal.c.obj
[426/997] Building C object esp-idf/hal/CMakeFiles/__idf_hal.dir/twai_hal.c.obj
[427/997] Building C object esp-idf/hal/CMakeFiles/__idf_hal.dir/twai_hal_iram.c.obj
[428/997] Building C object esp-idf/hal/CMakeFiles/__idf_hal.dir/sdm_hal.c.obj
[429/997] Building C object esp-idf/hal/CMakeFiles/__idf_hal.dir/lcd_hal.c.obj
[430/997] Building C object esp-idf/hal/CMakeFiles/__idf_hal.dir/sha_hal.c.obj
[431/997] Building C object esp-idf/hal/CMakeFiles/__idf_hal.dir/aes_hal.c.obj
[432/997] Building C object esp-idf/hal/CMakeFiles/__idf_hal.dir/brownout_hal.c.obj
[433/997] Building C object esp-idf/hal/CMakeFiles/__idf_hal.dir/spi_slave_hal.c.obj
[434/997] Building C object esp-idf/hal/CMakeFiles/__idf_hal.dir/hmac_hal.c.obj
[435/997] Building C object esp-idf/hal/CMakeFiles/__idf_hal.dir/spi_hal.c.obj
[436/997] Building C object esp-idf/hal/CMakeFiles/__idf_hal.dir/adc_hal.c.obj
[437/997] Building C object esp-idf/hal/CMakeFiles/__idf_hal.dir/ds_hal.c.obj
[438/997] Building C object esp-idf/hal/CMakeFiles/__idf_hal.dir/i2s_hal.c.obj
[439/997] Building C object esp-idf/hal/CMakeFiles/__idf_hal.dir/usb_serial_jtag_hal.c.obj
[440/997] Building C object esp-idf/hal/CMakeFiles/__idf_hal.dir/usb_wrap_hal.c.obj
[441/997] Building C object esp-idf/hal/CMakeFiles/__idf_hal.dir/spi_slave_hal_iram.c.obj
[442/997] Building C object esp-idf/heap/CMakeFiles/__idf_heap.dir/tlsf/tlsf.c.obj
[443/997] Building C object esp-idf/hal/CMakeFiles/__idf_hal.dir/spi_hal_iram.c.obj
[444/997] Building C object esp-idf/esp_hw_support/CMakeFiles/__idf_esp_hw_support.dir/port/esp32s3/esp_memprot.c.obj
[445/997] Building C object esp-idf/hal/CMakeFiles/__idf_hal.dir/spi_flash_hal_gpspi.c.obj
[446/997] Building C object esp-idf/esp_rom/CMakeFiles/__idf_esp_rom.dir/patches/esp_rom_crc.c.obj
[447/997] Building C object esp-idf/esp_rom/CMakeFiles/__idf_esp_rom.dir/patches/esp_rom_sys.c.obj
[448/997] Building C object esp-idf/hal/CMakeFiles/__idf_hal.dir/touch_sensor_hal.c.obj
[449/997] Building C object esp-idf/hal/CMakeFiles/__idf_hal.dir/spi_slave_hd_hal.c.obj
[450/997] Building C object esp-idf/hal/CMakeFiles/__idf_hal.dir/esp32s3/rtc_cntl_hal.c.obj
[451/997] Building C object esp-idf/hal/CMakeFiles/__idf_hal.dir/xt_wdt_hal.c.obj
[452/997] Building ASM object esp-idf/esp_rom/CMakeFiles/__idf_esp_rom.dir/patches/esp_rom_longjmp.S.obj
[453/997] Building C object esp-idf/hal/CMakeFiles/__idf_hal.dir/usb_dwc_hal.c.obj
[454/997] Building C object esp-idf/esp_rom/CMakeFiles/__idf_esp_rom.dir/patches/esp_rom_efuse.c.obj
[455/997] Building C object esp-idf/esp_rom/CMakeFiles/__idf_esp_rom.dir/patches/esp_rom_gpio.c.obj
[456/997] Building C object esp-idf/esp_rom/CMakeFiles/__idf_esp_rom.dir/patches/esp_rom_systimer.c.obj
[457/997] Building C object esp-idf/hal/CMakeFiles/__idf_hal.dir/esp32s3/touch_sensor_hal.c.obj
[458/997] Building C object esp-idf/esp_rom/CMakeFiles/__idf_esp_rom.dir/patches/esp_rom_uart.c.obj
[459/997] Building ASM object esp-idf/esp_rom/CMakeFiles/__idf_esp_rom.dir/patches/esp_rom_cache_writeback_esp32s3.S.obj
[460/997] Building C object esp-idf/esp_rom/CMakeFiles/__idf_esp_rom.dir/patches/esp_rom_wdt.c.obj
[461/997] Building C object esp-idf/esp_rom/CMakeFiles/__idf_esp_rom.dir/patches/esp_rom_cache_esp32s2_esp32s3.c.obj
[462/997] Building C object esp-idf/esp_rom/CMakeFiles/__idf_esp_rom.dir/patches/esp_rom_spiflash.c.obj
[463/997] Building C object esp-idf/esp_system/CMakeFiles/__idf_esp_system.dir/esp_err.c.obj
[464/997] Linking C static library esp-idf/esp_hw_support/libesp_hw_support.a
[465/997] Building C object esp-idf/esp_system/CMakeFiles/__idf_esp_system.dir/crosscore_int.c.obj
[466/997] Building C object esp-idf/esp_system/CMakeFiles/__idf_esp_system.dir/esp_ipc.c.obj
[467/997] Building C object esp-idf/esp_system/CMakeFiles/__idf_esp_system.dir/esp_system.c.obj
[468/997] Building C object esp-idf/esp_system/CMakeFiles/__idf_esp_system.dir/system_time.c.obj
[469/997] Building C object esp-idf/esp_system/CMakeFiles/__idf_esp_system.dir/freertos_hooks.c.obj
[470/997] Building C object esp-idf/esp_system/CMakeFiles/__idf_esp_system.dir/int_wdt.c.obj
[471/997] Linking C static library esp-idf/soc/libsoc.a
[472/997] Building C object esp-idf/esp_system/CMakeFiles/__idf_esp_system.dir/stack_check.c.obj
[473/997] Building C object esp-idf/esp_system/CMakeFiles/__idf_esp_system.dir/debug_stubs.c.obj
[474/997] Building C object esp-idf/esp_system/CMakeFiles/__idf_esp_system.dir/ubsan.c.obj
[475/997] Building C object esp-idf/esp_system/CMakeFiles/__idf_esp_system.dir/panic.c.obj
[476/997] Linking C static library esp-idf/heap/libheap.a
[477/997] Building C object esp-idf/esp_system/CMakeFiles/__idf_esp_system.dir/xt_wdt.c.obj
[478/997] Building C object esp-idf/esp_system/CMakeFiles/__idf_esp_system.dir/task_wdt/task_wdt_impl_timergroup.c.obj
[479/997] Linking C static library esp-idf/log/liblog.a
[480/997] Building ASM object esp-idf/esp_system/CMakeFiles/__idf_esp_system.dir/port/soc/esp32s3/highint_hdl.S.obj
[481/997] Building C object esp-idf/esp_system/CMakeFiles/__idf_esp_system.dir/port/esp_system_chip.c.obj
[482/997] Building C object esp-idf/esp_system/CMakeFiles/__idf_esp_system.dir/port/panic_handler.c.obj
[483/997] Building C object esp-idf/esp_system/CMakeFiles/__idf_esp_system.dir/port/brownout.c.obj
[484/997] Building C object esp-idf/esp_system/CMakeFiles/__idf_esp_system.dir/startup.c.obj
[485/997] Building C object esp-idf/esp_system/CMakeFiles/__idf_esp_system.dir/port/soc/esp32s3/reset_reason.c.obj
[486/997] Building C object esp-idf/esp_system/CMakeFiles/__idf_esp_system.dir/port/soc/esp32s3/clk.c.obj
[487/997] Building C object esp-idf/esp_common/CMakeFiles/__idf_esp_common.dir/src/esp_err_to_name.c.obj
[488/997] Building ASM object esp-idf/esp_system/CMakeFiles/__idf_esp_system.dir/port/arch/xtensa/panic_handler_asm.S.obj
[489/997] Building C object esp-idf/esp_system/CMakeFiles/__idf_esp_system.dir/port/soc/esp32s3/cache_err_int.c.obj
[490/997] Building C object esp-idf/esp_system/CMakeFiles/__idf_esp_system.dir/port/soc/esp32s3/apb_backup_dma.c.obj
[491/997] Building ASM object esp-idf/esp_system/CMakeFiles/__idf_esp_system.dir/port/arch/xtensa/expression_with_stack_asm.S.obj
[492/997] Building C object esp-idf/esp_system/CMakeFiles/__idf_esp_system.dir/port/soc/esp32s3/system_internal.c.obj
[493/997] Building C object esp-idf/esp_system/CMakeFiles/__idf_esp_system.dir/port/arch/xtensa/panic_arch.c.obj
[494/997] Building C object esp-idf/esp_system/CMakeFiles/__idf_esp_system.dir/task_wdt/task_wdt.c.obj
[495/997] Building C object esp-idf/esp_system/CMakeFiles/__idf_esp_system.dir/port/cpu_start.c.obj
[496/997] Linking C static library esp-idf/hal/libhal.a
[497/997] Building C object esp-idf/esp_system/CMakeFiles/__idf_esp_system.dir/port/arch/xtensa/expression_with_stack.c.obj
[498/997] Building ASM object esp-idf/esp_system/CMakeFiles/__idf_esp_system.dir/port/arch/xtensa/debug_helpers_asm.S.obj
[499/997] Building C object esp-idf/esp_system/CMakeFiles/__idf_esp_system.dir/port/arch/xtensa/debug_stubs.c.obj
[500/997] Building ASM object esp-idf/esp_system/CMakeFiles/__idf_esp_system.dir/port/arch/xtensa/esp_ipc_isr_routines.S.obj
[501/997] Building C object esp-idf/esp_system/CMakeFiles/__idf_esp_system.dir/port/arch/xtensa/trax.c.obj
[502/997] Building ASM object esp-idf/esp_system/CMakeFiles/__idf_esp_system.dir/port/arch/xtensa/esp_ipc_isr_handler.S.obj
[503/997] Building C object esp-idf/esp_system/CMakeFiles/__idf_esp_system.dir/port/arch/xtensa/debug_helpers.c.obj
[504/997] Linking C static library esp-idf/esp_rom/libesp_rom.a
[505/997] Building C object esp-idf/esp_system/CMakeFiles/__idf_esp_system.dir/port/arch/xtensa/esp_ipc_isr.c.obj
[506/997] Building C object esp-idf/spi_flash/CMakeFiles/__idf_spi_flash.dir/flash_brownout_hook.c.obj
[507/997] Linking C static library esp-idf/esp_common/libesp_common.a
[508/997] Building C object esp-idf/spi_flash/CMakeFiles/__idf_spi_flash.dir/spi_flash_chip_drivers.c.obj
[509/997] Building C object esp-idf/spi_flash/CMakeFiles/__idf_spi_flash.dir/spi_flash_hpm_enable.c.obj
[510/997] Building C object esp-idf/pthread/CMakeFiles/__idf_pthread.dir/pthread_cond_var.c.obj
[511/997] Building C object esp-idf/pthread/CMakeFiles/__idf_pthread.dir/pthread_local_storage.c.obj
[512/997] Building C object esp-idf/pthread/CMakeFiles/__idf_pthread.dir/pthread.c.obj
[513/997] Building C object esp-idf/spi_flash/CMakeFiles/__idf_spi_flash.dir/esp32s3/spi_flash_oct_flash_init.c.obj
[514/997] Building C object esp-idf/pthread/CMakeFiles/__idf_pthread.dir/pthread_semaphore.c.obj
[515/997] Building C object esp-idf/pthread/CMakeFiles/__idf_pthread.dir/pthread_rwlock.c.obj
[516/997] Building C object esp-idf/spi_flash/CMakeFiles/__idf_spi_flash.dir/spi_flash_chip_issi.c.obj
[517/997] Building C object esp-idf/spi_flash/CMakeFiles/__idf_spi_flash.dir/spi_flash_chip_th.c.obj
[518/997] Building C object esp-idf/spi_flash/CMakeFiles/__idf_spi_flash.dir/spi_flash_chip_winbond.c.obj
[519/997] Building C object esp-idf/spi_flash/CMakeFiles/__idf_spi_flash.dir/spi_flash_chip_boya.c.obj
[520/997] Building C object esp-idf/spi_flash/CMakeFiles/__idf_spi_flash.dir/spi_flash_chip_mxic.c.obj
[521/997] Linking C static library esp-idf/esp_system/libesp_system.a
[522/997] Building C object esp-idf/spi_flash/CMakeFiles/__idf_spi_flash.dir/spi_flash_chip_gd.c.obj
[523/997] Building C object esp-idf/spi_flash/CMakeFiles/__idf_spi_flash.dir/spi_flash_chip_generic.c.obj
[524/997] Building C object esp-idf/spi_flash/CMakeFiles/__idf_spi_flash.dir/memspi_host_driver.c.obj
[525/997] Building C object esp-idf/spi_flash/CMakeFiles/__idf_spi_flash.dir/spi_flash_chip_mxic_opi.c.obj
[526/997] Building C object esp-idf/spi_flash/CMakeFiles/__idf_spi_flash.dir/spi_flash_wrap.c.obj
[527/997] Building C object esp-idf/spi_flash/CMakeFiles/__idf_spi_flash.dir/flash_ops.c.obj
[528/997] Building C object esp-idf/spi_flash/CMakeFiles/__idf_spi_flash.dir/flash_mmap.c.obj
[529/997] Building C object esp-idf/spi_flash/CMakeFiles/__idf_spi_flash.dir/spi_flash_os_func_app.c.obj
[530/997] Linking C static library esp-idf/pthread/libpthread.a
[531/997] Building C object esp-idf/spi_flash/CMakeFiles/__idf_spi_flash.dir/spi_flash_os_func_noos.c.obj
[532/997] Building C object esp-idf/spi_flash/CMakeFiles/__idf_spi_flash.dir/cache_utils.c.obj
[533/997] Building C object esp-idf/esp_mm/CMakeFiles/__idf_esp_mm.dir/port/esp32s3/ext_mem_layout.c.obj
[534/997] Building C object esp-idf/spi_flash/CMakeFiles/__idf_spi_flash.dir/esp_flash_spi_init.c.obj
[535/997] Building C object esp-idf/esp_mm/CMakeFiles/__idf_esp_mm.dir/esp_cache.c.obj
[536/997] Building C object esp-idf/app_update/CMakeFiles/__idf_app_update.dir/esp_ota_app_desc.c.obj
[537/997] Building C object esp-idf/spi_flash/CMakeFiles/__idf_spi_flash.dir/esp_flash_api.c.obj
[538/997] Building C object esp-idf/esp_partition/CMakeFiles/__idf_esp_partition.dir/partition_target.c.obj
[539/997] Building C object esp-idf/esp_partition/CMakeFiles/__idf_esp_partition.dir/partition.c.obj
[540/997] Building C object esp-idf/esp_mm/CMakeFiles/__idf_esp_mm.dir/esp_mmu_map.c.obj
[541/997] Building C object esp-idf/bootloader_support/CMakeFiles/__idf_bootloader_support.dir/src/bootloader_clock_init.c.obj
[542/997] Building C object esp-idf/bootloader_support/CMakeFiles/__idf_bootloader_support.dir/src/bootloader_mem.c.obj
[543/997] Building C object esp-idf/bootloader_support/CMakeFiles/__idf_bootloader_support.dir/src/bootloader_random.c.obj
[544/997] Building C object esp-idf/bootloader_support/CMakeFiles/__idf_bootloader_support.dir/src/bootloader_common_loader.c.obj
[545/997] Building C object esp-idf/app_update/CMakeFiles/__idf_app_update.dir/esp_ota_ops.c.obj
[546/997] Linking C static library esp-idf/spi_flash/libspi_flash.a
[547/997] Building C object esp-idf/bootloader_support/CMakeFiles/__idf_bootloader_support.dir/src/bootloader_random_esp32s3.c.obj
[548/997] Building C object esp-idf/bootloader_support/CMakeFiles/__idf_bootloader_support.dir/src/bootloader_common.c.obj
[549/997] Linking C static library esp-idf/esp_mm/libesp_mm.a
[550/997] Building C object esp-idf/bootloader_support/CMakeFiles/__idf_bootloader_support.dir/src/bootloader_efuse.c.obj
[551/997] Building C object esp-idf/bootloader_support/CMakeFiles/__idf_bootloader_support.dir/src/secure_boot.c.obj
[552/997] Building C object esp-idf/bootloader_support/CMakeFiles/__idf_bootloader_support.dir/src/flash_encrypt.c.obj
[553/997] Building C object esp-idf/bootloader_support/CMakeFiles/__idf_bootloader_support.dir/bootloader_flash/src/flash_qio_mode.c.obj
[554/997] Linking C static library esp-idf/app_update/libapp_update.a
[555/997] Building C object esp-idf/bootloader_support/CMakeFiles/__idf_bootloader_support.dir/src/flash_partitions.c.obj
[556/997] Building C object esp-idf/bootloader_support/CMakeFiles/__idf_bootloader_support.dir/src/idf/bootloader_sha.c.obj
[557/997] Building C object esp-idf/bootloader_support/CMakeFiles/__idf_bootloader_support.dir/bootloader_flash/src/bootloader_flash_config_esp32s3.c.obj
[558/997] Building C object esp-idf/mbedtls/mbedtls/library/CMakeFiles/mbedtls.dir/mps_reader.c.obj
[559/997] Building C object esp-idf/mbedtls/mbedtls/library/CMakeFiles/mbedtls.dir/debug.c.obj
[560/997] Linking C static library esp-idf/esp_partition/libesp_partition.a
[561/997] Building C object esp-idf/esp_app_format/CMakeFiles/__idf_esp_app_format.dir/esp_app_desc.c.obj
[562/997] Building C object esp-idf/mbedtls/mbedtls/library/CMakeFiles/mbedtls.dir/mps_trace.c.obj
[563/997] Building C object esp-idf/mbedtls/mbedtls/library/CMakeFiles/mbedtls.dir/ssl_debug_helpers_generated.c.obj
[564/997] Building C object esp-idf/bootloader_support/CMakeFiles/__idf_bootloader_support.dir/bootloader_flash/src/bootloader_flash.c.obj
[565/997] Building C object esp-idf/mbedtls/mbedtls/library/CMakeFiles/mbedtls.dir/ssl_ciphersuites.c.obj
[566/997] Building C object esp-idf/bootloader_support/CMakeFiles/__idf_bootloader_support.dir/src/esp_image_format.c.obj
[567/997] Building C object esp-idf/mbedtls/mbedtls/library/CMakeFiles/mbedtls.dir/ssl_cookie.c.obj
[568/997] Building C object esp-idf/mbedtls/mbedtls/library/CMakeFiles/mbedtls.dir/ssl_ticket.c.obj
[569/997] Building C object esp-idf/mbedtls/mbedtls/library/CMakeFiles/mbedtls.dir/ssl_cache.c.obj
[570/997] Building C object esp-idf/bootloader_support/CMakeFiles/__idf_bootloader_support.dir/src/bootloader_utility.c.obj
[571/997] Building C object esp-idf/mbedtls/mbedtls/library/CMakeFiles/mbedtls.dir/ssl_tls13_keys.c.obj
[572/997] Building C object esp-idf/mbedtls/mbedtls/library/CMakeFiles/mbedtls.dir/ssl_tls13_server.c.obj
[573/997] Building C object esp-idf/mbedtls/mbedtls/library/CMakeFiles/mbedtls.dir/ssl_tls13_client.c.obj
[574/997] Building C object esp-idf/mbedtls/mbedtls/library/CMakeFiles/mbedtls.dir/ssl_tls13_generic.c.obj
[575/997] Building C object esp-idf/mbedtls/mbedtls/library/CMakeFiles/mbedtls.dir/ssl_client.c.obj
[576/997] Linking C static library esp-idf/bootloader_support/libbootloader_support.a
[577/997] Building C object esp-idf/mbedtls/mbedtls/library/CMakeFiles/mbedtls.dir/Users/lojaws/.platformio/packages/framework-espidf/components/mbedtls/port/esp_platform_time.c.obj
[578/997] Building C object esp-idf/mbedtls/mbedtls/library/CMakeFiles/mbedtls.dir/Users/lojaws/.platformio/packages/framework-espidf/components/mbedtls/port/mbedtls_debug.c.obj
[579/997] Linking C static library esp-idf/esp_app_format/libesp_app_format.a
[580/997] Building C object esp-idf/mbedtls/mbedtls/library/CMakeFiles/mbedx509.dir/x509_create.c.obj
[581/997] Building C object esp-idf/mbedtls/mbedtls/library/CMakeFiles/mbedx509.dir/pkcs7.c.obj
[582/997] Building C object esp-idf/mbedtls/mbedtls/library/CMakeFiles/mbedtls.dir/Users/lojaws/.platformio/packages/framework-espidf/components/mbedtls/port/net_sockets.c.obj
[583/997] Building C object esp-idf/mbedtls/mbedtls/library/CMakeFiles/mbedx509.dir/x509_crl.c.obj
[584/997] Building C object esp-idf/mbedtls/mbedtls/library/CMakeFiles/mbedx509.dir/x509write.c.obj
[585/997] Building C object esp-idf/mbedtls/mbedtls/library/CMakeFiles/mbedx509.dir/x509_csr.c.obj
[586/997] Building C object esp-idf/mbedtls/mbedtls/library/CMakeFiles/mbedx509.dir/x509write_csr.c.obj
[587/997] Building C object esp-idf/mbedtls/mbedtls/library/CMakeFiles/mbedtls.dir/ssl_msg.c.obj
[588/997] Building C object esp-idf/mbedtls/mbedtls/library/CMakeFiles/mbedcrypto.dir/aesni.c.obj
[589/997] Building C object esp-idf/mbedtls/mbedtls/library/CMakeFiles/mbedtls.dir/ssl_tls12_client.c.obj
[590/997] Building C object esp-idf/mbedtls/mbedtls/library/CMakeFiles/mbedx509.dir/x509write_crt.c.obj
[591/997] Building C object esp-idf/mbedtls/mbedtls/library/CMakeFiles/mbedcrypto.dir/aes.c.obj
[592/997] Building C object esp-idf/mbedtls/mbedtls/library/CMakeFiles/mbedcrypto.dir/aesce.c.obj
[593/997] Building C object esp-idf/mbedtls/mbedtls/library/CMakeFiles/mbedtls.dir/ssl_tls12_server.c.obj
[594/997] Building C object esp-idf/mbedtls/mbedtls/library/CMakeFiles/mbedcrypto.dir/bignum_mod.c.obj
[595/997] Building C object esp-idf/mbedtls/mbedtls/library/CMakeFiles/mbedcrypto.dir/asn1parse.c.obj
[596/997] Building C object esp-idf/mbedtls/mbedtls/library/CMakeFiles/mbedcrypto.dir/aria.c.obj
[597/997] Building C object esp-idf/mbedtls/mbedtls/library/CMakeFiles/mbedcrypto.dir/asn1write.c.obj
[598/997] Building C object esp-idf/mbedtls/mbedtls/library/CMakeFiles/mbedcrypto.dir/base64.c.obj
[599/997] Building C object esp-idf/mbedtls/mbedtls/library/CMakeFiles/mbedcrypto.dir/bignum_mod_raw.c.obj
[600/997] Building C object esp-idf/mbedtls/mbedtls/library/CMakeFiles/mbedcrypto.dir/camellia.c.obj
[601/997] Building C object esp-idf/mbedtls/mbedtls/library/CMakeFiles/mbedcrypto.dir/block_cipher.c.obj
[602/997] Building C object esp-idf/mbedtls/mbedtls/library/CMakeFiles/mbedcrypto.dir/chacha20.c.obj
[603/997] Building C object esp-idf/mbedtls/mbedtls/library/CMakeFiles/mbedx509.dir/x509.c.obj
[604/997] Building C object esp-idf/mbedtls/mbedtls/library/CMakeFiles/mbedcrypto.dir/chachapoly.c.obj
[605/997] Building C object esp-idf/mbedtls/mbedtls/library/CMakeFiles/mbedcrypto.dir/constant_time.c.obj
[606/997] Building C object esp-idf/mbedtls/mbedtls/library/CMakeFiles/mbedcrypto.dir/ccm.c.obj
[607/997] Building C object esp-idf/mbedtls/mbedtls/library/CMakeFiles/mbedcrypto.dir/cipher_wrap.c.obj
[608/997] Building C object esp-idf/mbedtls/mbedtls/library/CMakeFiles/mbedcrypto.dir/bignum_core.c.obj
[609/997] Building C object esp-idf/mbedtls/mbedtls/library/CMakeFiles/mbedcrypto.dir/des.c.obj
[610/997] Building C object esp-idf/mbedtls/mbedtls/library/CMakeFiles/mbedcrypto.dir/cmac.c.obj
[611/997] Building C object esp-idf/mbedtls/mbedtls/library/CMakeFiles/mbedcrypto.dir/dhm.c.obj
[612/997] Building C object esp-idf/mbedtls/mbedtls/library/CMakeFiles/mbedcrypto.dir/ctr_drbg.c.obj
[613/997] Building C object esp-idf/mbedtls/mbedtls/library/CMakeFiles/mbedcrypto.dir/ecdh.c.obj
[614/997] Building C object esp-idf/mbedtls/mbedtls/library/CMakeFiles/mbedcrypto.dir/ecjpake.c.obj
[615/997] Building C object esp-idf/mbedtls/mbedtls/library/CMakeFiles/mbedcrypto.dir/ecp_curves_new.c.obj
[616/997] Building C object esp-idf/mbedtls/mbedtls/library/CMakeFiles/mbedcrypto.dir/ecdsa.c.obj
[617/997] Building C object esp-idf/mbedtls/mbedtls/library/CMakeFiles/mbedcrypto.dir/entropy_poll.c.obj
[618/997] Building C object esp-idf/mbedtls/mbedtls/library/CMakeFiles/mbedx509.dir/x509_crt.c.obj
[619/997] Building C object esp-idf/mbedtls/mbedtls/library/CMakeFiles/mbedcrypto.dir/bignum.c.obj
[620/997] Building C object esp-idf/mbedtls/mbedtls/library/CMakeFiles/mbedtls.dir/ssl_tls.c.obj
[621/997] Building C object esp-idf/mbedtls/mbedtls/library/CMakeFiles/mbedcrypto.dir/entropy.c.obj
[622/997] Building C object esp-idf/mbedtls/mbedtls/library/CMakeFiles/mbedcrypto.dir/cipher.c.obj
[623/997] Building C object esp-idf/mbedtls/mbedtls/library/CMakeFiles/mbedcrypto.dir/gcm.c.obj
[624/997] Building C object esp-idf/mbedtls/mbedtls/library/CMakeFiles/mbedcrypto.dir/hkdf.c.obj
[625/997] Building C object esp-idf/mbedtls/mbedtls/library/CMakeFiles/mbedcrypto.dir/error.c.obj
[626/997] Building C object esp-idf/mbedtls/mbedtls/library/CMakeFiles/mbedcrypto.dir/hmac_drbg.c.obj
[627/997] Building C object esp-idf/mbedtls/mbedtls/library/CMakeFiles/mbedcrypto.dir/memory_buffer_alloc.c.obj
[628/997] Building C object esp-idf/mbedtls/mbedtls/library/CMakeFiles/mbedcrypto.dir/md5.c.obj
[629/997] Linking CXX static library esp-idf/mbedtls/mbedtls/library/libmbedtls.a
[630/997] Building C object esp-idf/mbedtls/mbedtls/library/CMakeFiles/mbedcrypto.dir/lmots.c.obj
[631/997] Building C object esp-idf/mbedtls/mbedtls/library/CMakeFiles/mbedcrypto.dir/nist_kw.c.obj
[632/997] Building C object esp-idf/mbedtls/mbedtls/library/CMakeFiles/mbedcrypto.dir/lms.c.obj
[633/997] Building C object esp-idf/mbedtls/mbedtls/library/CMakeFiles/mbedcrypto.dir/padlock.c.obj
[634/997] Building C object esp-idf/mbedtls/mbedtls/library/CMakeFiles/mbedcrypto.dir/md.c.obj
[635/997] Building C object esp-idf/mbedtls/mbedtls/library/CMakeFiles/mbedcrypto.dir/pk_ecc.c.obj
[636/997] Building C object esp-idf/mbedtls/mbedtls/library/CMakeFiles/mbedcrypto.dir/pem.c.obj
[637/997] Building C object esp-idf/mbedtls/mbedtls/library/CMakeFiles/mbedcrypto.dir/pk_wrap.c.obj
[638/997] Building C object esp-idf/mbedtls/mbedtls/library/CMakeFiles/mbedcrypto.dir/pkcs5.c.obj
[639/997] Building C object esp-idf/mbedtls/mbedtls/library/CMakeFiles/mbedcrypto.dir/pkcs12.c.obj
[640/997] Building C object esp-idf/mbedtls/mbedtls/library/CMakeFiles/mbedcrypto.dir/pk.c.obj
[641/997] Building C object esp-idf/mbedtls/mbedtls/library/CMakeFiles/mbedcrypto.dir/oid.c.obj
[642/997] Building C object esp-idf/mbedtls/mbedtls/library/CMakeFiles/mbedcrypto.dir/poly1305.c.obj
[643/997] Building C object esp-idf/mbedtls/mbedtls/library/CMakeFiles/mbedcrypto.dir/ecp_curves.c.obj
[644/997] Building C object esp-idf/mbedtls/mbedtls/library/CMakeFiles/mbedcrypto.dir/platform_util.c.obj
[645/997] Building C object esp-idf/mbedtls/mbedtls/library/CMakeFiles/mbedcrypto.dir/platform.c.obj
[646/997] Building C object esp-idf/mbedtls/mbedtls/library/CMakeFiles/mbedcrypto.dir/pkwrite.c.obj
[647/997] Building C object esp-idf/mbedtls/mbedtls/library/CMakeFiles/mbedcrypto.dir/psa_crypto_driver_wrappers_no_static.c.obj
[648/997] Building C object esp-idf/mbedtls/mbedtls/library/CMakeFiles/mbedcrypto.dir/psa_crypto_client.c.obj
[649/997] Building C object esp-idf/mbedtls/mbedtls/library/CMakeFiles/mbedcrypto.dir/psa_crypto_cipher.c.obj
[650/997] Building C object esp-idf/mbedtls/mbedtls/library/CMakeFiles/mbedcrypto.dir/psa_crypto_aead.c.obj
[651/997] Building C object esp-idf/mbedtls/mbedtls/library/CMakeFiles/mbedcrypto.dir/psa_crypto_ffdh.c.obj
[652/997] Building C object esp-idf/mbedtls/mbedtls/library/CMakeFiles/mbedcrypto.dir/psa_crypto_ecp.c.obj
[653/997] Building C object esp-idf/mbedtls/mbedtls/library/CMakeFiles/mbedcrypto.dir/pkparse.c.obj
[654/997] Building C object esp-idf/mbedtls/mbedtls/library/CMakeFiles/mbedcrypto.dir/psa_crypto_hash.c.obj
[655/997] Building C object esp-idf/mbedtls/mbedtls/library/CMakeFiles/mbedcrypto.dir/psa_crypto_pake.c.obj
[656/997] Building C object esp-idf/mbedtls/mbedtls/library/CMakeFiles/mbedcrypto.dir/ecp.c.obj
[657/997] Building C object esp-idf/mbedtls/mbedtls/library/CMakeFiles/mbedcrypto.dir/psa_crypto_se.c.obj
[658/997] Building C object esp-idf/mbedtls/mbedtls/library/CMakeFiles/mbedcrypto.dir/psa_crypto_mac.c.obj
[659/997] Building C object esp-idf/mbedtls/mbedtls/library/CMakeFiles/mbedcrypto.dir/ripemd160.c.obj
[660/997] Building C object esp-idf/mbedtls/mbedtls/library/CMakeFiles/mbedcrypto.dir/psa_its_file.c.obj
[661/997] Building C object esp-idf/mbedtls/mbedtls/library/CMakeFiles/mbedcrypto.dir/rsa_alt_helpers.c.obj
[662/997] Building C object esp-idf/mbedtls/mbedtls/library/CMakeFiles/mbedcrypto.dir/sha1.c.obj
[663/997] Building C object esp-idf/mbedtls/mbedtls/library/CMakeFiles/mbedcrypto.dir/sha256.c.obj
[664/997] Building C object esp-idf/mbedtls/mbedtls/library/CMakeFiles/mbedcrypto.dir/psa_crypto_slot_management.c.obj
[665/997] Building C object esp-idf/mbedtls/mbedtls/library/CMakeFiles/mbedcrypto.dir/psa_util.c.obj
[666/997] Building C object esp-idf/mbedtls/mbedtls/library/CMakeFiles/mbedcrypto.dir/sha512.c.obj
[667/997] Building C object esp-idf/mbedtls/mbedtls/library/CMakeFiles/mbedcrypto.dir/sha3.c.obj
[668/997] Building C object esp-idf/mbedtls/mbedtls/library/CMakeFiles/mbedcrypto.dir/psa_crypto_storage.c.obj
[669/997] Building C object esp-idf/mbedtls/mbedtls/library/CMakeFiles/mbedcrypto.dir/psa_crypto_rsa.c.obj
[670/997] Building C object esp-idf/mbedtls/mbedtls/library/CMakeFiles/mbedcrypto.dir/threading.c.obj
[671/997] Building C object esp-idf/mbedtls/mbedtls/library/CMakeFiles/mbedcrypto.dir/timing.c.obj
[672/997] Building C object esp-idf/mbedtls/mbedtls/library/CMakeFiles/mbedcrypto.dir/version.c.obj
[673/997] Building C object esp-idf/mbedtls/mbedtls/library/CMakeFiles/mbedcrypto.dir/version_features.c.obj
[674/997] Building C object esp-idf/mbedtls/mbedtls/library/CMakeFiles/mbedcrypto.dir/Users/lojaws/.platformio/packages/framework-espidf/components/mbedtls/port/sha/dma/esp_sha_gdma_impl.c.obj
[675/997] Building C object esp-idf/mbedtls/mbedtls/library/CMakeFiles/mbedcrypto.dir/Users/lojaws/.platformio/packages/framework-espidf/components/mbedtls/port/esp_hardware.c.obj
[676/997] Building C object esp-idf/mbedtls/mbedtls/library/CMakeFiles/mbedcrypto.dir/Users/lojaws/.platformio/packages/framework-espidf/components/mbedtls/port/aes/dma/esp_aes_gdma_impl.c.obj
[677/997] Building C object esp-idf/mbedtls/mbedtls/library/CMakeFiles/mbedcrypto.dir/Users/lojaws/.platformio/packages/framework-espidf/components/mbedtls/port/esp_timing.c.obj
[678/997] Building C object esp-idf/mbedtls/mbedtls/library/CMakeFiles/mbedcrypto.dir/Users/lojaws/.platformio/packages/framework-espidf/components/mbedtls/port/esp_mem.c.obj
[679/997] Building C object esp-idf/mbedtls/mbedtls/library/CMakeFiles/mbedcrypto.dir/Users/lojaws/.platformio/packages/framework-espidf/components/mbedtls/port/aes/esp_aes_common.c.obj
[680/997] Building C object esp-idf/mbedtls/mbedtls/library/CMakeFiles/mbedcrypto.dir/Users/lojaws/.platformio/packages/framework-espidf/components/mbedtls/port/aes/esp_aes_xts.c.obj
[681/997] Building C object esp-idf/mbedtls/mbedtls/library/CMakeFiles/mbedcrypto.dir/Users/lojaws/.platformio/packages/framework-espidf/components/mbedtls/port/crypto_shared_gdma/esp_crypto_shared_gdma.c.obj
[682/997] Building C object esp-idf/mbedtls/mbedtls/library/CMakeFiles/mbedcrypto.dir/Users/lojaws/.platformio/packages/framework-espidf/components/mbedtls/port/sha/esp_sha.c.obj
[683/997] Building C object esp-idf/mbedtls/mbedtls/library/CMakeFiles/mbedcrypto.dir/Users/lojaws/.platformio/packages/framework-espidf/components/mbedtls/port/esp32s3/bignum.c.obj
[684/997] Building C object esp-idf/mbedtls/mbedtls/library/CMakeFiles/mbedcrypto.dir/Users/lojaws/.platformio/packages/framework-espidf/components/mbedtls/port/esp_ds/esp_rsa_sign_alt.c.obj
[685/997] Building C object esp-idf/mbedtls/mbedtls/library/CMakeFiles/mbedcrypto.dir/Users/lojaws/.platformio/packages/framework-espidf/components/mbedtls/port/sha/dma/sha.c.obj
[686/997] Building C object esp-idf/mbedtls/mbedtls/library/CMakeFiles/mbedcrypto.dir/Users/lojaws/.platformio/packages/framework-espidf/components/mbedtls/port/sha/dma/esp_sha1.c.obj
[687/997] Building C object esp-idf/mbedtls/mbedtls/library/CMakeFiles/mbedcrypto.dir/Users/lojaws/.platformio/packages/framework-espidf/components/mbedtls/port/sha/dma/esp_sha256.c.obj
[688/997] Building C object esp-idf/mbedtls/mbedtls/library/CMakeFiles/mbedcrypto.dir/Users/lojaws/.platformio/packages/framework-espidf/components/mbedtls/port/sha/dma/esp_sha512.c.obj
[689/997] Building C object esp-idf/mbedtls/mbedtls/library/CMakeFiles/mbedcrypto.dir/Users/lojaws/.platformio/packages/framework-espidf/components/mbedtls/port/esp_bignum.c.obj
[690/997] Building C object esp-idf/mbedtls/mbedtls/library/CMakeFiles/mbedcrypto.dir/Users/lojaws/.platformio/packages/framework-espidf/components/mbedtls/port/md/esp_md.c.obj
[691/997] Linking CXX static library esp-idf/mbedtls/mbedtls/library/libmbedx509.a
[692/997] Building C object esp-idf/mbedtls/mbedtls/3rdparty/p256-m/CMakeFiles/p256m.dir/p256-m/p256-m.c.obj
[693/997] Building C object esp-idf/mbedtls/mbedtls/3rdparty/p256-m/CMakeFiles/p256m.dir/p256-m_driver_entrypoints.c.obj
[694/997] Creating directories for 'bootloader'
[695/997] Building C object esp-idf/mbedtls/mbedtls/library/CMakeFiles/mbedcrypto.dir/Users/lojaws/.platformio/packages/framework-espidf/components/mbedtls/port/aes/dma/esp_aes.c.obj
[696/997] Building C object esp-idf/mbedtls/mbedtls/3rdparty/everest/CMakeFiles/everest.dir/library/everest.c.obj
[697/997] Building C object esp-idf/mbedtls/mbedtls/3rdparty/everest/CMakeFiles/everest.dir/library/x25519.c.obj
[698/997] Building C object esp-idf/mbedtls/mbedtls/library/CMakeFiles/mbedcrypto.dir/Users/lojaws/.platformio/packages/framework-espidf/components/mbedtls/port/aes/esp_aes_gcm.c.obj
[699/997] Building C object esp-idf/mbedtls/mbedtls/3rdparty/everest/CMakeFiles/everest.dir/library/Hacl_Curve25519_joined.c.obj
[700/997] No download step for 'bootloader'
[701/997] No update step for 'bootloader'
[702/997] No patch step for 'bootloader'
[703/997] Building C object esp-idf/mbedtls/mbedtls/library/CMakeFiles/mbedcrypto.dir/rsa.c.obj
[704/997] Building C object esp-idf/mbedtls/mbedtls/library/CMakeFiles/mbedcrypto.dir/psa_crypto.c.obj
[705/997] Linking CXX static library esp-idf/mbedtls/mbedtls/library/libmbedcrypto.a
[706/997] Linking CXX static library esp-idf/mbedtls/mbedtls/3rdparty/p256-m/libp256m.a
[707/997] Linking CXX static library esp-idf/mbedtls/mbedtls/3rdparty/everest/libeverest.a
[708/997] Generating x509_crt_bundle
[709/997] Generating ../../x509_crt_bundle.S
[710/997] Building ASM object esp-idf/mbedtls/CMakeFiles/__idf_mbedtls.dir/__/__/x509_crt_bundle.S.obj
[711/997] Building C object esp-idf/driver/CMakeFiles/__idf_driver.dir/gpio/gpio_glitch_filter_ops.c.obj
[712/997] Building C object esp-idf/esp_pm/CMakeFiles/__idf_esp_pm.dir/pm_trace.c.obj
[713/997] Building C object esp-idf/esp_pm/CMakeFiles/__idf_esp_pm.dir/pm_locks.c.obj
[714/997] Building C object esp-idf/driver/CMakeFiles/__idf_driver.dir/spi/spi_bus_lock.c.obj
[715/997] Building C object esp-idf/mbedtls/CMakeFiles/__idf_mbedtls.dir/esp_crt_bundle/esp_crt_bundle.c.obj
[716/997] Building C object esp-idf/esp_pm/CMakeFiles/__idf_esp_pm.dir/pm_impl.c.obj
[717/997] Linking C static library esp-idf/mbedtls/libmbedtls.a
[718/997] Building C object esp-idf/driver/CMakeFiles/__idf_driver.dir/gpio/gpio_pin_glitch_filter.c.obj
[719/997] Building C object esp-idf/driver/CMakeFiles/__idf_driver.dir/gpio/rtc_io.c.obj
[720/997] Building C object esp-idf/driver/CMakeFiles/__idf_driver.dir/gpio/dedic_gpio.c.obj
[721/997] Building C object esp-idf/driver/CMakeFiles/__idf_driver.dir/gptimer/gptimer_priv.c.obj
[722/997] Building C object esp-idf/driver/CMakeFiles/__idf_driver.dir/deprecated/adc_dma_legacy.c.obj
[723/997] Building C object esp-idf/driver/CMakeFiles/__idf_driver.dir/deprecated/adc_legacy.c.obj
[724/997] Building C object esp-idf/driver/CMakeFiles/__idf_driver.dir/gptimer/gptimer.c.obj
[725/997] Building C object esp-idf/driver/CMakeFiles/__idf_driver.dir/i2s/i2s_std.c.obj
[726/997] Building C object esp-idf/driver/CMakeFiles/__idf_driver.dir/i2s/i2s_tdm.c.obj
[727/997] Building C object esp-idf/driver/CMakeFiles/__idf_driver.dir/deprecated/timer_legacy.c.obj
[728/997] Building C object esp-idf/driver/CMakeFiles/__idf_driver.dir/i2s/i2s_pdm.c.obj
[729/997] Building C object esp-idf/driver/CMakeFiles/__idf_driver.dir/gpio/gpio.c.obj
[730/997] Building C object esp-idf/driver/CMakeFiles/__idf_driver.dir/mcpwm/mcpwm_com.c.obj
[731/997] Building C object esp-idf/driver/CMakeFiles/__idf_driver.dir/mcpwm/mcpwm_cmpr.c.obj
[732/997] Building C object esp-idf/driver/CMakeFiles/__idf_driver.dir/mcpwm/mcpwm_cap.c.obj
[733/997] Building C object esp-idf/driver/CMakeFiles/__idf_driver.dir/mcpwm/mcpwm_fault.c.obj
[734/997] Building C object esp-idf/driver/CMakeFiles/__idf_driver.dir/i2s/i2s_common.c.obj
[735/997] Building C object esp-idf/driver/CMakeFiles/__idf_driver.dir/i2c/i2c.c.obj
[736/997] Building C object esp-idf/driver/CMakeFiles/__idf_driver.dir/mcpwm/mcpwm_sync.c.obj
[737/997] Building C object esp-idf/driver/CMakeFiles/__idf_driver.dir/mcpwm/mcpwm_gen.c.obj
[738/997] Building C object esp-idf/driver/CMakeFiles/__idf_driver.dir/mcpwm/mcpwm_timer.c.obj
[739/997] Building C object esp-idf/driver/CMakeFiles/__idf_driver.dir/mcpwm/mcpwm_oper.c.obj
[740/997] Building C object esp-idf/driver/CMakeFiles/__idf_driver.dir/ledc/ledc.c.obj
[741/997] Building C object esp-idf/driver/CMakeFiles/__idf_driver.dir/pcnt/pulse_cnt.c.obj
[742/997] Building C object esp-idf/driver/CMakeFiles/__idf_driver.dir/deprecated/i2s_legacy.c.obj
[743/997] Building C object esp-idf/driver/CMakeFiles/__idf_driver.dir/rmt/rmt_common.c.obj
[744/997] Building C object esp-idf/driver/CMakeFiles/__idf_driver.dir/rmt/rmt_encoder.c.obj
[745/997] Building C object esp-idf/driver/CMakeFiles/__idf_driver.dir/deprecated/sigma_delta_legacy.c.obj
[746/997] Building C object esp-idf/driver/CMakeFiles/__idf_driver.dir/sigma_delta/sdm.c.obj
[747/997] Building C object esp-idf/driver/CMakeFiles/__idf_driver.dir/sdmmc/sdmmc_transaction.c.obj
[748/997] Building C object esp-idf/driver/CMakeFiles/__idf_driver.dir/rmt/rmt_rx.c.obj
[749/997] Building C object esp-idf/driver/CMakeFiles/__idf_driver.dir/sdmmc/sdmmc_host.c.obj
[750/997] Building C object esp-idf/driver/CMakeFiles/__idf_driver.dir/deprecated/pcnt_legacy.c.obj
[751/997] Building C object esp-idf/driver/CMakeFiles/__idf_driver.dir/spi/sdspi/sdspi_crc.c.obj
[752/997] Building C object esp-idf/driver/CMakeFiles/__idf_driver.dir/rmt/rmt_tx.c.obj
[753/997] Building C object esp-idf/driver/CMakeFiles/__idf_driver.dir/spi/sdspi/sdspi_transaction.c.obj
[754/997] Building C object esp-idf/driver/CMakeFiles/__idf_driver.dir/deprecated/mcpwm_legacy.c.obj
[755/997] Building C object esp-idf/driver/CMakeFiles/__idf_driver.dir/spi/sdspi/sdspi_host.c.obj
[756/997] Building C object esp-idf/driver/CMakeFiles/__idf_driver.dir/spi/gpspi/spi_master.c.obj
[757/997] Building C object esp-idf/driver/CMakeFiles/__idf_driver.dir/spi/gpspi/spi_slave_hd.c.obj
[758/997] Building C object esp-idf/driver/CMakeFiles/__idf_driver.dir/spi/gpspi/spi_common.c.obj
[759/997] Building C object esp-idf/driver/CMakeFiles/__idf_driver.dir/temperature_sensor/temperature_sensor.c.obj
[760/997] Building C object esp-idf/driver/CMakeFiles/__idf_driver.dir/deprecated/rtc_temperature_legacy.c.obj
[761/997] Linking C static library esp-idf/esp_pm/libesp_pm.a
[762/997] Building C object esp-idf/driver/CMakeFiles/__idf_driver.dir/spi/gpspi/spi_slave.c.obj
[763/997] Building C object esp-idf/driver/CMakeFiles/__idf_driver.dir/deprecated/rmt_legacy.c.obj
[764/997] Building C object esp-idf/driver/CMakeFiles/__idf_driver.dir/usb_serial_jtag/usb_serial_jtag_connection_monitor.c.obj
[765/997] Building C object esp-idf/driver/CMakeFiles/__idf_driver.dir/touch_sensor/touch_sensor_common.c.obj
[766/997] Building C object esp-idf/driver/CMakeFiles/__idf_driver.dir/usb_serial_jtag/usb_serial_jtag.c.obj
[767/997] Building C object esp-idf/esp_timer/CMakeFiles/__idf_esp_timer.dir/src/system_time.c.obj
[768/997] Building C object esp-idf/esp_timer/CMakeFiles/__idf_esp_timer.dir/src/esp_timer_impl_common.c.obj
[769/997] Building C object esp-idf/efuse/CMakeFiles/__idf_efuse.dir/esp32s3/esp_efuse_table.c.obj
[770/997] Building C object esp-idf/esp_timer/CMakeFiles/__idf_esp_timer.dir/src/ets_timer_legacy.c.obj
[771/997] Building C object esp-idf/driver/CMakeFiles/__idf_driver.dir/twai/twai.c.obj
[772/997] Building C object esp-idf/efuse/CMakeFiles/__idf_efuse.dir/esp32s3/esp_efuse_fields.c.obj
[773/997] Building C object esp-idf/esp_timer/CMakeFiles/__idf_esp_timer.dir/src/esp_timer_impl_systimer.c.obj
[774/997] Building C object esp-idf/efuse/CMakeFiles/__idf_efuse.dir/esp32s3/esp_efuse_rtc_calib.c.obj
[775/997] Building C object esp-idf/esp_timer/CMakeFiles/__idf_esp_timer.dir/src/esp_timer.c.obj
[776/997] Building C object esp-idf/efuse/CMakeFiles/__idf_efuse.dir/esp32s3/esp_efuse_utility.c.obj
[777/997] Building C object esp-idf/xtensa/CMakeFiles/__idf_xtensa.dir/eri.c.obj
[778/997] Building C object esp-idf/efuse/CMakeFiles/__idf_efuse.dir/src/esp_efuse_api.c.obj
[779/997] Building C object esp-idf/efuse/CMakeFiles/__idf_efuse.dir/src/esp_efuse_fields.c.obj
[780/997] Building C object esp-idf/efuse/CMakeFiles/__idf_efuse.dir/src/esp_efuse_utility.c.obj
[781/997] Building C object esp-idf/driver/CMakeFiles/__idf_driver.dir/touch_sensor/esp32s3/touch_sensor.c.obj
[782/997] Building C object esp-idf/xtensa/CMakeFiles/__idf_xtensa.dir/xt_trax.c.obj
[783/997] Building C object esp-idf/efuse/CMakeFiles/__idf_efuse.dir/src/efuse_controller/keys/with_key_purposes/esp_efuse_api_key.c.obj
[784/997] Building ASM object esp-idf/xtensa/CMakeFiles/__idf_xtensa.dir/xtensa_intr_asm.S.obj
[785/997] Building C object esp-idf/xtensa/CMakeFiles/__idf_xtensa.dir/xtensa_intr.c.obj
[786/997] Building C object esp-idf/bt/CMakeFiles/__idf_bt.dir/common/btc/core/btc_manage.c.obj
[787/997] Building C object esp-idf/bt/CMakeFiles/__idf_bt.dir/common/hci_log/bt_hci_log.c.obj
[788/997] Building C object esp-idf/bt/CMakeFiles/__idf_bt.dir/common/btc/core/btc_alarm.c.obj
[789/997] Building C object esp-idf/esp_ringbuf/CMakeFiles/__idf_esp_ringbuf.dir/ringbuf.c.obj
[790/997] Building C object esp-idf/bt/CMakeFiles/__idf_bt.dir/common/api/esp_blufi_api.c.obj
[791/997] Building C object esp-idf/bt/CMakeFiles/__idf_bt.dir/common/btc/profile/esp/blufi/blufi_prf.c.obj
[792/997] Building C object esp-idf/bt/CMakeFiles/__idf_bt.dir/common/btc/core/btc_task.c.obj
[793/997] Building C object esp-idf/bt/CMakeFiles/__idf_bt.dir/common/osi/buffer.c.obj
[794/997] Building C object esp-idf/driver/CMakeFiles/__idf_driver.dir/uart/uart.c.obj
[795/997] Building C object esp-idf/bt/CMakeFiles/__idf_bt.dir/common/osi/allocator.c.obj
[796/997] Building C object esp-idf/bt/CMakeFiles/__idf_bt.dir/common/btc/profile/esp/blufi/blufi_protocol.c.obj
[797/997] Building C object esp-idf/bt/CMakeFiles/__idf_bt.dir/common/osi/pkt_queue.c.obj
[798/997] Building C object esp-idf/bt/CMakeFiles/__idf_bt.dir/common/osi/fixed_queue.c.obj
[799/997] Building C object esp-idf/bt/CMakeFiles/__idf_bt.dir/common/osi/fixed_pkt_queue.c.obj
[800/997] Building C object esp-idf/bt/CMakeFiles/__idf_bt.dir/common/osi/hash_functions.c.obj
[801/997] Building C object esp-idf/bt/CMakeFiles/__idf_bt.dir/common/osi/hash_map.c.obj
[802/997] Building C object esp-idf/bt/CMakeFiles/__idf_bt.dir/common/osi/future.c.obj
[803/997] Building C object esp-idf/bt/CMakeFiles/__idf_bt.dir/common/osi/alarm.c.obj
[804/997] Building C object esp-idf/bt/CMakeFiles/__idf_bt.dir/common/osi/list.c.obj
[805/997] Building C object esp-idf/bt/CMakeFiles/__idf_bt.dir/common/osi/mutex.c.obj
[806/997] Building C object esp-idf/bt/CMakeFiles/__idf_bt.dir/porting/mem/bt_osi_mem.c.obj
[807/997] Building C object esp-idf/bt/CMakeFiles/__idf_bt.dir/common/osi/semaphore.c.obj
[808/997] Building C object esp-idf/bt/CMakeFiles/__idf_bt.dir/porting/ext/tinycrypt/src/utils.c.obj
[809/997] Building C object esp-idf/bt/CMakeFiles/__idf_bt.dir/common/osi/osi.c.obj
[810/997] Linking C static library esp-idf/driver/libdriver.a
[811/997] Building C object esp-idf/bt/CMakeFiles/__idf_bt.dir/controller/esp32c3/bt.c.obj
[812/997] Building C object esp-idf/bt/CMakeFiles/__idf_bt.dir/common/osi/config.c.obj
[813/997] Building C object esp-idf/bt/CMakeFiles/__idf_bt.dir/porting/ext/tinycrypt/src/sha256.c.obj
[814/997] Building C object esp-idf/bt/CMakeFiles/__idf_bt.dir/porting/ext/tinycrypt/src/ctr_mode.c.obj
[815/997] Building C object esp-idf/bt/CMakeFiles/__idf_bt.dir/porting/ext/tinycrypt/src/aes_decrypt.c.obj
[816/997] Linking C static library esp-idf/esp_timer/libesp_timer.a
[817/997] Building C object esp-idf/bt/CMakeFiles/__idf_bt.dir/porting/ext/tinycrypt/src/aes_encrypt.c.obj
[818/997] Building C object esp-idf/bt/CMakeFiles/__idf_bt.dir/porting/ext/tinycrypt/src/ctr_prng.c.obj
[819/997] Building C object esp-idf/bt/CMakeFiles/__idf_bt.dir/porting/ext/tinycrypt/src/cmac_mode.c.obj
[820/997] Building C object esp-idf/bt/CMakeFiles/__idf_bt.dir/porting/ext/tinycrypt/src/ecc_dsa.c.obj
[821/997] Building C object esp-idf/bt/CMakeFiles/__idf_bt.dir/porting/ext/tinycrypt/src/hmac_prng.c.obj
[822/997] Linking C static library esp-idf/efuse/libefuse.a
[823/997] Building C object esp-idf/bt/CMakeFiles/__idf_bt.dir/porting/ext/tinycrypt/src/ecc_platform_specific.c.obj
[824/997] Building C object esp-idf/bt/CMakeFiles/__idf_bt.dir/porting/ext/tinycrypt/src/ecc_dh.c.obj
[825/997] Building C object esp-idf/bt/CMakeFiles/__idf_bt.dir/porting/ext/tinycrypt/src/hmac.c.obj
[826/997] Building C object esp-idf/bt/CMakeFiles/__idf_bt.dir/porting/ext/tinycrypt/src/cbc_mode.c.obj
[827/997] Linking C static library esp-idf/esp_ringbuf/libesp_ringbuf.a
[828/997] Building C object esp-idf/bt/CMakeFiles/__idf_bt.dir/common/osi/thread.c.obj
[829/997] Building C object esp-idf/console/CMakeFiles/__idf_console.dir/split_argv.c.obj
[830/997] Building C object esp-idf/bt/CMakeFiles/__idf_bt.dir/porting/ext/tinycrypt/src/ccm_mode.c.obj
[831/997] Linking C static library esp-idf/xtensa/libxtensa.a
[832/997] Building C object esp-idf/console/CMakeFiles/__idf_console.dir/commands.c.obj
[833/997] Building C object esp-idf/console/CMakeFiles/__idf_console.dir/argtable3/arg_dbl.c.obj
[834/997] Building C object esp-idf/console/CMakeFiles/__idf_console.dir/argtable3/arg_cmd.c.obj
[835/997] Building C object esp-idf/console/CMakeFiles/__idf_console.dir/argtable3/arg_file.c.obj
[836/997] Building C object esp-idf/console/CMakeFiles/__idf_console.dir/argtable3/arg_end.c.obj
[837/997] Building C object esp-idf/console/CMakeFiles/__idf_console.dir/argtable3/arg_dstr.c.obj
[838/997] Building C object esp-idf/bt/CMakeFiles/__idf_bt.dir/porting/ext/tinycrypt/src/ecc.c.obj
[839/997] Building C object esp-idf/console/CMakeFiles/__idf_console.dir/esp_console_repl.c.obj
[840/997] Building C object esp-idf/console/CMakeFiles/__idf_console.dir/argtable3/arg_date.c.obj
[841/997] Building C object esp-idf/console/CMakeFiles/__idf_console.dir/argtable3/arg_rem.c.obj
[842/997] Building C object esp-idf/console/CMakeFiles/__idf_console.dir/argtable3/arg_int.c.obj
[843/997] Building C object esp-idf/console/CMakeFiles/__idf_console.dir/argtable3/arg_hashtable.c.obj
[844/997] Building C object esp-idf/console/CMakeFiles/__idf_console.dir/argtable3/arg_lit.c.obj
[845/997] Building C object esp-idf/console/CMakeFiles/__idf_console.dir/argtable3/arg_str.c.obj
[846/997] Building C object esp-idf/console/CMakeFiles/__idf_console.dir/argtable3/arg_utils.c.obj
[847/997] Building C object esp-idf/unity/CMakeFiles/__idf_unity.dir/unity_utils_freertos.c.obj
[848/997] Building C object esp-idf/unity/CMakeFiles/__idf_unity.dir/unity_utils_cache.c.obj
[849/997] Building C object esp-idf/unity/CMakeFiles/__idf_unity.dir/unity_runner.c.obj
[850/997] Linking C static library esp-idf/bt/libbt.a
[851/997] Building C object esp-idf/console/CMakeFiles/__idf_console.dir/linenoise/linenoise.c.obj
[852/997] Building C object esp-idf/unity/CMakeFiles/__idf_unity.dir/unity_utils_memory.c.obj
[853/997] Building C object esp-idf/console/CMakeFiles/__idf_console.dir/argtable3/arg_rex.c.obj
[854/997] Performing configure step for 'bootloader'
-- Found Git: /usr/bin/git (found version "2.54.0 (Apple Git-157)")
-- git rev-parse returned 'fatal: not a git repository (or any of the parent directories): .git'
fatal: not a git repository (or any of the parent directories): .git
-- The C compiler identification is GNU 12.2.0
-- The CXX compiler identification is GNU 12.2.0
-- The ASM compiler identification is GNU
-- Found assembler: /Users/lojaws/Documents/ESP32-S3-Car-Adapter/.tools/tools/xtensa-esp32s3-elf/esp-12.2.0_20230208/xtensa-esp32s3-elf/bin/xtensa-esp32s3-elf-gcc
-- Detecting C compiler ABI info
-- Detecting C compiler ABI info - done
-- Check for working C compiler: /Users/lojaws/Documents/ESP32-S3-Car-Adapter/.tools/tools/xtensa-esp32s3-elf/esp-12.2.0_20230208/xtensa-esp32s3-elf/bin/xtensa-esp32s3-elf-gcc - skipped
-- Detecting C compile features
-- Detecting C compile features - done
-- Detecting CXX compiler ABI info
-- Detecting CXX compiler ABI info - done
-- Check for working CXX compiler: /Users/lojaws/Documents/ESP32-S3-Car-Adapter/.tools/tools/xtensa-esp32s3-elf/esp-12.2.0_20230208/xtensa-esp32s3-elf/bin/xtensa-esp32s3-elf-g++ - skipped
-- Detecting CXX compile features
-- Detecting CXX compile features - done
-- git rev-parse returned 'fatal: not a git repository (or any of the parent directories): .git'
-- Could not use 'git describe' to determine PROJECT_VER.
-- Building ESP-IDF components for target esp32s3
-- Project sdkconfig file /Users/lojaws/Documents/ESP32-S3-Car-Adapter/firmware/controller-probe/build-2/sdkconfig
Compiler supported targets: xtensa-esp32s3-elf

-- Looking for sys/types.h
-- Looking for sys/types.h - found
-- Looking for stdint.h
-- Looking for stdint.h - found
-- Looking for stddef.h
-- Looking for stddef.h - found
-- Check size of time_t
-- Check size of time_t - done
-- Adding linker script /Users/lojaws/.platformio/packages/framework-espidf/components/soc/esp32s3/ld/esp32s3.peripherals.ld
-- App "bootloader" version: 1
-- Adding linker script /Users/lojaws/.platformio/packages/framework-espidf/components/esp_rom/esp32s3/ld/esp32s3.rom.ld
-- Adding linker script /Users/lojaws/.platformio/packages/framework-espidf/components/esp_rom/esp32s3/ld/esp32s3.rom.api.ld
-- Adding linker script /Users/lojaws/.platformio/packages/framework-espidf/components/esp_rom/esp32s3/ld/esp32s3.rom.bt_funcs.ld
-- Adding linker script /Users/lojaws/.platformio/packages/framework-espidf/components/esp_rom/esp32s3/ld/esp32s3.rom.libgcc.ld
-- Adding linker script /Users/lojaws/.platformio/packages/framework-espidf/components/esp_rom/esp32s3/ld/esp32s3.rom.newlib.ld
-- Adding linker script /Users/lojaws/.platformio/packages/framework-espidf/components/bootloader/subproject/main/ld/esp32s3/bootloader.ld
-- Adding linker script /Users/lojaws/.platformio/packages/framework-espidf/components/bootloader/subproject/main/ld/esp32s3/bootloader.rom.ld
-- Components: bootloader bootloader_support efuse esp_app_format esp_common esp_hw_support esp_rom esp_system esptool_py freertos hal log main micro-ecc newlib partition_table soc spi_flash xtensa
-- Component paths: /Users/lojaws/.platformio/packages/framework-espidf/components/bootloader /Users/lojaws/.platformio/packages/framework-espidf/components/bootloader_support /Users/lojaws/.platformio/packages/framework-espidf/components/efuse /Users/lojaws/.platformio/packages/framework-espidf/components/esp_app_format /Users/lojaws/.platformio/packages/framework-espidf/components/esp_common /Users/lojaws/.platformio/packages/framework-espidf/components/esp_hw_support /Users/lojaws/.platformio/packages/framework-espidf/components/esp_rom /Users/lojaws/.platformio/packages/framework-espidf/components/esp_system /Users/lojaws/.platformio/packages/framework-espidf/components/esptool_py /Users/lojaws/.platformio/packages/framework-espidf/components/freertos /Users/lojaws/.platformio/packages/framework-espidf/components/hal /Users/lojaws/.platformio/packages/framework-espidf/components/log /Users/lojaws/.platformio/packages/framework-espidf/components/bootloader/subproject/main /Users/lojaws/.platformio/packages/framework-espidf/components/bootloader/subproject/components/micro-ecc /Users/lojaws/.platformio/packages/framework-espidf/components/newlib /Users/lojaws/.platformio/packages/framework-espidf/components/partition_table /Users/lojaws/.platformio/packages/framework-espidf/components/soc /Users/lojaws/.platformio/packages/framework-espidf/components/spi_flash /Users/lojaws/.platformio/packages/framework-espidf/components/xtensa
-- Configuring done (3.6s)
-- Generating done (0.2s)
-- Build files have been written to: /Users/lojaws/Documents/ESP32-S3-Car-Adapter/firmware/controller-probe/build-2/bootloader
[855/997] Building C object esp-idf/unity/CMakeFiles/__idf_unity.dir/port/esp/unity_utils_memory_esp.c.obj
[856/997] Building C object esp-idf/unity/CMakeFiles/__idf_unity.dir/unity_port_esp32.c.obj
[857/997] Building C object esp-idf/protocomm/CMakeFiles/__idf_protocomm.dir/proto-c/constants.pb-c.c.obj
[858/997] Building C object esp-idf/protocomm/CMakeFiles/__idf_protocomm.dir/proto-c/session.pb-c.c.obj
[859/997] Building C object esp-idf/protocomm/CMakeFiles/__idf_protocomm.dir/proto-c/sec0.pb-c.c.obj
[860/997] Building C object esp-idf/protocomm/CMakeFiles/__idf_protocomm.dir/proto-c/sec1.pb-c.c.obj
[861/997] Building C object esp-idf/console/CMakeFiles/__idf_console.dir/argtable3/argtable3.c.obj
[862/997] Building C object esp-idf/protocomm/CMakeFiles/__idf_protocomm.dir/proto-c/sec2.pb-c.c.obj
[863/997] Building C object esp-idf/protocomm/CMakeFiles/__idf_protocomm.dir/src/common/protocomm.c.obj
[864/997] Building C object esp-idf/protocomm/CMakeFiles/__idf_protocomm.dir/src/transports/protocomm_console.c.obj
[865/997] Building C object esp-idf/unity/CMakeFiles/__idf_unity.dir/unity/src/unity.c.obj
[866/997] Linking C static library esp-idf/console/libconsole.a
[867/997] Building C object esp-idf/protocomm/CMakeFiles/__idf_protocomm.dir/src/transports/protocomm_httpd.c.obj
[868/997] Building C object esp-idf/protocomm/CMakeFiles/__idf_protocomm.dir/src/security/security0.c.obj
[869/997] Building C object esp-idf/protocomm/CMakeFiles/__idf_protocomm.dir/src/crypto/srp6a/esp_srp_mpi.c.obj
[870/997] Building CXX object esp-idf/wear_levelling/CMakeFiles/__idf_wear_levelling.dir/Partition.cpp.obj
[871/997] Building C object esp-idf/protocomm/CMakeFiles/__idf_protocomm.dir/src/security/security2.c.obj
[872/997] Building CXX object esp-idf/wear_levelling/CMakeFiles/__idf_wear_levelling.dir/crc32.cpp.obj
[873/997] Building CXX object esp-idf/wear_levelling/CMakeFiles/__idf_wear_levelling.dir/SPI_Flash.cpp.obj
[874/997] Building C object esp-idf/protocomm/CMakeFiles/__idf_protocomm.dir/src/crypto/srp6a/esp_srp.c.obj
[875/997] Building C object esp-idf/protocomm/CMakeFiles/__idf_protocomm.dir/src/security/security1.c.obj
[876/997] Building CXX object esp-idf/wear_levelling/CMakeFiles/__idf_wear_levelling.dir/WL_Ext_Perf.cpp.obj
[877/997] Building CXX object esp-idf/wear_levelling/CMakeFiles/__idf_wear_levelling.dir/WL_Ext_Safe.cpp.obj
[878/997] Building CXX object esp-idf/wear_levelling/CMakeFiles/__idf_wear_levelling.dir/wear_levelling.cpp.obj
[879/997] Building C object esp-idf/protobuf-c/CMakeFiles/__idf_protobuf-c.dir/protobuf-c/protobuf-c/protobuf-c.c.obj
[880/997] Building C object esp-idf/sdmmc/CMakeFiles/__idf_sdmmc.dir/sdmmc_init.c.obj
[881/997] Building C object esp-idf/sdmmc/CMakeFiles/__idf_sdmmc.dir/sdmmc_common.c.obj
[882/997] Building ASM object esp-idf/__pio_env/CMakeFiles/__idf___pio_env.dir/__dummy.S.obj
[883/997] Building C object esp-idf/sdmmc/CMakeFiles/__idf_sdmmc.dir/sdmmc_mmc.c.obj
[884/997] Building C object esp-idf/__pio_env/CMakeFiles/__idf___pio_env.dir/__dummy.c.obj
[885/997] Linking C static library esp-idf/protobuf-c/libprotobuf-c.a
[886/997] Building CXX object esp-idf/wear_levelling/CMakeFiles/__idf_wear_levelling.dir/WL_Flash.cpp.obj
[887/997] Building CXX object esp-idf/__pio_env/CMakeFiles/__idf___pio_env.dir/__dummy.cpp.obj
[888/997] Building C object esp-idf/sdmmc/CMakeFiles/__idf_sdmmc.dir/sdmmc_sd.c.obj
[889/997] Building C object esp-idf/sdmmc/CMakeFiles/__idf_sdmmc.dir/sdmmc_io.c.obj
[890/997] Building C object esp-idf/json/CMakeFiles/__idf_json.dir/cJSON/cJSON_Utils.c.obj
[891/997] Building C object esp-idf/app_trace/CMakeFiles/__idf_app_trace.dir/host_file_io.c.obj
[892/997] Linking C static library esp-idf/unity/libunity.a
[893/997] Building C object esp-idf/app_trace/CMakeFiles/__idf_app_trace.dir/app_trace_util.c.obj
[894/997] Building C object esp-idf/cmock/CMakeFiles/__idf_cmock.dir/CMock/src/cmock.c.obj
[895/997] Building C object esp-idf/app_trace/CMakeFiles/__idf_app_trace.dir/app_trace.c.obj
[896/997] Building C object esp-idf/app_trace/CMakeFiles/__idf_app_trace.dir/port/port_uart.c.obj
[897/997] Building C object esp-idf/esp_hid/CMakeFiles/__idf_esp_hid.dir/src/esp_hidd.c.obj
[898/997] Building C object esp-idf/sdmmc/CMakeFiles/__idf_sdmmc.dir/sdmmc_cmd.c.obj
[899/997] Building C object esp-idf/esp_lcd/CMakeFiles/__idf_esp_lcd.dir/src/esp_lcd_common.c.obj
[900/997] Building C object esp-idf/esp_lcd/CMakeFiles/__idf_esp_lcd.dir/src/esp_lcd_panel_io.c.obj
[901/997] Building C object esp-idf/esp_lcd/CMakeFiles/__idf_esp_lcd.dir/src/esp_lcd_panel_ssd1306.c.obj
[902/997] Building C object esp-idf/esp_hid/CMakeFiles/__idf_esp_hid.dir/src/esp_hid_common.c.obj
[903/997] Building C object esp-idf/esp_lcd/CMakeFiles/__idf_esp_lcd.dir/src/esp_lcd_panel_ops.c.obj
[904/997] Building C object esp-idf/esp_lcd/CMakeFiles/__idf_esp_lcd.dir/src/esp_lcd_panel_st7789.c.obj
[905/997] Building C object esp-idf/esp_hid/CMakeFiles/__idf_esp_hid.dir/src/esp_hidh.c.obj
[906/997] Building C object esp-idf/esp_lcd/CMakeFiles/__idf_esp_lcd.dir/src/esp_lcd_panel_io_i2c.c.obj
[907/997] Building C object esp-idf/esp_lcd/CMakeFiles/__idf_esp_lcd.dir/src/esp_lcd_panel_nt35510.c.obj
[908/997] Building C object esp-idf/esp_lcd/CMakeFiles/__idf_esp_lcd.dir/src/esp_lcd_panel_io_spi.c.obj
[909/997] Linking C static library esp-idf/protocomm/libprotocomm.a
[910/997] Building C object esp-idf/espcoredump/CMakeFiles/__idf_espcoredump.dir/src/core_dump_common.c.obj
[911/997] Building C object esp-idf/esp_local_ctrl/CMakeFiles/__idf_esp_local_ctrl.dir/proto-c/esp_local_ctrl.pb-c.c.obj
[912/997] Building C object esp-idf/esp_local_ctrl/CMakeFiles/__idf_esp_local_ctrl.dir/src/esp_local_ctrl_transport_httpd.c.obj
[913/997] Building C object esp-idf/espcoredump/CMakeFiles/__idf_espcoredump.dir/src/core_dump_uart.c.obj
[914/997] Building C object esp-idf/esp_local_ctrl/CMakeFiles/__idf_esp_local_ctrl.dir/src/esp_local_ctrl.c.obj
[915/997] Building C object esp-idf/esp_local_ctrl/CMakeFiles/__idf_esp_local_ctrl.dir/src/esp_local_ctrl_handler.c.obj
[916/997] Building C object esp-idf/espcoredump/CMakeFiles/__idf_espcoredump.dir/src/core_dump_sha.c.obj
[917/997] Building C object esp-idf/espcoredump/CMakeFiles/__idf_espcoredump.dir/src/core_dump_crc.c.obj
[918/997] Building C object esp-idf/json/CMakeFiles/__idf_json.dir/cJSON/cJSON.c.obj
[919/997] Building C object esp-idf/esp_lcd/CMakeFiles/__idf_esp_lcd.dir/src/esp_lcd_panel_io_i80.c.obj
[920/997] Building C object esp-idf/espcoredump/CMakeFiles/__idf_espcoredump.dir/src/core_dump_flash.c.obj
[921/997] Linking C static library esp-idf/wear_levelling/libwear_levelling.a
[922/997] Linking C static library esp-idf/sdmmc/libsdmmc.a
[923/997] Building C object esp-idf/espcoredump/CMakeFiles/__idf_espcoredump.dir/src/core_dump_elf.c.obj
[924/997] Building C object esp-idf/espcoredump/CMakeFiles/__idf_espcoredump.dir/src/core_dump_binary.c.obj
[925/997] Building C object esp-idf/espcoredump/CMakeFiles/__idf_espcoredump.dir/src/port/xtensa/core_dump_port.c.obj
[926/997] Building C object esp-idf/fatfs/CMakeFiles/__idf_fatfs.dir/diskio/diskio.c.obj
[927/997] Building C object esp-idf/fatfs/CMakeFiles/__idf_fatfs.dir/diskio/diskio_sdmmc.c.obj
[928/997] Building C object esp-idf/fatfs/CMakeFiles/__idf_fatfs.dir/diskio/diskio_rawflash.c.obj
[929/997] Building C object esp-idf/fatfs/CMakeFiles/__idf_fatfs.dir/diskio/diskio_wl.c.obj
[930/997] Linking C static library esp-idf/json/libjson.a
[931/997] Building C object esp-idf/fatfs/CMakeFiles/__idf_fatfs.dir/port/freertos/ffsystem.c.obj
[932/997] Building C object esp-idf/fatfs/CMakeFiles/__idf_fatfs.dir/src/ffunicode.c.obj
[933/997] Building C object esp-idf/perfmon/CMakeFiles/__idf_perfmon.dir/xtensa_perfmon_access.c.obj
[934/997] Building C object esp-idf/mqtt/CMakeFiles/__idf_mqtt.dir/esp-mqtt/lib/platform_esp32_idf.c.obj
[935/997] Building C object esp-idf/fatfs/CMakeFiles/__idf_fatfs.dir/vfs/vfs_fat_sdmmc.c.obj
[936/997] Building C object esp-idf/mqtt/CMakeFiles/__idf_mqtt.dir/esp-mqtt/lib/mqtt_outbox.c.obj
[937/997] Building C object esp-idf/fatfs/CMakeFiles/__idf_fatfs.dir/vfs/vfs_fat_spiflash.c.obj
[938/997] Building C object esp-idf/mqtt/CMakeFiles/__idf_mqtt.dir/esp-mqtt/lib/mqtt_msg.c.obj
[939/997] Building C object esp-idf/perfmon/CMakeFiles/__idf_perfmon.dir/xtensa_perfmon_masks.c.obj
[940/997] Building C object esp-idf/perfmon/CMakeFiles/__idf_perfmon.dir/xtensa_perfmon_apis.c.obj
[941/997] Building C object esp-idf/esp_lcd/CMakeFiles/__idf_esp_lcd.dir/src/esp_lcd_panel_rgb.c.obj
[942/997] Building C object esp-idf/spiffs/CMakeFiles/__idf_spiffs.dir/spiffs/src/spiffs_cache.c.obj
[943/997] Building C object esp-idf/spiffs/CMakeFiles/__idf_spiffs.dir/spiffs_api.c.obj
[944/997] Building C object esp-idf/fatfs/CMakeFiles/__idf_fatfs.dir/vfs/vfs_fat.c.obj
[945/997] Building C object esp-idf/spiffs/CMakeFiles/__idf_spiffs.dir/spiffs/src/spiffs_gc.c.obj
[946/997] Building C object esp-idf/spiffs/CMakeFiles/__idf_spiffs.dir/spiffs/src/spiffs_check.c.obj
[947/997] Building C object esp-idf/touch_element/CMakeFiles/__idf_touch_element.dir/touch_button.c.obj
[948/997] Building C object esp-idf/spiffs/CMakeFiles/__idf_spiffs.dir/esp_spiffs.c.obj
[949/997] Building C object esp-idf/touch_element/CMakeFiles/__idf_touch_element.dir/touch_slider.c.obj
[950/997] Building C object esp-idf/touch_element/CMakeFiles/__idf_touch_element.dir/touch_matrix.c.obj
[951/997] Building C object esp-idf/spiffs/CMakeFiles/__idf_spiffs.dir/spiffs/src/spiffs_hydrogen.c.obj
[952/997] Building C object esp-idf/usb/CMakeFiles/__idf_usb.dir/usb_private.c.obj
[953/997] Building C object esp-idf/touch_element/CMakeFiles/__idf_touch_element.dir/touch_element.c.obj
[954/997] Building C object esp-idf/usb/CMakeFiles/__idf_usb.dir/usb_helpers.c.obj
[955/997] Building C object esp-idf/usb/CMakeFiles/__idf_usb.dir/hub.c.obj
[956/997] Building C object esp-idf/wifi_provisioning/CMakeFiles/__idf_wifi_provisioning.dir/src/wifi_config.c.obj
[957/997] Building C object esp-idf/fatfs/CMakeFiles/__idf_fatfs.dir/src/ff.c.obj
[958/997] Building C object esp-idf/usb/CMakeFiles/__idf_usb.dir/usb_phy.c.obj
[959/997] Building C object esp-idf/wifi_provisioning/CMakeFiles/__idf_wifi_provisioning.dir/src/wifi_ctrl.c.obj
[960/997] Building C object esp-idf/wifi_provisioning/CMakeFiles/__idf_wifi_provisioning.dir/src/wifi_scan.c.obj
[961/997] Building C object esp-idf/usb/CMakeFiles/__idf_usb.dir/usb_host.c.obj
[962/997] Building C object esp-idf/mqtt/CMakeFiles/__idf_mqtt.dir/esp-mqtt/mqtt_client.c.obj
[963/997] Building C object esp-idf/usb/CMakeFiles/__idf_usb.dir/usbh.c.obj
[964/997] Building C object esp-idf/wifi_provisioning/CMakeFiles/__idf_wifi_provisioning.dir/src/scheme_console.c.obj
[965/997] Building C object esp-idf/wifi_provisioning/CMakeFiles/__idf_wifi_provisioning.dir/src/handlers.c.obj
[966/997] Building C object esp-idf/wifi_provisioning/CMakeFiles/__idf_wifi_provisioning.dir/proto-c/wifi_config.pb-c.c.obj
[967/997] Building C object esp-idf/wifi_provisioning/CMakeFiles/__idf_wifi_provisioning.dir/proto-c/wifi_constants.pb-c.c.obj
[968/997] Linking C static library esp-idf/__pio_env/lib__pio_env.a
[969/997] Building C object esp-idf/wifi_provisioning/CMakeFiles/__idf_wifi_provisioning.dir/proto-c/wifi_ctrl.pb-c.c.obj
[970/997] Building C object esp-idf/wifi_provisioning/CMakeFiles/__idf_wifi_provisioning.dir/proto-c/wifi_scan.pb-c.c.obj
[971/997] Building C object esp-idf/spiffs/CMakeFiles/__idf_spiffs.dir/spiffs/src/spiffs_nucleus.c.obj
[972/997] Building C object esp-idf/wifi_provisioning/CMakeFiles/__idf_wifi_provisioning.dir/src/scheme_softap.c.obj
[973/997] Linking C static library esp-idf/cmock/libcmock.a
[974/997] Linking C static library esp-idf/app_trace/libapp_trace.a
[975/997] Building C object esp-idf/main/CMakeFiles/__idf_main.dir/probe.c.obj
[976/997] Linking C static library esp-idf/esp_hid/libesp_hid.a
[977/997] Linking C static library esp-idf/esp_local_ctrl/libesp_local_ctrl.a
[978/997] Linking C static library esp-idf/esp_lcd/libesp_lcd.a
[979/997] Linking C static library esp-idf/espcoredump/libespcoredump.a
[980/997] Linking C static library esp-idf/mqtt/libmqtt.a
[981/997] Linking C static library esp-idf/fatfs/libfatfs.a
[982/997] Linking C static library esp-idf/perfmon/libperfmon.a
[983/997] Linking C static library esp-idf/spiffs/libspiffs.a
[984/997] Linking C static library esp-idf/main/libmain.a
[985/997] Linking C static library esp-idf/touch_element/libtouch_element.a
[986/997] Building C object esp-idf/usb/CMakeFiles/__idf_usb.dir/hcd_dwc.c.obj
[987/997] Linking C static library esp-idf/usb/libusb.a
[988/997] Building C object esp-idf/wifi_provisioning/CMakeFiles/__idf_wifi_provisioning.dir/src/manager.c.obj
[989/997] Linking C static library esp-idf/wifi_provisioning/libwifi_provisioning.a
[990/997] Performing build step for 'bootloader'
[1/112] Building C object esp-idf/esp_rom/CMakeFiles/__idf_esp_rom.dir/patches/esp_rom_sys.c.obj
[2/112] Building C object esp-idf/esp_rom/CMakeFiles/__idf_esp_rom.dir/patches/esp_rom_crc.c.obj
[3/112] Building ASM object esp-idf/esp_rom/CMakeFiles/__idf_esp_rom.dir/patches/esp_rom_longjmp.S.obj
[4/112] Building C object esp-idf/esp_rom/CMakeFiles/__idf_esp_rom.dir/patches/esp_rom_gpio.c.obj
[5/112] Building C object esp-idf/log/CMakeFiles/__idf_log.dir/log_noos.c.obj
[6/112] Building C object esp-idf/esp_rom/CMakeFiles/__idf_esp_rom.dir/patches/esp_rom_efuse.c.obj
[7/112] Building C object esp-idf/esp_rom/CMakeFiles/__idf_esp_rom.dir/patches/esp_rom_uart.c.obj
[8/112] Building ASM object esp-idf/esp_rom/CMakeFiles/__idf_esp_rom.dir/patches/esp_rom_cache_writeback_esp32s3.S.obj
[9/112] Building C object esp-idf/esp_rom/CMakeFiles/__idf_esp_rom.dir/patches/esp_rom_systimer.c.obj
[10/112] Building C object esp-idf/esp_rom/CMakeFiles/__idf_esp_rom.dir/patches/esp_rom_spiflash.c.obj
[11/112] Building C object esp-idf/esp_rom/CMakeFiles/__idf_esp_rom.dir/patches/esp_rom_wdt.c.obj
[12/112] Building C object esp-idf/esp_rom/CMakeFiles/__idf_esp_rom.dir/patches/esp_rom_cache_esp32s2_esp32s3.c.obj
[13/112] Building C object esp-idf/log/CMakeFiles/__idf_log.dir/log_buffers.c.obj
[14/112] Building C object esp-idf/esp_common/CMakeFiles/__idf_esp_common.dir/src/esp_err_to_name.c.obj
[15/112] Building C object esp-idf/esp_hw_support/CMakeFiles/__idf_esp_hw_support.dir/esp_memory_utils.c.obj
[16/112] Building C object esp-idf/esp_hw_support/CMakeFiles/__idf_esp_hw_support.dir/port/esp32s3/esp_cpu_intr.c.obj
[17/112] Building C object esp-idf/esp_hw_support/CMakeFiles/__idf_esp_hw_support.dir/port/esp32s3/cpu_region_protect.c.obj
[18/112] Building C object esp-idf/esp_hw_support/CMakeFiles/__idf_esp_hw_support.dir/port/esp32s3/rtc_clk_init.c.obj
[19/112] Building C object esp-idf/esp_hw_support/CMakeFiles/__idf_esp_hw_support.dir/port/esp32s3/chip_info.c.obj
[20/112] Building C object esp-idf/log/CMakeFiles/__idf_log.dir/log.c.obj
[21/112] Building C object esp-idf/efuse/CMakeFiles/__idf_efuse.dir/esp32s3/esp_efuse_table.c.obj
[22/112] Building C object esp-idf/esp_system/CMakeFiles/__idf_esp_system.dir/esp_err.c.obj
[23/112] Building C object esp-idf/esp_hw_support/CMakeFiles/__idf_esp_hw_support.dir/cpu.c.obj
[24/112] Building C object esp-idf/efuse/CMakeFiles/__idf_efuse.dir/esp32s3/esp_efuse_fields.c.obj
[25/112] Linking C static library esp-idf/log/liblog.a
[26/112] Building C object esp-idf/esp_hw_support/CMakeFiles/__idf_esp_hw_support.dir/port/esp32s3/rtc_sleep.c.obj
[27/112] Building C object esp-idf/efuse/CMakeFiles/__idf_efuse.dir/esp32s3/esp_efuse_rtc_calib.c.obj
[28/112] Building C object esp-idf/esp_hw_support/CMakeFiles/__idf_esp_hw_support.dir/port/esp32s3/rtc_time.c.obj
[29/112] Building C object esp-idf/efuse/CMakeFiles/__idf_efuse.dir/src/esp_efuse_fields.c.obj
[30/112] Linking C static library esp-idf/esp_rom/libesp_rom.a
[31/112] Building C object esp-idf/efuse/CMakeFiles/__idf_efuse.dir/src/esp_efuse_api.c.obj
[32/112] Building C object esp-idf/bootloader_support/CMakeFiles/__idf_bootloader_support.dir/src/bootloader_clock_init.c.obj
[33/112] Building C object esp-idf/efuse/CMakeFiles/__idf_efuse.dir/esp32s3/esp_efuse_utility.c.obj
[34/112] Linking C static library esp-idf/esp_common/libesp_common.a
[35/112] Building C object esp-idf/bootloader_support/CMakeFiles/__idf_bootloader_support.dir/src/bootloader_mem.c.obj
[36/112] Building C object esp-idf/esp_hw_support/CMakeFiles/__idf_esp_hw_support.dir/port/esp32s3/rtc_clk.c.obj
[37/112] Building C object esp-idf/esp_hw_support/CMakeFiles/__idf_esp_hw_support.dir/port/esp32s3/rtc_init.c.obj
[38/112] Building C object esp-idf/bootloader_support/CMakeFiles/__idf_bootloader_support.dir/src/bootloader_random.c.obj
[39/112] Building C object esp-idf/bootloader_support/CMakeFiles/__idf_bootloader_support.dir/src/bootloader_efuse.c.obj
[40/112] Building C object esp-idf/bootloader_support/CMakeFiles/__idf_bootloader_support.dir/src/bootloader_common_loader.c.obj
[41/112] Building C object esp-idf/bootloader_support/CMakeFiles/__idf_bootloader_support.dir/src/bootloader_random_esp32s3.c.obj
[42/112] Building C object esp-idf/bootloader_support/CMakeFiles/__idf_bootloader_support.dir/src/bootloader_common.c.obj
[43/112] Building C object esp-idf/efuse/CMakeFiles/__idf_efuse.dir/src/esp_efuse_utility.c.obj
[44/112] Linking C static library esp-idf/esp_hw_support/libesp_hw_support.a
[45/112] Building C object esp-idf/bootloader_support/CMakeFiles/__idf_bootloader_support.dir/src/secure_boot.c.obj
[46/112] Building C object esp-idf/bootloader_support/CMakeFiles/__idf_bootloader_support.dir/src/flash_partitions.c.obj
[47/112] Building C object esp-idf/bootloader_support/CMakeFiles/__idf_bootloader_support.dir/src/flash_encrypt.c.obj
[48/112] Linking C static library esp-idf/esp_system/libesp_system.a
[49/112] Building C object esp-idf/efuse/CMakeFiles/__idf_efuse.dir/src/efuse_controller/keys/with_key_purposes/esp_efuse_api_key.c.obj
[50/112] Building C object esp-idf/bootloader_support/CMakeFiles/__idf_bootloader_support.dir/src/bootloader_clock_loader.c.obj
[51/112] Building C object esp-idf/bootloader_support/CMakeFiles/__idf_bootloader_support.dir/src/bootloader_console.c.obj
[52/112] Building C object esp-idf/bootloader_support/CMakeFiles/__idf_bootloader_support.dir/src/bootloader_init.c.obj
[53/112] Building C object esp-idf/bootloader_support/CMakeFiles/__idf_bootloader_support.dir/src/bootloader_console_loader.c.obj
[54/112] Building C object esp-idf/bootloader_support/CMakeFiles/__idf_bootloader_support.dir/bootloader_flash/src/flash_qio_mode.c.obj
[55/112] Building C object esp-idf/bootloader_support/CMakeFiles/__idf_bootloader_support.dir/bootloader_flash/src/bootloader_flash_config_esp32s3.c.obj
[56/112] Building C object esp-idf/bootloader_support/CMakeFiles/__idf_bootloader_support.dir/src/esp32s3/bootloader_soc.c.obj
[57/112] Building C object esp-idf/bootloader_support/CMakeFiles/__idf_bootloader_support.dir/src/esp32s3/bootloader_sha.c.obj
[58/112] Linking C static library esp-idf/efuse/libefuse.a
[59/112] Building C object esp-idf/esp_app_format/CMakeFiles/__idf_esp_app_format.dir/esp_app_desc.c.obj
[60/112] Building C object esp-idf/hal/CMakeFiles/__idf_hal.dir/mpu_hal.c.obj
[61/112] Building C object esp-idf/bootloader_support/CMakeFiles/__idf_bootloader_support.dir/src/bootloader_panic.c.obj
[62/112] Building C object esp-idf/hal/CMakeFiles/__idf_hal.dir/efuse_hal.c.obj
[63/112] Building C object esp-idf/spi_flash/CMakeFiles/__idf_spi_flash.dir/spi_flash_wrap.c.obj
[64/112] Building C object esp-idf/hal/CMakeFiles/__idf_hal.dir/esp32s3/efuse_hal.c.obj
[65/112] Building C object esp-idf/soc/CMakeFiles/__idf_soc.dir/dport_access_common.c.obj
[66/112] Building C object esp-idf/soc/CMakeFiles/__idf_soc.dir/lldesc.c.obj
[67/112] Building C object esp-idf/bootloader_support/CMakeFiles/__idf_bootloader_support.dir/src/esp32s3/bootloader_esp32s3.c.obj
[68/112] Building C object esp-idf/bootloader_support/CMakeFiles/__idf_bootloader_support.dir/bootloader_flash/src/bootloader_flash.c.obj
[69/112] Building C object esp-idf/soc/CMakeFiles/__idf_soc.dir/esp32s3/interrupts.c.obj
[70/112] Building C object esp-idf/hal/CMakeFiles/__idf_hal.dir/mmu_hal.c.obj
[71/112] Building C object esp-idf/soc/CMakeFiles/__idf_soc.dir/esp32s3/gpio_periph.c.obj
[72/112] Building C object esp-idf/soc/CMakeFiles/__idf_soc.dir/esp32s3/uart_periph.c.obj
[73/112] Building C object esp-idf/hal/CMakeFiles/__idf_hal.dir/cache_hal.c.obj
[74/112] Building C object esp-idf/soc/CMakeFiles/__idf_soc.dir/esp32s3/adc_periph.c.obj
[75/112] Building C object esp-idf/soc/CMakeFiles/__idf_soc.dir/esp32s3/dedic_gpio_periph.c.obj
[76/112] Building C object esp-idf/soc/CMakeFiles/__idf_soc.dir/esp32s3/gdma_periph.c.obj
[77/112] Building C object esp-idf/soc/CMakeFiles/__idf_soc.dir/esp32s3/ledc_periph.c.obj
[78/112] Building C object esp-idf/soc/CMakeFiles/__idf_soc.dir/esp32s3/rmt_periph.c.obj
[79/112] Building C object esp-idf/soc/CMakeFiles/__idf_soc.dir/esp32s3/sdm_periph.c.obj
[80/112] Building C object esp-idf/soc/CMakeFiles/__idf_soc.dir/esp32s3/spi_periph.c.obj
[81/112] Building C object esp-idf/soc/CMakeFiles/__idf_soc.dir/esp32s3/pcnt_periph.c.obj
[82/112] Building C object esp-idf/soc/CMakeFiles/__idf_soc.dir/esp32s3/i2s_periph.c.obj
[83/112] Building C object esp-idf/soc/CMakeFiles/__idf_soc.dir/esp32s3/i2c_periph.c.obj
[84/112] Building C object esp-idf/soc/CMakeFiles/__idf_soc.dir/esp32s3/temperature_sensor_periph.c.obj
[85/112] Building C object esp-idf/soc/CMakeFiles/__idf_soc.dir/esp32s3/lcd_periph.c.obj
[86/112] Building C object esp-idf/soc/CMakeFiles/__idf_soc.dir/esp32s3/timer_periph.c.obj
[87/112] Building C object esp-idf/soc/CMakeFiles/__idf_soc.dir/esp32s3/sdmmc_periph.c.obj
[88/112] Building C object esp-idf/soc/CMakeFiles/__idf_soc.dir/esp32s3/mcpwm_periph.c.obj
[89/112] Building C object esp-idf/soc/CMakeFiles/__idf_soc.dir/esp32s3/usb_periph.c.obj
[90/112] Building C object esp-idf/soc/CMakeFiles/__idf_soc.dir/esp32s3/twai_periph.c.obj
[91/112] Generating project_elf_src_esp32s3.c
[92/112] Building C object esp-idf/soc/CMakeFiles/__idf_soc.dir/esp32s3/usb_dwc_periph.c.obj
[93/112] Building C object esp-idf/soc/CMakeFiles/__idf_soc.dir/esp32s3/touch_sensor_periph.c.obj
[94/112] Building C object esp-idf/xtensa/CMakeFiles/__idf_xtensa.dir/eri.c.obj
[95/112] Building C object esp-idf/soc/CMakeFiles/__idf_soc.dir/esp32s3/rtc_io_periph.c.obj
[96/112] Building C object CMakeFiles/bootloader.elf.dir/project_elf_src_esp32s3.c.obj
[97/112] Building C object esp-idf/main/CMakeFiles/__idf_main.dir/bootloader_start.c.obj
[98/112] Building C object esp-idf/xtensa/CMakeFiles/__idf_xtensa.dir/xt_trax.c.obj
[99/112] Building C object esp-idf/bootloader_support/CMakeFiles/__idf_bootloader_support.dir/src/bootloader_utility.c.obj
[100/112] Building C object esp-idf/bootloader_support/CMakeFiles/__idf_bootloader_support.dir/src/esp_image_format.c.obj
[101/112] Linking C static library esp-idf/bootloader_support/libbootloader_support.a
[102/112] Linking C static library esp-idf/esp_app_format/libesp_app_format.a
[103/112] Linking C static library esp-idf/spi_flash/libspi_flash.a
[104/112] Linking C static library esp-idf/hal/libhal.a
[105/112] Building C object esp-idf/micro-ecc/CMakeFiles/__idf_micro-ecc.dir/uECC_verify_antifault.c.obj
[106/112] Linking C static library esp-idf/micro-ecc/libmicro-ecc.a
[107/112] Linking C static library esp-idf/soc/libsoc.a
[108/112] Linking C static library esp-idf/xtensa/libxtensa.a
[109/112] Linking C static library esp-idf/main/libmain.a
[110/112] Linking C executable bootloader.elf
[111/112] Generating binary image from built executable
esptool.py v4.12.0
Creating esp32s3 image...
Merged 1 ELF section
Successfully created esp32s3 image.
Generated /Users/lojaws/Documents/ESP32-S3-Car-Adapter/firmware/controller-probe/build-2/bootloader/bootloader.bin
[112/112] cd /Users/lojaws/Documents/ESP32-S3-Car-Adapter/firmware/controller-probe/build-2/bootloader/esp-idf/esptool_py && /Users/lojaws/Documents/ESP32-S3-Car-Adapter/.tools/python_env/idf5.1_py3.9_env/bin/python /Users/lojaws/.platformio/packages/framework-espidf/components/partition_table/check_sizes.py --offset 0x8000 bootloader 0x0 /Users/lojaws/Documents/ESP32-S3-Car-Adapter/firmware/controller-probe/build-2/bootloader/bootloader.bin
Bootloader binary size 0x51d0 bytes. 0x2e30 bytes (36%) free.
[991/997] No install step for 'bootloader'
[992/997] Completed 'bootloader'
[993/997] Generating ld/sections.ld
[994/997] Building C object CMakeFiles/s3_controller_probe.elf.dir/project_elf_src_esp32s3.c.obj
[995/997] Linking CXX executable s3_controller_probe.elf
[996/997] Generating binary image from built executable
esptool.py v4.12.0
Creating esp32s3 image...
Merged 2 ELF sections
Successfully created esp32s3 image.
Generated /Users/lojaws/Documents/ESP32-S3-Car-Adapter/firmware/controller-probe/build-2/s3_controller_probe.bin
[997/997] cd /Users/lojaws/Documents/ESP32-S3-Car-Adapter/firmware/controller-probe/build-2/esp-idf/esptool_py && /Users/lojaws/Documents/ESP32-S3-Car-Adapter/.tools/python_env/idf5.1_py3.9_env/bin/python /Users/lojaws/.platformio/packages/framework-espidf/components/partition_table/check_sizes.py --offset 0x8000 partition --type app /Users/lojaws/Documents/ESP32-S3-Car-Adapter/firmware/controller-probe/build-2/partition_table/partition-table.bin /Users/lojaws/Documents/ESP32-S3-Car-Adapter/firmware/controller-probe/build-2/s3_controller_probe.bin
s3_controller_probe.bin binary size 0x5f7e0 bytes. Smallest app partition is 0x100000 bytes. 0xa0820 bytes (63%) free.

Project build complete. To flash, run this command:
/Users/lojaws/Documents/ESP32-S3-Car-Adapter/.tools/python_env/idf5.1_py3.9_env/bin/python ../../../../.platformio/packages/framework-espidf/components/esptool_py/esptool/esptool.py -p (PORT) -b 460800 --before default_reset --after hard_reset --chip esp32s3  write_flash --flash_mode dio --flash_size 2MB --flash_freq 80m 0x0 build-2/bootloader/bootloader.bin 0x8000 build-2/partition_table/partition-table.bin 0x10000 build-2/s3_controller_probe.bin
or run 'idf.py -p (PORT) flash'
Executing action: all (aliases: build)
Running cmake in directory /Users/lojaws/Documents/ESP32-S3-Car-Adapter/firmware/controller-probe/build-3
Executing "cmake -G Ninja -DPYTHON_DEPS_CHECKED=1 -DPYTHON=/Users/lojaws/Documents/ESP32-S3-Car-Adapter/.tools/python_env/idf5.1_py3.9_env/bin/python -DESP_PLATFORM=1 -DIDF_TARGET=esp32s3 -DSDKCONFIG=build-3/sdkconfig -DPROBE_CASE=3 -DCCACHE_ENABLE=0 /Users/lojaws/Documents/ESP32-S3-Car-Adapter/firmware/controller-probe"...
-- Found Git: /usr/bin/git (found version "2.54.0 (Apple Git-157)")
-- git rev-parse returned 'fatal: not a git repository (or any of the parent directories): .git'
fatal: not a git repository (or any of the parent directories): .git
-- The C compiler identification is GNU 12.2.0
-- The CXX compiler identification is GNU 12.2.0
-- The ASM compiler identification is GNU
-- Found assembler: /Users/lojaws/Documents/ESP32-S3-Car-Adapter/.tools/tools/xtensa-esp32s3-elf/esp-12.2.0_20230208/xtensa-esp32s3-elf/bin/xtensa-esp32s3-elf-gcc
-- Detecting C compiler ABI info
-- Detecting C compiler ABI info - done
-- Check for working C compiler: /Users/lojaws/Documents/ESP32-S3-Car-Adapter/.tools/tools/xtensa-esp32s3-elf/esp-12.2.0_20230208/xtensa-esp32s3-elf/bin/xtensa-esp32s3-elf-gcc - skipped
-- Detecting C compile features
-- Detecting C compile features - done
-- Detecting CXX compiler ABI info
-- Detecting CXX compiler ABI info - done
-- Check for working CXX compiler: /Users/lojaws/Documents/ESP32-S3-Car-Adapter/.tools/tools/xtensa-esp32s3-elf/esp-12.2.0_20230208/xtensa-esp32s3-elf/bin/xtensa-esp32s3-elf-g++ - skipped
-- Detecting CXX compile features
-- Detecting CXX compile features - done
-- git rev-parse returned 'fatal: not a git repository (or any of the parent directories): .git'
-- Could not use 'git describe' to determine PROJECT_VER.
-- Building ESP-IDF components for target esp32s3
-- Project sdkconfig file /Users/lojaws/Documents/ESP32-S3-Car-Adapter/firmware/controller-probe/build-3/sdkconfig
Loading defaults file /Users/lojaws/Documents/ESP32-S3-Car-Adapter/firmware/controller-probe/sdkconfig.defaults...
Compiler supported targets: xtensa-esp32s3-elf

-- Looking for sys/types.h
-- Looking for sys/types.h - found
-- Looking for stdint.h
-- Looking for stdint.h - found
-- Looking for stddef.h
-- Looking for stddef.h - found
-- Check size of time_t
-- Check size of time_t - done
CMake Deprecation Warning at /Users/lojaws/.platformio/packages/framework-espidf/components/mbedtls/mbedtls/CMakeLists.txt:21 (cmake_minimum_required):
  Compatibility with CMake < 3.10 will be removed from a future version of
  CMake.

  Update the VERSION argument <min> value.  Or, use the <min>...<max> syntax
  to tell CMake that the project requires at least <min> but has been updated
  to work with policies introduced by <max> or earlier.


-- Found Python3: /Users/lojaws/Documents/ESP32-S3-Car-Adapter/.tools/python_env/idf5.1_py3.9_env/bin/python (found version "3.9.6") found components: Interpreter
-- Performing Test CMAKE_HAVE_LIBC_PTHREAD
-- Performing Test CMAKE_HAVE_LIBC_PTHREAD - Failed
-- Check if compiler accepts -pthread
-- Check if compiler accepts -pthread - no
-- Looking for pthread_create in pthreads
-- Looking for pthread_create in pthreads - not found
-- Looking for pthread_create in pthread
-- Looking for pthread_create in pthread - not found
-- Could NOT find Threads (missing: Threads_FOUND) 
-- Performing Test C_COMPILER_SUPPORTS_WFORMAT_SIGNEDNESS
-- Performing Test C_COMPILER_SUPPORTS_WFORMAT_SIGNEDNESS - Success
-- App "s3_controller_probe" version: 1
-- Adding linker script /Users/lojaws/Documents/ESP32-S3-Car-Adapter/firmware/controller-probe/build-3/esp-idf/esp_system/ld/memory.ld
-- Adding linker script /Users/lojaws/.platformio/packages/framework-espidf/components/esp_system/ld/esp32s3/sections.ld.in
-- Adding linker script /Users/lojaws/.platformio/packages/framework-espidf/components/esp_rom/esp32s3/ld/esp32s3.rom.ld
-- Adding linker script /Users/lojaws/.platformio/packages/framework-espidf/components/esp_rom/esp32s3/ld/esp32s3.rom.api.ld
-- Adding linker script /Users/lojaws/.platformio/packages/framework-espidf/components/esp_rom/esp32s3/ld/esp32s3.rom.bt_funcs.ld
-- Adding linker script /Users/lojaws/.platformio/packages/framework-espidf/components/esp_rom/esp32s3/ld/esp32s3.rom.libgcc.ld
-- Adding linker script /Users/lojaws/.platformio/packages/framework-espidf/components/esp_rom/esp32s3/ld/esp32s3.rom.newlib.ld
-- Adding linker script /Users/lojaws/.platformio/packages/framework-espidf/components/esp_rom/esp32s3/ld/esp32s3.rom.version.ld
-- Adding linker script /Users/lojaws/.platformio/packages/framework-espidf/components/soc/esp32s3/ld/esp32s3.peripherals.ld
fatal: not a git repository (or any of the parent directories): .git
fatal: not a git repository (or any of the parent directories): .git
-- Components: __pio_env app_trace app_update bootloader bootloader_support bt cmock console cxx driver efuse esp-tls esp_adc esp_app_format esp_coex esp_common esp_eth esp_event esp_gdbstub esp_hid esp_http_client esp_http_server esp_https_ota esp_https_server esp_hw_support esp_lcd esp_local_ctrl esp_mm esp_netif esp_netif_stack esp_partition esp_phy esp_pm esp_psram esp_ringbuf esp_rom esp_system esp_timer esp_wifi espcoredump esptool_py fatfs freertos hal heap http_parser idf_test ieee802154 json log lwip main mbedtls mqtt newlib nvs_flash openthread partition_table perfmon protobuf-c protocomm pthread sdmmc soc spi_flash spiffs tcp_transport touch_element ulp unity usb vfs wear_levelling wifi_provisioning wpa_supplicant xtensa
-- Component paths: /Users/lojaws/.platformio/packages/framework-espidf/components/__pio_env /Users/lojaws/.platformio/packages/framework-espidf/components/app_trace /Users/lojaws/.platformio/packages/framework-espidf/components/app_update /Users/lojaws/.platformio/packages/framework-espidf/components/bootloader /Users/lojaws/.platformio/packages/framework-espidf/components/bootloader_support /Users/lojaws/.platformio/packages/framework-espidf/components/bt /Users/lojaws/.platformio/packages/framework-espidf/components/cmock /Users/lojaws/.platformio/packages/framework-espidf/components/console /Users/lojaws/.platformio/packages/framework-espidf/components/cxx /Users/lojaws/.platformio/packages/framework-espidf/components/driver /Users/lojaws/.platformio/packages/framework-espidf/components/efuse /Users/lojaws/.platformio/packages/framework-espidf/components/esp-tls /Users/lojaws/.platformio/packages/framework-espidf/components/esp_adc /Users/lojaws/.platformio/packages/framework-espidf/components/esp_app_format /Users/lojaws/.platformio/packages/framework-espidf/components/esp_coex /Users/lojaws/.platformio/packages/framework-espidf/components/esp_common /Users/lojaws/.platformio/packages/framework-espidf/components/esp_eth /Users/lojaws/.platformio/packages/framework-espidf/components/esp_event /Users/lojaws/.platformio/packages/framework-espidf/components/esp_gdbstub /Users/lojaws/.platformio/packages/framework-espidf/components/esp_hid /Users/lojaws/.platformio/packages/framework-espidf/components/esp_http_client /Users/lojaws/.platformio/packages/framework-espidf/components/esp_http_server /Users/lojaws/.platformio/packages/framework-espidf/components/esp_https_ota /Users/lojaws/.platformio/packages/framework-espidf/components/esp_https_server /Users/lojaws/.platformio/packages/framework-espidf/components/esp_hw_support /Users/lojaws/.platformio/packages/framework-espidf/components/esp_lcd /Users/lojaws/.platformio/packages/framework-espidf/components/esp_local_ctrl /Users/lojaws/.platformio/packages/framework-espidf/components/esp_mm /Users/lojaws/.platformio/packages/framework-espidf/components/esp_netif /Users/lojaws/.platformio/packages/framework-espidf/components/esp_netif_stack /Users/lojaws/.platformio/packages/framework-espidf/components/esp_partition /Users/lojaws/.platformio/packages/framework-espidf/components/esp_phy /Users/lojaws/.platformio/packages/framework-espidf/components/esp_pm /Users/lojaws/.platformio/packages/framework-espidf/components/esp_psram /Users/lojaws/.platformio/packages/framework-espidf/components/esp_ringbuf /Users/lojaws/.platformio/packages/framework-espidf/components/esp_rom /Users/lojaws/.platformio/packages/framework-espidf/components/esp_system /Users/lojaws/.platformio/packages/framework-espidf/components/esp_timer /Users/lojaws/.platformio/packages/framework-espidf/components/esp_wifi /Users/lojaws/.platformio/packages/framework-espidf/components/espcoredump /Users/lojaws/.platformio/packages/framework-espidf/components/esptool_py /Users/lojaws/.platformio/packages/framework-espidf/components/fatfs /Users/lojaws/.platformio/packages/framework-espidf/components/freertos /Users/lojaws/.platformio/packages/framework-espidf/components/hal /Users/lojaws/.platformio/packages/framework-espidf/components/heap /Users/lojaws/.platformio/packages/framework-espidf/components/http_parser /Users/lojaws/.platformio/packages/framework-espidf/components/idf_test /Users/lojaws/.platformio/packages/framework-espidf/components/ieee802154 /Users/lojaws/.platformio/packages/framework-espidf/components/json /Users/lojaws/.platformio/packages/framework-espidf/components/log /Users/lojaws/.platformio/packages/framework-espidf/components/lwip /Users/lojaws/Documents/ESP32-S3-Car-Adapter/firmware/controller-probe/main /Users/lojaws/.platformio/packages/framework-espidf/components/mbedtls /Users/lojaws/.platformio/packages/framework-espidf/components/mqtt /Users/lojaws/.platformio/packages/framework-espidf/components/newlib /Users/lojaws/.platformio/packages/framework-espidf/components/nvs_flash /Users/lojaws/.platformio/packages/framework-espidf/components/openthread /Users/lojaws/.platformio/packages/framework-espidf/components/partition_table /Users/lojaws/.platformio/packages/framework-espidf/components/perfmon /Users/lojaws/.platformio/packages/framework-espidf/components/protobuf-c /Users/lojaws/.platformio/packages/framework-espidf/components/protocomm /Users/lojaws/.platformio/packages/framework-espidf/components/pthread /Users/lojaws/.platformio/packages/framework-espidf/components/sdmmc /Users/lojaws/.platformio/packages/framework-espidf/components/soc /Users/lojaws/.platformio/packages/framework-espidf/components/spi_flash /Users/lojaws/.platformio/packages/framework-espidf/components/spiffs /Users/lojaws/.platformio/packages/framework-espidf/components/tcp_transport /Users/lojaws/.platformio/packages/framework-espidf/components/touch_element /Users/lojaws/.platformio/packages/framework-espidf/components/ulp /Users/lojaws/.platformio/packages/framework-espidf/components/unity /Users/lojaws/.platformio/packages/framework-espidf/components/usb /Users/lojaws/.platformio/packages/framework-espidf/components/vfs /Users/lojaws/.platformio/packages/framework-espidf/components/wear_levelling /Users/lojaws/.platformio/packages/framework-espidf/components/wifi_provisioning /Users/lojaws/.platformio/packages/framework-espidf/components/wpa_supplicant /Users/lojaws/.platformio/packages/framework-espidf/components/xtensa
-- Configuring done (2.6s)
-- Generating done (0.3s)
-- Build files have been written to: /Users/lojaws/Documents/ESP32-S3-Car-Adapter/firmware/controller-probe/build-3
Running ninja in directory /Users/lojaws/Documents/ESP32-S3-Car-Adapter/firmware/controller-probe/build-3
Executing "ninja all"...
[1/997] Generating project_elf_src_esp32s3.c
[2/997] Generating memory.ld linker script...
[3/997] Building C object esp-idf/ulp/CMakeFiles/__idf_ulp.dir/ulp_common/ulp_common.c.obj
[4/997] Building C object esp-idf/ulp/CMakeFiles/__idf_ulp.dir/ulp_common/ulp_adc.c.obj
[5/997] Generating ../../partition_table/partition-table.bin
Partition table binary generated. Contents:
*******************************************************************************
# ESP-IDF Partition Table
# Name, Type, SubType, Offset, Size, Flags
nvs,data,nvs,0x9000,24K,
phy_init,data,phy,0xf000,4K,
factory,app,factory,0x10000,1M,
*******************************************************************************
[6/997] Linking C static library esp-idf/ulp/libulp.a
[7/997] Building C object esp-idf/esp_http_server/CMakeFiles/__idf_esp_http_server.dir/src/httpd_ws.c.obj
[8/997] Building C object esp-idf/esp_http_server/CMakeFiles/__idf_esp_http_server.dir/src/util/ctrl_sock.c.obj
[9/997] Building C object esp-idf/esp_http_server/CMakeFiles/__idf_esp_http_server.dir/src/httpd_uri.c.obj
[10/997] Building C object esp-idf/esp_http_server/CMakeFiles/__idf_esp_http_server.dir/src/httpd_sess.c.obj
[11/997] Building C object esp-idf/esp_http_server/CMakeFiles/__idf_esp_http_server.dir/src/httpd_parse.c.obj
[12/997] Building C object esp-idf/esp_https_ota/CMakeFiles/__idf_esp_https_ota.dir/src/esp_https_ota.c.obj
[13/997] Building C object esp-idf/esp_http_server/CMakeFiles/__idf_esp_http_server.dir/src/httpd_txrx.c.obj
[14/997] Building C object esp-idf/esp_http_server/CMakeFiles/__idf_esp_http_server.dir/src/httpd_main.c.obj
[15/997] Building C object esp-idf/esp_http_client/CMakeFiles/__idf_esp_http_client.dir/lib/http_utils.c.obj
[16/997] Building C object esp-idf/esp_http_client/CMakeFiles/__idf_esp_http_client.dir/lib/http_header.c.obj
[17/997] Linking C static library esp-idf/esp_https_ota/libesp_https_ota.a
[18/997] Building C object esp-idf/esp_http_client/CMakeFiles/__idf_esp_http_client.dir/lib/http_auth.c.obj
[19/997] Building C object esp-idf/esp_gdbstub/CMakeFiles/__idf_esp_gdbstub.dir/src/gdbstub_transport.c.obj
[20/997] Linking C static library esp-idf/esp_http_server/libesp_http_server.a
[21/997] Building C object esp-idf/esp_gdbstub/CMakeFiles/__idf_esp_gdbstub.dir/src/packet.c.obj
[22/997] Building C object esp-idf/tcp_transport/CMakeFiles/__idf_tcp_transport.dir/transport_socks_proxy.c.obj
[23/997] Building ASM object esp-idf/esp_gdbstub/CMakeFiles/__idf_esp_gdbstub.dir/src/port/xtensa/gdbstub-entry.S.obj
[24/997] Building ASM object esp-idf/esp_gdbstub/CMakeFiles/__idf_esp_gdbstub.dir/src/port/xtensa/xt_debugexception.S.obj
[25/997] Building C object esp-idf/tcp_transport/CMakeFiles/__idf_tcp_transport.dir/transport_internal.c.obj
[26/997] Building C object esp-idf/esp_gdbstub/CMakeFiles/__idf_esp_gdbstub.dir/src/port/xtensa/gdbstub_xtensa.c.obj
[27/997] Building C object esp-idf/tcp_transport/CMakeFiles/__idf_tcp_transport.dir/transport.c.obj
[28/997] Building C object esp-idf/esp_gdbstub/CMakeFiles/__idf_esp_gdbstub.dir/src/gdbstub.c.obj
[29/997] Building C object esp-idf/esp_adc/CMakeFiles/__idf_esp_adc.dir/adc_cali.c.obj
[30/997] Building C object esp-idf/esp_eth/CMakeFiles/__idf_esp_eth.dir/src/esp_eth_netif_glue.c.obj
[31/997] Building C object esp-idf/esp_adc/CMakeFiles/__idf_esp_adc.dir/adc_cali_curve_fitting.c.obj
[32/997] Building C object esp-idf/esp_adc/CMakeFiles/__idf_esp_adc.dir/deprecated/esp_adc_cal_common_legacy.c.obj
[33/997] Building C object esp-idf/esp_adc/CMakeFiles/__idf_esp_adc.dir/adc_common.c.obj
[34/997] Building C object esp-idf/tcp_transport/CMakeFiles/__idf_tcp_transport.dir/transport_ssl.c.obj
[35/997] Building C object esp-idf/esp_eth/CMakeFiles/__idf_esp_eth.dir/src/esp_eth_phy_802_3.c.obj
[36/997] Building C object esp-idf/esp_adc/CMakeFiles/__idf_esp_adc.dir/adc_oneshot.c.obj
[37/997] Building C object esp-idf/esp_adc/CMakeFiles/__idf_esp_adc.dir/esp32s3/curve_fitting_coefficients.c.obj
[38/997] Building C object esp-idf/esp_adc/CMakeFiles/__idf_esp_adc.dir/deprecated/esp32s3/esp_adc_cal_legacy.c.obj
[39/997] Building C object esp-idf/esp_adc/CMakeFiles/__idf_esp_adc.dir/adc_filter.c.obj
[40/997] Building C object esp-idf/esp_eth/CMakeFiles/__idf_esp_eth.dir/src/esp_eth.c.obj
[41/997] Building C object esp-idf/esp-tls/CMakeFiles/__idf_esp-tls.dir/esp_tls_platform_port.c.obj
[42/997] Building C object esp-idf/esp-tls/CMakeFiles/__idf_esp-tls.dir/esp-tls-crypto/esp_tls_crypto.c.obj
[43/997] Building C object esp-idf/esp-tls/CMakeFiles/__idf_esp-tls.dir/esp_tls_error_capture.c.obj
[44/997] Building C object esp-idf/esp_adc/CMakeFiles/__idf_esp_adc.dir/adc_continuous.c.obj
[45/997] Building C object esp-idf/esp_wifi/CMakeFiles/__idf_esp_wifi.dir/src/mesh_event.c.obj
[46/997] Building C object esp-idf/esp_wifi/CMakeFiles/__idf_esp_wifi.dir/src/smartconfig.c.obj
[47/997] Building C object esp-idf/tcp_transport/CMakeFiles/__idf_tcp_transport.dir/transport_ws.c.obj
[48/997] Building C object esp-idf/esp_wifi/CMakeFiles/__idf_esp_wifi.dir/src/wifi_init.c.obj
[49/997] Building C object esp-idf/esp_wifi/CMakeFiles/__idf_esp_wifi.dir/src/wifi_default_ap.c.obj
[50/997] Building C object esp-idf/esp_wifi/CMakeFiles/__idf_esp_wifi.dir/src/wifi_netif.c.obj
[51/997] Building C object esp-idf/esp_http_client/CMakeFiles/__idf_esp_http_client.dir/esp_http_client.c.obj
[52/997] Building C object esp-idf/esp_coex/CMakeFiles/__idf_esp_coex.dir/src/coexist_debug_diagram.c.obj
[53/997] Building C object esp-idf/esp_coex/CMakeFiles/__idf_esp_coex.dir/src/coexist.c.obj
[54/997] Building C object esp-idf/esp_wifi/CMakeFiles/__idf_esp_wifi.dir/src/wifi_default.c.obj
[55/997] Linking C static library esp-idf/esp_http_client/libesp_http_client.a
[56/997] Building C object esp-idf/esp_coex/CMakeFiles/__idf_esp_coex.dir/src/coexist_debug.c.obj
[57/997] Building C object esp-idf/esp_coex/CMakeFiles/__idf_esp_coex.dir/esp32s3/esp_coex_adapter.c.obj
[58/997] Building C object esp-idf/esp_wifi/CMakeFiles/__idf_esp_wifi.dir/esp32s3/esp_adapter.c.obj
[59/997] Linking C static library esp-idf/tcp_transport/libtcp_transport.a
[60/997] Building C object esp-idf/esp_wifi/CMakeFiles/__idf_esp_wifi.dir/src/smartconfig_ack.c.obj
[61/997] Building C object esp-idf/wpa_supplicant/CMakeFiles/__idf_wpa_supplicant.dir/port/os_xtensa.c.obj
[62/997] Building C object esp-idf/esp-tls/CMakeFiles/__idf_esp-tls.dir/esp_tls.c.obj
[63/997] Building C object esp-idf/wpa_supplicant/CMakeFiles/__idf_wpa_supplicant.dir/port/eloop.c.obj
[64/997] Linking C static library esp-idf/esp_gdbstub/libesp_gdbstub.a
[65/997] Building C object esp-idf/esp-tls/CMakeFiles/__idf_esp-tls.dir/esp_tls_mbedtls.c.obj
[66/997] Building C object esp-idf/wpa_supplicant/CMakeFiles/__idf_wpa_supplicant.dir/src/ap/ap_config.c.obj
[67/997] Linking C static library esp-idf/esp_eth/libesp_eth.a
[68/997] Building C object esp-idf/wpa_supplicant/CMakeFiles/__idf_wpa_supplicant.dir/src/ap/ieee802_1x.c.obj
[69/997] Linking C static library esp-idf/esp_adc/libesp_adc.a
[70/997] Building C object esp-idf/wpa_supplicant/CMakeFiles/__idf_wpa_supplicant.dir/src/ap/wpa_auth_ie.c.obj
[71/997] Building C object esp-idf/wpa_supplicant/CMakeFiles/__idf_wpa_supplicant.dir/src/ap/sta_info.c.obj
[72/997] Building C object esp-idf/wpa_supplicant/CMakeFiles/__idf_wpa_supplicant.dir/src/ap/pmksa_cache_auth.c.obj
[73/997] Building C object esp-idf/wpa_supplicant/CMakeFiles/__idf_wpa_supplicant.dir/src/ap/comeback_token.c.obj
[74/997] Building C object esp-idf/wpa_supplicant/CMakeFiles/__idf_wpa_supplicant.dir/src/ap/ieee802_11.c.obj
[75/997] Linking C static library esp-idf/esp-tls/libesp-tls.a
[76/997] Building C object esp-idf/wpa_supplicant/CMakeFiles/__idf_wpa_supplicant.dir/src/utils/bitfield.c.obj
[77/997] Building C object esp-idf/wpa_supplicant/CMakeFiles/__idf_wpa_supplicant.dir/src/common/dragonfly.c.obj
[78/997] Building C object esp-idf/http_parser/CMakeFiles/__idf_http_parser.dir/http_parser.c.obj
[79/997] Building C object esp-idf/wpa_supplicant/CMakeFiles/__idf_wpa_supplicant.dir/src/crypto/sha256-kdf.c.obj
[80/997] Building C object esp-idf/wpa_supplicant/CMakeFiles/__idf_wpa_supplicant.dir/src/crypto/aes-siv.c.obj
[81/997] Linking C static library esp-idf/http_parser/libhttp_parser.a
[82/997] Building C object esp-idf/wpa_supplicant/CMakeFiles/__idf_wpa_supplicant.dir/src/crypto/crypto_ops.c.obj
[83/997] Building C object esp-idf/wpa_supplicant/CMakeFiles/__idf_wpa_supplicant.dir/src/crypto/ccmp.c.obj
[84/997] Building C object esp-idf/wpa_supplicant/CMakeFiles/__idf_wpa_supplicant.dir/src/crypto/dh_group5.c.obj
[85/997] Building C object esp-idf/wpa_supplicant/CMakeFiles/__idf_wpa_supplicant.dir/src/crypto/aes-gcm.c.obj
[86/997] Building C object esp-idf/wpa_supplicant/CMakeFiles/__idf_wpa_supplicant.dir/src/crypto/dh_groups.c.obj
[87/997] Linking C static library esp-idf/esp_wifi/libesp_wifi.a
[88/997] Building C object esp-idf/wpa_supplicant/CMakeFiles/__idf_wpa_supplicant.dir/src/ap/wpa_auth.c.obj
[89/997] Building C object esp-idf/wpa_supplicant/CMakeFiles/__idf_wpa_supplicant.dir/src/crypto/sha256-tlsprf.c.obj
[90/997] Building C object esp-idf/wpa_supplicant/CMakeFiles/__idf_wpa_supplicant.dir/src/crypto/sha1-tlsprf.c.obj
[91/997] Building C object esp-idf/wpa_supplicant/CMakeFiles/__idf_wpa_supplicant.dir/src/crypto/ms_funcs.c.obj
[92/997] Building C object esp-idf/wpa_supplicant/CMakeFiles/__idf_wpa_supplicant.dir/src/crypto/sha1-prf.c.obj
[93/997] Building C object esp-idf/wpa_supplicant/CMakeFiles/__idf_wpa_supplicant.dir/src/crypto/sha384-prf.c.obj
[94/997] Building C object esp-idf/wpa_supplicant/CMakeFiles/__idf_wpa_supplicant.dir/src/common/wpa_common.c.obj
[95/997] Building C object esp-idf/wpa_supplicant/CMakeFiles/__idf_wpa_supplicant.dir/src/crypto/sha256-prf.c.obj
[96/997] Building C object esp-idf/wpa_supplicant/CMakeFiles/__idf_wpa_supplicant.dir/src/crypto/sha384-tlsprf.c.obj
[97/997] Building C object esp-idf/wpa_supplicant/CMakeFiles/__idf_wpa_supplicant.dir/src/eap_common/eap_wsc_common.c.obj
[98/997] Building C object esp-idf/wpa_supplicant/CMakeFiles/__idf_wpa_supplicant.dir/src/crypto/sha1-tprf.c.obj
[99/997] Building C object esp-idf/wpa_supplicant/CMakeFiles/__idf_wpa_supplicant.dir/src/eap_peer/chap.c.obj
[100/997] Building C object esp-idf/wpa_supplicant/CMakeFiles/__idf_wpa_supplicant.dir/src/crypto/md4-internal.c.obj
[101/997] Building C object esp-idf/wpa_supplicant/CMakeFiles/__idf_wpa_supplicant.dir/src/eap_peer/eap_common.c.obj
[102/997] Building C object esp-idf/wpa_supplicant/CMakeFiles/__idf_wpa_supplicant.dir/src/common/ieee802_11_common.c.obj
[103/997] Building C object esp-idf/wpa_supplicant/CMakeFiles/__idf_wpa_supplicant.dir/src/eap_peer/eap_peap_common.c.obj
[104/997] Building C object esp-idf/wpa_supplicant/CMakeFiles/__idf_wpa_supplicant.dir/src/eap_peer/eap_tls.c.obj
[105/997] Building C object esp-idf/wpa_supplicant/CMakeFiles/__idf_wpa_supplicant.dir/src/eap_peer/mschapv2.c.obj
[106/997] Building C object esp-idf/wpa_supplicant/CMakeFiles/__idf_wpa_supplicant.dir/src/eap_peer/eap_mschapv2.c.obj
[107/997] Building C object esp-idf/wpa_supplicant/CMakeFiles/__idf_wpa_supplicant.dir/src/common/sae.c.obj
[108/997] Building C object esp-idf/wpa_supplicant/CMakeFiles/__idf_wpa_supplicant.dir/src/eap_peer/eap_fast_common.c.obj
[109/997] Building C object esp-idf/wpa_supplicant/CMakeFiles/__idf_wpa_supplicant.dir/src/eap_peer/eap.c.obj
[110/997] Building C object esp-idf/wpa_supplicant/CMakeFiles/__idf_wpa_supplicant.dir/src/eap_peer/eap_tls_common.c.obj
[111/997] Building C object esp-idf/wpa_supplicant/CMakeFiles/__idf_wpa_supplicant.dir/src/eap_peer/eap_peap.c.obj
[112/997] Building C object esp-idf/wpa_supplicant/CMakeFiles/__idf_wpa_supplicant.dir/src/utils/base64.c.obj
[113/997] Building C object esp-idf/wpa_supplicant/CMakeFiles/__idf_wpa_supplicant.dir/src/eap_peer/eap_fast_pac.c.obj
[114/997] Building C object esp-idf/wpa_supplicant/CMakeFiles/__idf_wpa_supplicant.dir/src/rsn_supp/pmksa_cache.c.obj
[115/997] Building C object esp-idf/wpa_supplicant/CMakeFiles/__idf_wpa_supplicant.dir/src/utils/ext_password.c.obj
[116/997] Building C object esp-idf/wpa_supplicant/CMakeFiles/__idf_wpa_supplicant.dir/src/rsn_supp/wpa_ie.c.obj
[117/997] Building C object esp-idf/wpa_supplicant/CMakeFiles/__idf_wpa_supplicant.dir/src/utils/uuid.c.obj
[118/997] Building C object esp-idf/wpa_supplicant/CMakeFiles/__idf_wpa_supplicant.dir/src/utils/wpa_debug.c.obj
[119/997] Building C object esp-idf/wpa_supplicant/CMakeFiles/__idf_wpa_supplicant.dir/src/utils/wpabuf.c.obj
[120/997] Building C object esp-idf/wpa_supplicant/CMakeFiles/__idf_wpa_supplicant.dir/src/eap_peer/eap_ttls.c.obj
[121/997] Building C object esp-idf/wpa_supplicant/CMakeFiles/__idf_wpa_supplicant.dir/src/utils/common.c.obj
[122/997] Building C object esp-idf/wpa_supplicant/CMakeFiles/__idf_wpa_supplicant.dir/src/utils/json.c.obj
[123/997] Building C object esp-idf/wpa_supplicant/CMakeFiles/__idf_wpa_supplicant.dir/src/wps/wps_attr_build.c.obj
[124/997] Building C object esp-idf/wpa_supplicant/CMakeFiles/__idf_wpa_supplicant.dir/src/wps/wps.c.obj
[125/997] Building C object esp-idf/wpa_supplicant/CMakeFiles/__idf_wpa_supplicant.dir/src/wps/wps_attr_process.c.obj
[126/997] Building C object esp-idf/wpa_supplicant/CMakeFiles/__idf_wpa_supplicant.dir/esp_supplicant/src/esp_wpa2_api_port.c.obj
[127/997] Building C object esp-idf/wpa_supplicant/CMakeFiles/__idf_wpa_supplicant.dir/src/wps/wps_attr_parse.c.obj
[128/997] Building C object esp-idf/wpa_supplicant/CMakeFiles/__idf_wpa_supplicant.dir/src/wps/wps_dev_attr.c.obj
[129/997] Building C object esp-idf/wpa_supplicant/CMakeFiles/__idf_wpa_supplicant.dir/src/wps/wps_common.c.obj
[130/997] Building C object esp-idf/wpa_supplicant/CMakeFiles/__idf_wpa_supplicant.dir/src/common/sae_pk.c.obj
[131/997] Building C object esp-idf/wpa_supplicant/CMakeFiles/__idf_wpa_supplicant.dir/esp_supplicant/src/esp_wpas_glue.c.obj
[132/997] Building C object esp-idf/wpa_supplicant/CMakeFiles/__idf_wpa_supplicant.dir/esp_supplicant/src/esp_common.c.obj
[133/997] Building C object esp-idf/wpa_supplicant/CMakeFiles/__idf_wpa_supplicant.dir/esp_supplicant/src/esp_wpa_main.c.obj
[134/997] Building C object esp-idf/wpa_supplicant/CMakeFiles/__idf_wpa_supplicant.dir/src/eap_peer/eap_fast.c.obj
[135/997] Building C object esp-idf/wpa_supplicant/CMakeFiles/__idf_wpa_supplicant.dir/esp_supplicant/src/esp_owe.c.obj
[136/997] Building C object esp-idf/wpa_supplicant/CMakeFiles/__idf_wpa_supplicant.dir/src/rsn_supp/wpa.c.obj
[137/997] Building C object esp-idf/wpa_supplicant/CMakeFiles/__idf_wpa_supplicant.dir/esp_supplicant/src/esp_wpa3.c.obj
[138/997] Building C object esp-idf/wpa_supplicant/CMakeFiles/__idf_wpa_supplicant.dir/esp_supplicant/src/crypto/fastpbkdf2.c.obj
[139/997] Building C object esp-idf/wpa_supplicant/CMakeFiles/__idf_wpa_supplicant.dir/src/wps/wps_enrollee.c.obj
[140/997] Building C object esp-idf/wpa_supplicant/CMakeFiles/__idf_wpa_supplicant.dir/esp_supplicant/src/esp_eap_client.c.obj
[141/997] Building C object esp-idf/wpa_supplicant/CMakeFiles/__idf_wpa_supplicant.dir/esp_supplicant/src/esp_hostap.c.obj
[142/997] Building C object esp-idf/wpa_supplicant/CMakeFiles/__idf_wpa_supplicant.dir/esp_supplicant/src/crypto/crypto_mbedtls-bignum.c.obj
[143/997] Building C object esp-idf/wpa_supplicant/CMakeFiles/__idf_wpa_supplicant.dir/src/crypto/rc4.c.obj
[144/997] Building C object esp-idf/wpa_supplicant/CMakeFiles/__idf_wpa_supplicant.dir/esp_supplicant/src/crypto/crypto_mbedtls.c.obj
[145/997] Building C object esp-idf/wpa_supplicant/CMakeFiles/__idf_wpa_supplicant.dir/src/crypto/aes-wrap.c.obj
[146/997] Building C object esp-idf/wpa_supplicant/CMakeFiles/__idf_wpa_supplicant.dir/src/crypto/des-internal.c.obj
[147/997] Building C object esp-idf/wpa_supplicant/CMakeFiles/__idf_wpa_supplicant.dir/src/crypto/aes-unwrap.c.obj
[148/997] Building C object esp-idf/wpa_supplicant/CMakeFiles/__idf_wpa_supplicant.dir/esp_supplicant/src/crypto/tls_mbedtls.c.obj
[149/997] Building C object esp-idf/wpa_supplicant/CMakeFiles/__idf_wpa_supplicant.dir/esp_supplicant/src/crypto/crypto_mbedtls-rsa.c.obj
[150/997] Linking C static library esp-idf/esp_coex/libesp_coex.a
[151/997] Building C object esp-idf/esp_netif/CMakeFiles/__idf_esp_netif.dir/esp_netif_defaults.c.obj
[152/997] Building C object esp-idf/wpa_supplicant/CMakeFiles/__idf_wpa_supplicant.dir/src/crypto/aes-ccm.c.obj
[153/997] Building C object esp-idf/esp_netif/CMakeFiles/__idf_esp_netif.dir/esp_netif_objects.c.obj
[154/997] Building C object esp-idf/esp_netif/CMakeFiles/__idf_esp_netif.dir/esp_netif_handlers.c.obj
[155/997] Building C object esp-idf/esp_netif/CMakeFiles/__idf_esp_netif.dir/lwip/netif/esp_pbuf_ref.c.obj
[156/997] Building C object esp-idf/esp_netif/CMakeFiles/__idf_esp_netif.dir/lwip/esp_netif_lwip_defaults.c.obj
[157/997] Building C object esp-idf/wpa_supplicant/CMakeFiles/__idf_wpa_supplicant.dir/esp_supplicant/src/esp_wps.c.obj
[158/997] Building C object esp-idf/esp_netif/CMakeFiles/__idf_esp_netif.dir/lwip/netif/ethernetif.c.obj
[159/997] Building C object esp-idf/lwip/CMakeFiles/__idf_lwip.dir/apps/sntp/sntp.c.obj
[160/997] Building C object esp-idf/esp_netif/CMakeFiles/__idf_esp_netif.dir/lwip/esp_netif_sntp.c.obj
[161/997] Building C object esp-idf/esp_netif/CMakeFiles/__idf_esp_netif.dir/lwip/netif/wlanif.c.obj
[162/997] Building C object esp-idf/wpa_supplicant/CMakeFiles/__idf_wpa_supplicant.dir/esp_supplicant/src/crypto/crypto_mbedtls-ec.c.obj
[163/997] Building C object esp-idf/lwip/CMakeFiles/__idf_lwip.dir/lwip/src/api/err.c.obj
[164/997] Building C object esp-idf/lwip/CMakeFiles/__idf_lwip.dir/lwip/src/api/if_api.c.obj
[165/997] Building C object esp-idf/lwip/CMakeFiles/__idf_lwip.dir/lwip/src/api/netbuf.c.obj
[166/997] Building C object esp-idf/lwip/CMakeFiles/__idf_lwip.dir/lwip/src/api/netifapi.c.obj
[167/997] Building C object esp-idf/lwip/CMakeFiles/__idf_lwip.dir/lwip/src/api/api_lib.c.obj
[168/997] Building C object esp-idf/lwip/CMakeFiles/__idf_lwip.dir/lwip/src/api/netdb.c.obj
[169/997] Building C object esp-idf/lwip/CMakeFiles/__idf_lwip.dir/lwip/src/api/tcpip.c.obj
[170/997] Building C object esp-idf/lwip/CMakeFiles/__idf_lwip.dir/lwip/src/apps/sntp/sntp.c.obj
[171/997] Building C object esp-idf/lwip/CMakeFiles/__idf_lwip.dir/lwip/src/apps/netbiosns/netbiosns.c.obj
[172/997] Building C object esp-idf/lwip/CMakeFiles/__idf_lwip.dir/lwip/src/core/def.c.obj
[173/997] Linking C static library esp-idf/wpa_supplicant/libwpa_supplicant.a
[174/997] Building C object esp-idf/lwip/CMakeFiles/__idf_lwip.dir/lwip/src/core/inet_chksum.c.obj
[175/997] Building C object esp-idf/lwip/CMakeFiles/__idf_lwip.dir/lwip/src/core/init.c.obj
[176/997] Building C object esp-idf/lwip/CMakeFiles/__idf_lwip.dir/lwip/src/core/ip.c.obj
[177/997] Building C object esp-idf/lwip/CMakeFiles/__idf_lwip.dir/lwip/src/core/memp.c.obj
[178/997] Building C object esp-idf/lwip/CMakeFiles/__idf_lwip.dir/lwip/src/core/mem.c.obj
[179/997] Building C object esp-idf/lwip/CMakeFiles/__idf_lwip.dir/lwip/src/core/stats.c.obj
[180/997] Building C object esp-idf/lwip/CMakeFiles/__idf_lwip.dir/lwip/src/core/sys.c.obj
[181/997] Building C object esp-idf/lwip/CMakeFiles/__idf_lwip.dir/lwip/src/api/api_msg.c.obj
[182/997] Building C object esp-idf/lwip/CMakeFiles/__idf_lwip.dir/lwip/src/core/raw.c.obj
[183/997] Building C object esp-idf/lwip/CMakeFiles/__idf_lwip.dir/lwip/src/core/dns.c.obj
[184/997] Building C object esp-idf/lwip/CMakeFiles/__idf_lwip.dir/lwip/src/core/pbuf.c.obj
[185/997] Building C object esp-idf/lwip/CMakeFiles/__idf_lwip.dir/lwip/src/core/netif.c.obj
[186/997] Building C object esp-idf/esp_netif/CMakeFiles/__idf_esp_netif.dir/lwip/esp_netif_lwip.c.obj
[187/997] Building C object esp-idf/lwip/CMakeFiles/__idf_lwip.dir/lwip/src/core/ipv4/autoip.c.obj
[188/997] Building C object esp-idf/lwip/CMakeFiles/__idf_lwip.dir/lwip/src/core/timeouts.c.obj
[189/997] Building C object esp-idf/lwip/CMakeFiles/__idf_lwip.dir/lwip/src/core/ipv4/icmp.c.obj
[190/997] Building C object esp-idf/lwip/CMakeFiles/__idf_lwip.dir/lwip/src/api/sockets.c.obj
[191/997] Building C object esp-idf/lwip/CMakeFiles/__idf_lwip.dir/lwip/src/core/ipv4/ip4_napt.c.obj
[192/997] Building C object esp-idf/lwip/CMakeFiles/__idf_lwip.dir/lwip/src/core/tcp.c.obj
[193/997] Building C object esp-idf/lwip/CMakeFiles/__idf_lwip.dir/lwip/src/core/tcp_in.c.obj
[194/997] Building C object esp-idf/lwip/CMakeFiles/__idf_lwip.dir/lwip/src/core/udp.c.obj
[195/997] Building C object esp-idf/lwip/CMakeFiles/__idf_lwip.dir/lwip/src/core/ipv4/etharp.c.obj
[196/997] Building C object esp-idf/lwip/CMakeFiles/__idf_lwip.dir/lwip/src/core/ipv4/igmp.c.obj
[197/997] Building C object esp-idf/lwip/CMakeFiles/__idf_lwip.dir/lwip/src/core/tcp_out.c.obj
[198/997] Building C object esp-idf/lwip/CMakeFiles/__idf_lwip.dir/lwip/src/core/ipv4/ip4.c.obj
[199/997] Building C object esp-idf/lwip/CMakeFiles/__idf_lwip.dir/lwip/src/core/ipv4/ip4_addr.c.obj
[200/997] Building C object esp-idf/lwip/CMakeFiles/__idf_lwip.dir/lwip/src/core/ipv6/dhcp6.c.obj
[201/997] Building C object esp-idf/lwip/CMakeFiles/__idf_lwip.dir/lwip/src/core/ipv4/ip4_frag.c.obj
[202/997] Building C object esp-idf/lwip/CMakeFiles/__idf_lwip.dir/lwip/src/core/ipv6/ethip6.c.obj
[203/997] Building C object esp-idf/lwip/CMakeFiles/__idf_lwip.dir/lwip/src/core/ipv6/inet6.c.obj
[204/997] Building C object esp-idf/lwip/CMakeFiles/__idf_lwip.dir/lwip/src/core/ipv6/icmp6.c.obj
[205/997] Building C object esp-idf/lwip/CMakeFiles/__idf_lwip.dir/lwip/src/core/ipv6/ip6_frag.c.obj
[206/997] Building C object esp-idf/lwip/CMakeFiles/__idf_lwip.dir/lwip/src/core/ipv6/ip6_addr.c.obj
[207/997] Building C object esp-idf/lwip/CMakeFiles/__idf_lwip.dir/lwip/src/core/ipv6/mld6.c.obj
[208/997] Building C object esp-idf/lwip/CMakeFiles/__idf_lwip.dir/lwip/src/core/ipv4/dhcp.c.obj
[209/997] Building C object esp-idf/lwip/CMakeFiles/__idf_lwip.dir/lwip/src/netif/bridgeif.c.obj
[210/997] Building C object esp-idf/lwip/CMakeFiles/__idf_lwip.dir/lwip/src/netif/ethernet.c.obj
[211/997] Building C object esp-idf/lwip/CMakeFiles/__idf_lwip.dir/lwip/src/netif/bridgeif_fdb.c.obj
[212/997] Building C object esp-idf/lwip/CMakeFiles/__idf_lwip.dir/lwip/src/core/ipv6/ip6.c.obj
[213/997] Building C object esp-idf/lwip/CMakeFiles/__idf_lwip.dir/lwip/src/netif/ppp/auth.c.obj
[214/997] Building C object esp-idf/lwip/CMakeFiles/__idf_lwip.dir/lwip/src/netif/ppp/ccp.c.obj
[215/997] Building C object esp-idf/lwip/CMakeFiles/__idf_lwip.dir/lwip/src/netif/slipif.c.obj
[216/997] Building C object esp-idf/lwip/CMakeFiles/__idf_lwip.dir/lwip/src/netif/ppp/chap-md5.c.obj
[217/997] Building C object esp-idf/lwip/CMakeFiles/__idf_lwip.dir/lwip/src/netif/ppp/chap-new.c.obj
[218/997] Building C object esp-idf/lwip/CMakeFiles/__idf_lwip.dir/lwip/src/core/ipv6/nd6.c.obj
[219/997] Building C object esp-idf/lwip/CMakeFiles/__idf_lwip.dir/lwip/src/netif/ppp/demand.c.obj
[220/997] Building C object esp-idf/lwip/CMakeFiles/__idf_lwip.dir/lwip/src/netif/ppp/eap.c.obj
[221/997] Building C object esp-idf/lwip/CMakeFiles/__idf_lwip.dir/lwip/src/netif/ppp/eui64.c.obj
[222/997] Building C object esp-idf/lwip/CMakeFiles/__idf_lwip.dir/lwip/src/netif/ppp/chap_ms.c.obj
[223/997] Building C object esp-idf/lwip/CMakeFiles/__idf_lwip.dir/lwip/src/netif/ppp/fsm.c.obj
[224/997] Building C object esp-idf/lwip/CMakeFiles/__idf_lwip.dir/lwip/src/netif/ppp/ecp.c.obj
[225/997] Building C object esp-idf/lwip/CMakeFiles/__idf_lwip.dir/lwip/src/netif/ppp/ipcp.c.obj
[226/997] Building C object esp-idf/lwip/CMakeFiles/__idf_lwip.dir/lwip/src/netif/ppp/ipv6cp.c.obj
[227/997] Building C object esp-idf/lwip/CMakeFiles/__idf_lwip.dir/lwip/src/netif/ppp/lcp.c.obj
[228/997] Building C object esp-idf/lwip/CMakeFiles/__idf_lwip.dir/lwip/src/netif/ppp/magic.c.obj
[229/997] Building C object esp-idf/lwip/CMakeFiles/__idf_lwip.dir/lwip/src/netif/ppp/multilink.c.obj
[230/997] Building C object esp-idf/lwip/CMakeFiles/__idf_lwip.dir/lwip/src/netif/ppp/mppe.c.obj
[231/997] Building C object esp-idf/lwip/CMakeFiles/__idf_lwip.dir/lwip/src/netif/ppp/pppoe.c.obj
[232/997] Building C object esp-idf/lwip/CMakeFiles/__idf_lwip.dir/lwip/src/netif/ppp/pppapi.c.obj
[233/997] Building C object esp-idf/lwip/CMakeFiles/__idf_lwip.dir/lwip/src/netif/ppp/ppp.c.obj
[234/997] Building C object esp-idf/lwip/CMakeFiles/__idf_lwip.dir/lwip/src/netif/ppp/pppcrypt.c.obj
[235/997] Building C object esp-idf/lwip/CMakeFiles/__idf_lwip.dir/lwip/src/netif/ppp/pppol2tp.c.obj
[236/997] Building C object esp-idf/lwip/CMakeFiles/__idf_lwip.dir/lwip/src/netif/ppp/pppos.c.obj
[237/997] Building C object esp-idf/lwip/CMakeFiles/__idf_lwip.dir/lwip/src/netif/ppp/upap.c.obj
[238/997] Building C object esp-idf/lwip/CMakeFiles/__idf_lwip.dir/lwip/src/netif/ppp/utils.c.obj
[239/997] Building C object esp-idf/lwip/CMakeFiles/__idf_lwip.dir/port/hooks/tcp_isn_default.c.obj
[240/997] Building C object esp-idf/lwip/CMakeFiles/__idf_lwip.dir/lwip/src/netif/ppp/vj.c.obj
[241/997] Building C object esp-idf/lwip/CMakeFiles/__idf_lwip.dir/port/hooks/lwip_default_hooks.c.obj
[242/997] Building C object esp-idf/lwip/CMakeFiles/__idf_lwip.dir/port/sockets_ext.c.obj
[243/997] Linking C static library esp-idf/esp_netif/libesp_netif.a
[244/997] Building C object esp-idf/lwip/CMakeFiles/__idf_lwip.dir/apps/ping/ping.c.obj
[245/997] Building C object esp-idf/lwip/CMakeFiles/__idf_lwip.dir/apps/ping/esp_ping.c.obj
[246/997] Building C object esp-idf/lwip/CMakeFiles/__idf_lwip.dir/port/freertos/sys_arch.c.obj
[247/997] Building C object esp-idf/lwip/CMakeFiles/__idf_lwip.dir/port/debug/lwip_debug.c.obj
[248/997] Building C object esp-idf/lwip/CMakeFiles/__idf_lwip.dir/port/esp32xx/vfs_lwip.c.obj
[249/997] Building C object esp-idf/lwip/CMakeFiles/__idf_lwip.dir/apps/ping/ping_sock.c.obj
[250/997] Building C object esp-idf/esp_phy/CMakeFiles/__idf_esp_phy.dir/src/phy_override.c.obj
[251/997] Building C object esp-idf/vfs/CMakeFiles/__idf_vfs.dir/vfs_console.c.obj
[252/997] Building C object esp-idf/esp_phy/CMakeFiles/__idf_esp_phy.dir/src/lib_printf.c.obj
[253/997] Building C object esp-idf/esp_phy/CMakeFiles/__idf_esp_phy.dir/src/phy_common.c.obj
[254/997] Building C object esp-idf/vfs/CMakeFiles/__idf_vfs.dir/vfs_usb_serial_jtag.c.obj
[255/997] Building C object esp-idf/vfs/CMakeFiles/__idf_vfs.dir/vfs_eventfd.c.obj
[256/997] Building C object esp-idf/esp_phy/CMakeFiles/__idf_esp_phy.dir/src/btbb_init.c.obj
[257/997] Building C object esp-idf/lwip/CMakeFiles/__idf_lwip.dir/apps/dhcpserver/dhcpserver.c.obj
[258/997] Building C object esp-idf/vfs/CMakeFiles/__idf_vfs.dir/vfs_uart.c.obj
[259/997] Building C object esp-idf/vfs/CMakeFiles/__idf_vfs.dir/vfs_semihost.c.obj
[260/997] Building C object esp-idf/esp_phy/CMakeFiles/__idf_esp_phy.dir/src/phy_init.c.obj
[261/997] Building C object esp-idf/vfs/CMakeFiles/__idf_vfs.dir/vfs.c.obj
[262/997] Linking C static library esp-idf/lwip/liblwip.a
[263/997] Linking C static library esp-idf/vfs/libvfs.a
[264/997] Building CXX object esp-idf/nvs_flash/CMakeFiles/__idf_nvs_flash.dir/src/nvs_partition.cpp.obj
[265/997] Building CXX object esp-idf/nvs_flash/CMakeFiles/__idf_nvs_flash.dir/src/nvs_partition_lookup.cpp.obj
[266/997] Building CXX object esp-idf/nvs_flash/CMakeFiles/__idf_nvs_flash.dir/src/nvs_item_hash_list.cpp.obj
[267/997] Building CXX object esp-idf/nvs_flash/CMakeFiles/__idf_nvs_flash.dir/src/nvs_pagemanager.cpp.obj
[268/997] Building CXX object esp-idf/nvs_flash/CMakeFiles/__idf_nvs_flash.dir/src/nvs_cxx_api.cpp.obj
[269/997] Building CXX object esp-idf/nvs_flash/CMakeFiles/__idf_nvs_flash.dir/src/nvs_handle_locked.cpp.obj
[270/997] Building CXX object esp-idf/nvs_flash/CMakeFiles/__idf_nvs_flash.dir/src/nvs_handle_simple.cpp.obj
[271/997] Building CXX object esp-idf/nvs_flash/CMakeFiles/__idf_nvs_flash.dir/src/nvs_platform.cpp.obj
[272/997] Linking C static library esp-idf/esp_phy/libesp_phy.a
[273/997] Building C object esp-idf/esp_event/CMakeFiles/__idf_esp_event.dir/default_event_loop.c.obj
[274/997] Building C object esp-idf/esp_event/CMakeFiles/__idf_esp_event.dir/esp_event_private.c.obj
[275/997] Building CXX object esp-idf/cxx/CMakeFiles/__idf_cxx.dir/cxx_exception_stubs.cpp.obj
[276/997] Building CXX object esp-idf/nvs_flash/CMakeFiles/__idf_nvs_flash.dir/src/nvs_page.cpp.obj
[277/997] Building C object esp-idf/newlib/CMakeFiles/__idf_newlib.dir/abort.c.obj
[278/997] Building C object esp-idf/newlib/CMakeFiles/__idf_newlib.dir/assert.c.obj
[279/997] Building C object esp-idf/esp_event/CMakeFiles/__idf_esp_event.dir/esp_event.c.obj
[280/997] Building C object esp-idf/newlib/CMakeFiles/__idf_newlib.dir/heap.c.obj
[281/997] Building C object esp-idf/newlib/CMakeFiles/__idf_newlib.dir/poll.c.obj
[282/997] Building C object esp-idf/newlib/CMakeFiles/__idf_newlib.dir/random.c.obj
[283/997] Building C object esp-idf/newlib/CMakeFiles/__idf_newlib.dir/pthread.c.obj
[284/997] Building C object esp-idf/newlib/CMakeFiles/__idf_newlib.dir/reent_init.c.obj
[285/997] Building C object esp-idf/newlib/CMakeFiles/__idf_newlib.dir/locks.c.obj
[286/997] Building CXX object esp-idf/nvs_flash/CMakeFiles/__idf_nvs_flash.dir/src/nvs_types.cpp.obj
[287/997] Building CXX object esp-idf/cxx/CMakeFiles/__idf_cxx.dir/cxx_guards.cpp.obj
[288/997] Building C object esp-idf/newlib/CMakeFiles/__idf_newlib.dir/termios.c.obj
[289/997] Building C object esp-idf/newlib/CMakeFiles/__idf_newlib.dir/newlib_init.c.obj
[290/997] Building C object esp-idf/newlib/CMakeFiles/__idf_newlib.dir/sysconf.c.obj
[291/997] Building C object esp-idf/newlib/CMakeFiles/__idf_newlib.dir/syscalls.c.obj
[292/997] Building CXX object esp-idf/nvs_flash/CMakeFiles/__idf_nvs_flash.dir/src/nvs_api.cpp.obj
[293/997] Building CXX object esp-idf/nvs_flash/CMakeFiles/__idf_nvs_flash.dir/src/nvs_storage.cpp.obj
[294/997] Building C object esp-idf/newlib/CMakeFiles/__idf_newlib.dir/realpath.c.obj
[295/997] Building C object esp-idf/newlib/CMakeFiles/__idf_newlib.dir/port/esp_time_impl.c.obj
[296/997] Building C object esp-idf/freertos/CMakeFiles/__idf_freertos.dir/heap_idf.c.obj
[297/997] Building C object esp-idf/newlib/CMakeFiles/__idf_newlib.dir/time.c.obj
[298/997] Building C object esp-idf/freertos/CMakeFiles/__idf_freertos.dir/FreeRTOS-Kernel/list.c.obj
[299/997] Building C object esp-idf/freertos/CMakeFiles/__idf_freertos.dir/esp_additions/idf_additions.c.obj
[300/997] Building C object esp-idf/freertos/CMakeFiles/__idf_freertos.dir/FreeRTOS-Kernel/croutine.c.obj
[301/997] Building C object esp-idf/newlib/CMakeFiles/__idf_newlib.dir/stdatomic.c.obj
[302/997] Building C object esp-idf/freertos/CMakeFiles/__idf_freertos.dir/FreeRTOS-Kernel/event_groups.c.obj
[303/997] Building C object esp-idf/freertos/CMakeFiles/__idf_freertos.dir/app_startup.c.obj
[304/997] Building C object esp-idf/freertos/CMakeFiles/__idf_freertos.dir/FreeRTOS-Kernel/timers.c.obj
[305/997] Building C object esp-idf/freertos/CMakeFiles/__idf_freertos.dir/FreeRTOS-openocd.c.obj
[306/997] Building C object esp-idf/freertos/CMakeFiles/__idf_freertos.dir/FreeRTOS-Kernel/portable/xtensa/port.c.obj
[307/997] Building ASM object esp-idf/freertos/CMakeFiles/__idf_freertos.dir/FreeRTOS-Kernel/portable/xtensa/portasm.S.obj
[308/997] Building ASM object esp-idf/freertos/CMakeFiles/__idf_freertos.dir/FreeRTOS-Kernel/portable/xtensa/xtensa_context.S.obj
[309/997] Building C object esp-idf/freertos/CMakeFiles/__idf_freertos.dir/port_common.c.obj
[310/997] Building C object esp-idf/freertos/CMakeFiles/__idf_freertos.dir/FreeRTOS-Kernel/stream_buffer.c.obj
[311/997] Building C object esp-idf/freertos/CMakeFiles/__idf_freertos.dir/FreeRTOS-Kernel/portable/xtensa/xtensa_init.c.obj
[312/997] Building C object esp-idf/freertos/CMakeFiles/__idf_freertos.dir/FreeRTOS-Kernel/queue.c.obj
[313/997] Building C object esp-idf/freertos/CMakeFiles/__idf_freertos.dir/esp_additions/freertos_v8_compat.c.obj
[314/997] Building C object esp-idf/freertos/CMakeFiles/__idf_freertos.dir/FreeRTOS-Kernel/portable/port_systick.c.obj
[315/997] Building ASM object esp-idf/freertos/CMakeFiles/__idf_freertos.dir/FreeRTOS-Kernel/portable/xtensa/xtensa_vectors.S.obj
[316/997] Building C object esp-idf/freertos/CMakeFiles/__idf_freertos.dir/FreeRTOS-Kernel/portable/xtensa/xtensa_overlay_os_hook.c.obj
[317/997] Building CXX object esp-idf/nvs_flash/CMakeFiles/__idf_nvs_flash.dir/src/nvs_partition_manager.cpp.obj
[318/997] Building C object esp-idf/esp_hw_support/CMakeFiles/__idf_esp_hw_support.dir/esp_memory_utils.c.obj
[319/997] Building C object esp-idf/esp_hw_support/CMakeFiles/__idf_esp_hw_support.dir/cpu.c.obj
[320/997] Building C object esp-idf/esp_hw_support/CMakeFiles/__idf_esp_hw_support.dir/port/esp32s3/cpu_region_protect.c.obj
[321/997] Building C object esp-idf/esp_hw_support/CMakeFiles/__idf_esp_hw_support.dir/port/esp32s3/esp_cpu_intr.c.obj
[322/997] Building C object esp-idf/esp_hw_support/CMakeFiles/__idf_esp_hw_support.dir/hw_random.c.obj
[323/997] Building C object esp-idf/esp_hw_support/CMakeFiles/__idf_esp_hw_support.dir/revision.c.obj
[324/997] Linking C static library esp-idf/nvs_flash/libnvs_flash.a
[325/997] Building C object esp-idf/esp_hw_support/CMakeFiles/__idf_esp_hw_support.dir/clk_ctrl_os.c.obj
[326/997] Building C object esp-idf/esp_hw_support/CMakeFiles/__idf_esp_hw_support.dir/esp_clk.c.obj
[327/997] Building C object esp-idf/esp_hw_support/CMakeFiles/__idf_esp_hw_support.dir/mac_addr.c.obj
[328/997] Linking C static library esp-idf/esp_event/libesp_event.a
[329/997] Building C object esp-idf/esp_hw_support/CMakeFiles/__idf_esp_hw_support.dir/sleep_console.c.obj
[330/997] Building C object esp-idf/esp_hw_support/CMakeFiles/__idf_esp_hw_support.dir/sleep_event.c.obj
[331/997] Building C object esp-idf/esp_hw_support/CMakeFiles/__idf_esp_hw_support.dir/rtc_module.c.obj
[332/997] Building C object esp-idf/esp_hw_support/CMakeFiles/__idf_esp_hw_support.dir/periph_ctrl.c.obj
[333/997] Building C object esp-idf/esp_hw_support/CMakeFiles/__idf_esp_hw_support.dir/sleep_modem.c.obj
[334/997] Linking C static library esp-idf/cxx/libcxx.a
[335/997] Building C object esp-idf/esp_hw_support/CMakeFiles/__idf_esp_hw_support.dir/esp_gpio_reserve.c.obj
[336/997] Building C object esp-idf/esp_hw_support/CMakeFiles/__idf_esp_hw_support.dir/regi2c_ctrl.c.obj
[337/997] Building C object esp-idf/esp_hw_support/CMakeFiles/__idf_esp_hw_support.dir/port/esp32s3/io_mux.c.obj
[338/997] Building C object esp-idf/esp_hw_support/CMakeFiles/__idf_esp_hw_support.dir/intr_alloc.c.obj
[339/997] Building C object esp-idf/freertos/CMakeFiles/__idf_freertos.dir/FreeRTOS-Kernel/tasks.c.obj
[340/997] Linking C static library esp-idf/newlib/libnewlib.a
[341/997] Building C object esp-idf/esp_hw_support/CMakeFiles/__idf_esp_hw_support.dir/sar_periph_ctrl_common.c.obj
[342/997] Building C object esp-idf/esp_hw_support/CMakeFiles/__idf_esp_hw_support.dir/port/esp32s3/esp_clk_tree.c.obj
[343/997] Building C object esp-idf/esp_hw_support/CMakeFiles/__idf_esp_hw_support.dir/sleep_gpio.c.obj
[344/997] Building C object esp-idf/esp_hw_support/CMakeFiles/__idf_esp_hw_support.dir/port/esp_clk_tree_common.c.obj
[345/997] Building C object esp-idf/esp_hw_support/CMakeFiles/__idf_esp_hw_support.dir/port/esp32s3/systimer.c.obj
[346/997] Building C object esp-idf/esp_hw_support/CMakeFiles/__idf_esp_hw_support.dir/adc_share_hw_ctrl.c.obj
[347/997] Building C object esp-idf/esp_hw_support/CMakeFiles/__idf_esp_hw_support.dir/esp_hmac.c.obj
[348/997] Building C object esp-idf/esp_hw_support/CMakeFiles/__idf_esp_hw_support.dir/dma/async_memcpy_impl_gdma.c.obj
[349/997] Building C object esp-idf/esp_hw_support/CMakeFiles/__idf_esp_hw_support.dir/esp_ds.c.obj
[350/997] Building C object esp-idf/esp_hw_support/CMakeFiles/__idf_esp_hw_support.dir/sleep_cpu.c.obj
[351/997] Building C object esp-idf/esp_hw_support/CMakeFiles/__idf_esp_hw_support.dir/port/esp32s3/mspi_timing_config.c.obj
[352/997] Building C object esp-idf/esp_hw_support/CMakeFiles/__idf_esp_hw_support.dir/mspi_timing_tuning.c.obj
[353/997] Building C object esp-idf/esp_hw_support/CMakeFiles/__idf_esp_hw_support.dir/dma/esp_async_memcpy.c.obj
[354/997] Building C object esp-idf/esp_hw_support/CMakeFiles/__idf_esp_hw_support.dir/sleep_wake_stub.c.obj
[355/997] Building C object esp-idf/esp_hw_support/CMakeFiles/__idf_esp_hw_support.dir/port/esp32s3/rtc_clk_init.c.obj
[356/997] Building C object esp-idf/esp_hw_support/CMakeFiles/__idf_esp_hw_support.dir/port/esp32s3/esp_crypto_lock.c.obj
[357/997] Building C object esp-idf/esp_hw_support/CMakeFiles/__idf_esp_hw_support.dir/port/esp32s3/chip_info.c.obj
[358/997] Building C object esp-idf/esp_hw_support/CMakeFiles/__idf_esp_hw_support.dir/port/esp32s3/rtc_time.c.obj
[359/997] Building C object esp-idf/esp_hw_support/CMakeFiles/__idf_esp_hw_support.dir/port/esp32s3/rtc_sleep.c.obj
[360/997] Building C object esp-idf/esp_hw_support/CMakeFiles/__idf_esp_hw_support.dir/port/esp32s3/rtc_clk.c.obj
[361/997] Building C object esp-idf/esp_hw_support/CMakeFiles/__idf_esp_hw_support.dir/port/esp_memprot_conv.c.obj
[362/997] Building C object esp-idf/soc/CMakeFiles/__idf_soc.dir/dport_access_common.c.obj
[363/997] Building C object esp-idf/soc/CMakeFiles/__idf_soc.dir/lldesc.c.obj
[364/997] Building C object esp-idf/soc/CMakeFiles/__idf_soc.dir/esp32s3/interrupts.c.obj
[365/997] Building C object esp-idf/esp_hw_support/CMakeFiles/__idf_esp_hw_support.dir/port/esp32s3/sar_periph_ctrl.c.obj
[366/997] Building C object esp-idf/esp_hw_support/CMakeFiles/__idf_esp_hw_support.dir/port/esp32s3/rtc_init.c.obj
[367/997] Building C object esp-idf/soc/CMakeFiles/__idf_soc.dir/esp32s3/gpio_periph.c.obj
[368/997] Linking C static library esp-idf/freertos/libfreertos.a
[369/997] Building C object esp-idf/soc/CMakeFiles/__idf_soc.dir/esp32s3/uart_periph.c.obj
[370/997] Building C object esp-idf/soc/CMakeFiles/__idf_soc.dir/esp32s3/adc_periph.c.obj
[371/997] Building C object esp-idf/soc/CMakeFiles/__idf_soc.dir/esp32s3/dedic_gpio_periph.c.obj
[372/997] Building C object esp-idf/soc/CMakeFiles/__idf_soc.dir/esp32s3/gdma_periph.c.obj
[373/997] Building C object esp-idf/soc/CMakeFiles/__idf_soc.dir/esp32s3/ledc_periph.c.obj
[374/997] Building C object esp-idf/soc/CMakeFiles/__idf_soc.dir/esp32s3/rmt_periph.c.obj
[375/997] Building C object esp-idf/soc/CMakeFiles/__idf_soc.dir/esp32s3/sdm_periph.c.obj
[376/997] Building C object esp-idf/soc/CMakeFiles/__idf_soc.dir/esp32s3/pcnt_periph.c.obj
[377/997] Building C object esp-idf/soc/CMakeFiles/__idf_soc.dir/esp32s3/spi_periph.c.obj
[378/997] Building C object esp-idf/soc/CMakeFiles/__idf_soc.dir/esp32s3/i2c_periph.c.obj
[379/997] Building C object esp-idf/soc/CMakeFiles/__idf_soc.dir/esp32s3/i2s_periph.c.obj
[380/997] Building C object esp-idf/esp_hw_support/CMakeFiles/__idf_esp_hw_support.dir/sleep_modes.c.obj
[381/997] Building C object esp-idf/soc/CMakeFiles/__idf_soc.dir/esp32s3/temperature_sensor_periph.c.obj
[382/997] Building C object esp-idf/soc/CMakeFiles/__idf_soc.dir/esp32s3/lcd_periph.c.obj
[383/997] Building C object esp-idf/soc/CMakeFiles/__idf_soc.dir/esp32s3/timer_periph.c.obj
[384/997] Building C object esp-idf/soc/CMakeFiles/__idf_soc.dir/esp32s3/sdmmc_periph.c.obj
[385/997] Building C object esp-idf/soc/CMakeFiles/__idf_soc.dir/esp32s3/usb_periph.c.obj
[386/997] Building C object esp-idf/soc/CMakeFiles/__idf_soc.dir/esp32s3/mcpwm_periph.c.obj
[387/997] Building C object esp-idf/soc/CMakeFiles/__idf_soc.dir/esp32s3/twai_periph.c.obj
[388/997] Building C object esp-idf/soc/CMakeFiles/__idf_soc.dir/esp32s3/usb_dwc_periph.c.obj
[389/997] Building C object esp-idf/esp_hw_support/CMakeFiles/__idf_esp_hw_support.dir/dma/gdma.c.obj
[390/997] Building C object esp-idf/soc/CMakeFiles/__idf_soc.dir/esp32s3/touch_sensor_periph.c.obj
[391/997] Building C object esp-idf/soc/CMakeFiles/__idf_soc.dir/esp32s3/rtc_io_periph.c.obj
[392/997] Building C object esp-idf/heap/CMakeFiles/__idf_heap.dir/port/memory_layout_utils.c.obj
[393/997] Building C object esp-idf/heap/CMakeFiles/__idf_heap.dir/heap_caps_base.c.obj
[394/997] Building C object esp-idf/heap/CMakeFiles/__idf_heap.dir/port/esp32s3/memory_layout.c.obj
[395/997] Building C object esp-idf/heap/CMakeFiles/__idf_heap.dir/heap_caps_init.c.obj
[396/997] Building C object esp-idf/log/CMakeFiles/__idf_log.dir/log.c.obj
[397/997] Building C object esp-idf/heap/CMakeFiles/__idf_heap.dir/multi_heap.c.obj
[398/997] Building C object esp-idf/heap/CMakeFiles/__idf_heap.dir/heap_caps.c.obj
[399/997] Building C object esp-idf/log/CMakeFiles/__idf_log.dir/log_buffers.c.obj
[400/997] Building C object esp-idf/hal/CMakeFiles/__idf_hal.dir/mpu_hal.c.obj
[401/997] Building C object esp-idf/hal/CMakeFiles/__idf_hal.dir/efuse_hal.c.obj
[402/997] Building C object esp-idf/hal/CMakeFiles/__idf_hal.dir/gpio_hal.c.obj
[403/997] Building C object esp-idf/hal/CMakeFiles/__idf_hal.dir/esp32s3/efuse_hal.c.obj
[404/997] Building C object esp-idf/log/CMakeFiles/__idf_log.dir/log_freertos.c.obj
[405/997] Building C object esp-idf/hal/CMakeFiles/__idf_hal.dir/cache_hal.c.obj
[406/997] Building C object esp-idf/hal/CMakeFiles/__idf_hal.dir/rtc_io_hal.c.obj
[407/997] Building C object esp-idf/hal/CMakeFiles/__idf_hal.dir/uart_hal.c.obj
[408/997] Building C object esp-idf/hal/CMakeFiles/__idf_hal.dir/uart_hal_iram.c.obj
[409/997] Building C object esp-idf/hal/CMakeFiles/__idf_hal.dir/mmu_hal.c.obj
[410/997] Building C object esp-idf/hal/CMakeFiles/__idf_hal.dir/esp32s3/clk_tree_hal.c.obj
[411/997] Building C object esp-idf/hal/CMakeFiles/__idf_hal.dir/adc_hal_common.c.obj
[412/997] Building C object esp-idf/hal/CMakeFiles/__idf_hal.dir/spi_flash_encrypt_hal_iram.c.obj
[413/997] Building C object esp-idf/hal/CMakeFiles/__idf_hal.dir/adc_oneshot_hal.c.obj
[414/997] Building C object esp-idf/hal/CMakeFiles/__idf_hal.dir/spi_flash_hal.c.obj
[415/997] Building C object esp-idf/hal/CMakeFiles/__idf_hal.dir/ledc_hal.c.obj
[416/997] Building C object esp-idf/hal/CMakeFiles/__idf_hal.dir/systimer_hal.c.obj
[417/997] Building C object esp-idf/hal/CMakeFiles/__idf_hal.dir/timer_hal.c.obj
[418/997] Building C object esp-idf/esp_hw_support/CMakeFiles/__idf_esp_hw_support.dir/port/esp32s3/esp_memprot.c.obj
[419/997] Building C object esp-idf/hal/CMakeFiles/__idf_hal.dir/ledc_hal_iram.c.obj
[420/997] Building C object esp-idf/hal/CMakeFiles/__idf_hal.dir/i2c_hal.c.obj
[421/997] Building C object esp-idf/hal/CMakeFiles/__idf_hal.dir/spi_flash_hal_iram.c.obj
[422/997] Building C object esp-idf/hal/CMakeFiles/__idf_hal.dir/i2c_hal_iram.c.obj
[423/997] Building C object esp-idf/hal/CMakeFiles/__idf_hal.dir/pcnt_hal.c.obj
[424/997] Building C object esp-idf/hal/CMakeFiles/__idf_hal.dir/rmt_hal.c.obj
[425/997] Building C object esp-idf/hal/CMakeFiles/__idf_hal.dir/mcpwm_hal.c.obj
[426/997] Building C object esp-idf/hal/CMakeFiles/__idf_hal.dir/sdm_hal.c.obj
[427/997] Building C object esp-idf/hal/CMakeFiles/__idf_hal.dir/gdma_hal.c.obj
[428/997] Building C object esp-idf/hal/CMakeFiles/__idf_hal.dir/twai_hal_iram.c.obj
[429/997] Building C object esp-idf/heap/CMakeFiles/__idf_heap.dir/tlsf/tlsf.c.obj
[430/997] Building C object esp-idf/hal/CMakeFiles/__idf_hal.dir/lcd_hal.c.obj
[431/997] Building C object esp-idf/hal/CMakeFiles/__idf_hal.dir/twai_hal.c.obj
[432/997] Building C object esp-idf/hal/CMakeFiles/__idf_hal.dir/sha_hal.c.obj
[433/997] Building C object esp-idf/hal/CMakeFiles/__idf_hal.dir/brownout_hal.c.obj
[434/997] Building C object esp-idf/hal/CMakeFiles/__idf_hal.dir/aes_hal.c.obj
[435/997] Building C object esp-idf/hal/CMakeFiles/__idf_hal.dir/spi_slave_hal.c.obj
[436/997] Building C object esp-idf/hal/CMakeFiles/__idf_hal.dir/spi_slave_hal_iram.c.obj
[437/997] Linking C static library esp-idf/esp_hw_support/libesp_hw_support.a
[438/997] Building C object esp-idf/hal/CMakeFiles/__idf_hal.dir/ds_hal.c.obj
[439/997] Building C object esp-idf/hal/CMakeFiles/__idf_hal.dir/hmac_hal.c.obj
[440/997] Building C object esp-idf/hal/CMakeFiles/__idf_hal.dir/adc_hal.c.obj
[441/997] Building C object esp-idf/hal/CMakeFiles/__idf_hal.dir/i2s_hal.c.obj
[442/997] Building C object esp-idf/hal/CMakeFiles/__idf_hal.dir/spi_hal.c.obj
[443/997] Building C object esp-idf/hal/CMakeFiles/__idf_hal.dir/usb_serial_jtag_hal.c.obj
[444/997] Building C object esp-idf/hal/CMakeFiles/__idf_hal.dir/spi_hal_iram.c.obj
[445/997] Building C object esp-idf/hal/CMakeFiles/__idf_hal.dir/usb_wrap_hal.c.obj
[446/997] Building C object esp-idf/esp_rom/CMakeFiles/__idf_esp_rom.dir/patches/esp_rom_crc.c.obj
[447/997] Building C object esp-idf/hal/CMakeFiles/__idf_hal.dir/xt_wdt_hal.c.obj
[448/997] Building C object esp-idf/hal/CMakeFiles/__idf_hal.dir/touch_sensor_hal.c.obj
[449/997] Building C object esp-idf/hal/CMakeFiles/__idf_hal.dir/esp32s3/rtc_cntl_hal.c.obj
[450/997] Linking C static library esp-idf/soc/libsoc.a
[451/997] Building C object esp-idf/esp_rom/CMakeFiles/__idf_esp_rom.dir/patches/esp_rom_sys.c.obj
[452/997] Building C object esp-idf/esp_rom/CMakeFiles/__idf_esp_rom.dir/patches/esp_rom_uart.c.obj
[453/997] Building C object esp-idf/hal/CMakeFiles/__idf_hal.dir/esp32s3/touch_sensor_hal.c.obj
[454/997] Building C object esp-idf/esp_rom/CMakeFiles/__idf_esp_rom.dir/patches/esp_rom_efuse.c.obj
[455/997] Building C object esp-idf/hal/CMakeFiles/__idf_hal.dir/spi_flash_hal_gpspi.c.obj
[456/997] Building ASM object esp-idf/esp_rom/CMakeFiles/__idf_esp_rom.dir/patches/esp_rom_longjmp.S.obj
[457/997] Building C object esp-idf/esp_rom/CMakeFiles/__idf_esp_rom.dir/patches/esp_rom_spiflash.c.obj
[458/997] Building C object esp-idf/esp_rom/CMakeFiles/__idf_esp_rom.dir/patches/esp_rom_gpio.c.obj
[459/997] Linking C static library esp-idf/heap/libheap.a
[460/997] Building ASM object esp-idf/esp_rom/CMakeFiles/__idf_esp_rom.dir/patches/esp_rom_cache_writeback_esp32s3.S.obj
[461/997] Building C object esp-idf/hal/CMakeFiles/__idf_hal.dir/spi_slave_hd_hal.c.obj
[462/997] Building C object esp-idf/esp_rom/CMakeFiles/__idf_esp_rom.dir/patches/esp_rom_systimer.c.obj
[463/997] Building C object esp-idf/esp_rom/CMakeFiles/__idf_esp_rom.dir/patches/esp_rom_wdt.c.obj
[464/997] Linking C static library esp-idf/log/liblog.a
[465/997] Building C object esp-idf/esp_rom/CMakeFiles/__idf_esp_rom.dir/patches/esp_rom_cache_esp32s2_esp32s3.c.obj
[466/997] Building C object esp-idf/hal/CMakeFiles/__idf_hal.dir/usb_dwc_hal.c.obj
[467/997] Building C object esp-idf/esp_system/CMakeFiles/__idf_esp_system.dir/esp_err.c.obj
[468/997] Building C object esp-idf/esp_system/CMakeFiles/__idf_esp_system.dir/crosscore_int.c.obj
[469/997] Building C object esp-idf/esp_system/CMakeFiles/__idf_esp_system.dir/esp_ipc.c.obj
[470/997] Building C object esp-idf/esp_system/CMakeFiles/__idf_esp_system.dir/esp_system.c.obj
[471/997] Building C object esp-idf/esp_system/CMakeFiles/__idf_esp_system.dir/freertos_hooks.c.obj
[472/997] Building C object esp-idf/esp_system/CMakeFiles/__idf_esp_system.dir/int_wdt.c.obj
[473/997] Building C object esp-idf/esp_system/CMakeFiles/__idf_esp_system.dir/system_time.c.obj
[474/997] Building C object esp-idf/esp_system/CMakeFiles/__idf_esp_system.dir/stack_check.c.obj
[475/997] Building C object esp-idf/esp_system/CMakeFiles/__idf_esp_system.dir/panic.c.obj
[476/997] Building C object esp-idf/esp_system/CMakeFiles/__idf_esp_system.dir/debug_stubs.c.obj
[477/997] Building C object esp-idf/esp_system/CMakeFiles/__idf_esp_system.dir/xt_wdt.c.obj
[478/997] Building C object esp-idf/esp_system/CMakeFiles/__idf_esp_system.dir/ubsan.c.obj
[479/997] Building C object esp-idf/esp_system/CMakeFiles/__idf_esp_system.dir/task_wdt/task_wdt_impl_timergroup.c.obj
[480/997] Building C object esp-idf/esp_system/CMakeFiles/__idf_esp_system.dir/port/panic_handler.c.obj
[481/997] Linking C static library esp-idf/hal/libhal.a
[482/997] Building ASM object esp-idf/esp_system/CMakeFiles/__idf_esp_system.dir/port/soc/esp32s3/highint_hdl.S.obj
[483/997] Building C object esp-idf/esp_system/CMakeFiles/__idf_esp_system.dir/startup.c.obj
[484/997] Building C object esp-idf/esp_system/CMakeFiles/__idf_esp_system.dir/port/esp_system_chip.c.obj
[485/997] Building C object esp-idf/esp_system/CMakeFiles/__idf_esp_system.dir/port/brownout.c.obj
[486/997] Building C object esp-idf/esp_system/CMakeFiles/__idf_esp_system.dir/port/cpu_start.c.obj
[487/997] Building C object esp-idf/esp_system/CMakeFiles/__idf_esp_system.dir/task_wdt/task_wdt.c.obj
[488/997] Linking C static library esp-idf/esp_rom/libesp_rom.a
[489/997] Building C object esp-idf/esp_system/CMakeFiles/__idf_esp_system.dir/port/soc/esp32s3/clk.c.obj
[490/997] Building ASM object esp-idf/esp_system/CMakeFiles/__idf_esp_system.dir/port/arch/xtensa/panic_handler_asm.S.obj
[491/997] Building C object esp-idf/esp_system/CMakeFiles/__idf_esp_system.dir/port/soc/esp32s3/apb_backup_dma.c.obj
[492/997] Building C object esp-idf/esp_system/CMakeFiles/__idf_esp_system.dir/port/soc/esp32s3/reset_reason.c.obj
[493/997] Building ASM object esp-idf/esp_system/CMakeFiles/__idf_esp_system.dir/port/arch/xtensa/expression_with_stack_asm.S.obj
[494/997] Building C object esp-idf/esp_system/CMakeFiles/__idf_esp_system.dir/port/soc/esp32s3/cache_err_int.c.obj
[495/997] Building ASM object esp-idf/esp_system/CMakeFiles/__idf_esp_system.dir/port/arch/xtensa/debug_helpers_asm.S.obj
[496/997] Building C object esp-idf/esp_system/CMakeFiles/__idf_esp_system.dir/port/soc/esp32s3/system_internal.c.obj
[497/997] Building C object esp-idf/esp_system/CMakeFiles/__idf_esp_system.dir/port/arch/xtensa/debug_stubs.c.obj
[498/997] Building C object esp-idf/esp_system/CMakeFiles/__idf_esp_system.dir/port/arch/xtensa/panic_arch.c.obj
[499/997] Building C object esp-idf/esp_common/CMakeFiles/__idf_esp_common.dir/src/esp_err_to_name.c.obj
[500/997] Building ASM object esp-idf/esp_system/CMakeFiles/__idf_esp_system.dir/port/arch/xtensa/esp_ipc_isr_handler.S.obj
[501/997] Building ASM object esp-idf/esp_system/CMakeFiles/__idf_esp_system.dir/port/arch/xtensa/esp_ipc_isr_routines.S.obj
[502/997] Building C object esp-idf/esp_system/CMakeFiles/__idf_esp_system.dir/port/arch/xtensa/trax.c.obj
[503/997] Building C object esp-idf/esp_system/CMakeFiles/__idf_esp_system.dir/port/arch/xtensa/expression_with_stack.c.obj
[504/997] Linking C static library esp-idf/esp_common/libesp_common.a
[505/997] Building C object esp-idf/spi_flash/CMakeFiles/__idf_spi_flash.dir/flash_brownout_hook.c.obj
[506/997] Building C object esp-idf/esp_system/CMakeFiles/__idf_esp_system.dir/port/arch/xtensa/debug_helpers.c.obj
[507/997] Building C object esp-idf/spi_flash/CMakeFiles/__idf_spi_flash.dir/spi_flash_hpm_enable.c.obj
[508/997] Building C object esp-idf/spi_flash/CMakeFiles/__idf_spi_flash.dir/spi_flash_chip_drivers.c.obj
[509/997] Building C object esp-idf/pthread/CMakeFiles/__idf_pthread.dir/pthread_local_storage.c.obj
[510/997] Building C object esp-idf/pthread/CMakeFiles/__idf_pthread.dir/pthread_semaphore.c.obj
[511/997] Building C object esp-idf/pthread/CMakeFiles/__idf_pthread.dir/pthread_rwlock.c.obj
[512/997] Building C object esp-idf/esp_system/CMakeFiles/__idf_esp_system.dir/port/arch/xtensa/esp_ipc_isr.c.obj
[513/997] Building C object esp-idf/spi_flash/CMakeFiles/__idf_spi_flash.dir/esp32s3/spi_flash_oct_flash_init.c.obj
[514/997] Building C object esp-idf/spi_flash/CMakeFiles/__idf_spi_flash.dir/spi_flash_chip_issi.c.obj
[515/997] Building C object esp-idf/spi_flash/CMakeFiles/__idf_spi_flash.dir/spi_flash_chip_boya.c.obj
[516/997] Building C object esp-idf/spi_flash/CMakeFiles/__idf_spi_flash.dir/spi_flash_chip_gd.c.obj
[517/997] Building C object esp-idf/pthread/CMakeFiles/__idf_pthread.dir/pthread_cond_var.c.obj
[518/997] Building C object esp-idf/spi_flash/CMakeFiles/__idf_spi_flash.dir/spi_flash_chip_winbond.c.obj
[519/997] Building C object esp-idf/spi_flash/CMakeFiles/__idf_spi_flash.dir/spi_flash_chip_mxic.c.obj
[520/997] Building C object esp-idf/spi_flash/CMakeFiles/__idf_spi_flash.dir/spi_flash_chip_th.c.obj
[521/997] Linking C static library esp-idf/esp_system/libesp_system.a
[522/997] Building C object esp-idf/spi_flash/CMakeFiles/__idf_spi_flash.dir/spi_flash_chip_mxic_opi.c.obj
[523/997] Building C object esp-idf/spi_flash/CMakeFiles/__idf_spi_flash.dir/spi_flash_chip_generic.c.obj
[524/997] Building C object esp-idf/pthread/CMakeFiles/__idf_pthread.dir/pthread.c.obj
[525/997] Building C object esp-idf/spi_flash/CMakeFiles/__idf_spi_flash.dir/memspi_host_driver.c.obj
[526/997] Building C object esp-idf/spi_flash/CMakeFiles/__idf_spi_flash.dir/spi_flash_wrap.c.obj
[527/997] Building C object esp-idf/spi_flash/CMakeFiles/__idf_spi_flash.dir/flash_mmap.c.obj
[528/997] Building C object esp-idf/spi_flash/CMakeFiles/__idf_spi_flash.dir/spi_flash_os_func_noos.c.obj
[529/997] Linking C static library esp-idf/pthread/libpthread.a
[530/997] Building C object esp-idf/spi_flash/CMakeFiles/__idf_spi_flash.dir/flash_ops.c.obj
[531/997] Building C object esp-idf/esp_mm/CMakeFiles/__idf_esp_mm.dir/port/esp32s3/ext_mem_layout.c.obj
[532/997] Building C object esp-idf/spi_flash/CMakeFiles/__idf_spi_flash.dir/cache_utils.c.obj
[533/997] Building C object esp-idf/esp_mm/CMakeFiles/__idf_esp_mm.dir/esp_cache.c.obj
[534/997] Building C object esp-idf/spi_flash/CMakeFiles/__idf_spi_flash.dir/spi_flash_os_func_app.c.obj
[535/997] Building C object esp-idf/app_update/CMakeFiles/__idf_app_update.dir/esp_ota_app_desc.c.obj
[536/997] Building C object esp-idf/spi_flash/CMakeFiles/__idf_spi_flash.dir/esp_flash_spi_init.c.obj
[537/997] Building C object esp-idf/esp_partition/CMakeFiles/__idf_esp_partition.dir/partition_target.c.obj
[538/997] Building C object esp-idf/esp_partition/CMakeFiles/__idf_esp_partition.dir/partition.c.obj
[539/997] Building C object esp-idf/bootloader_support/CMakeFiles/__idf_bootloader_support.dir/src/bootloader_clock_init.c.obj
[540/997] Building C object esp-idf/bootloader_support/CMakeFiles/__idf_bootloader_support.dir/src/bootloader_mem.c.obj
[541/997] Building C object esp-idf/app_update/CMakeFiles/__idf_app_update.dir/esp_ota_ops.c.obj
[542/997] Building C object esp-idf/bootloader_support/CMakeFiles/__idf_bootloader_support.dir/src/bootloader_random.c.obj
[543/997] Building C object esp-idf/bootloader_support/CMakeFiles/__idf_bootloader_support.dir/src/bootloader_random_esp32s3.c.obj
[544/997] Building C object esp-idf/esp_mm/CMakeFiles/__idf_esp_mm.dir/esp_mmu_map.c.obj
[545/997] Building C object esp-idf/bootloader_support/CMakeFiles/__idf_bootloader_support.dir/src/bootloader_common.c.obj
[546/997] Building C object esp-idf/bootloader_support/CMakeFiles/__idf_bootloader_support.dir/src/bootloader_common_loader.c.obj
[547/997] Building C object esp-idf/bootloader_support/CMakeFiles/__idf_bootloader_support.dir/src/bootloader_efuse.c.obj
[548/997] Building C object esp-idf/bootloader_support/CMakeFiles/__idf_bootloader_support.dir/src/flash_encrypt.c.obj
[549/997] Building C object esp-idf/bootloader_support/CMakeFiles/__idf_bootloader_support.dir/src/secure_boot.c.obj
[550/997] Building C object esp-idf/spi_flash/CMakeFiles/__idf_spi_flash.dir/esp_flash_api.c.obj
[551/997] Building C object esp-idf/bootloader_support/CMakeFiles/__idf_bootloader_support.dir/bootloader_flash/src/bootloader_flash_config_esp32s3.c.obj
[552/997] Building C object esp-idf/bootloader_support/CMakeFiles/__idf_bootloader_support.dir/bootloader_flash/src/flash_qio_mode.c.obj
[553/997] Building C object esp-idf/bootloader_support/CMakeFiles/__idf_bootloader_support.dir/bootloader_flash/src/bootloader_flash.c.obj
[554/997] Building C object esp-idf/mbedtls/mbedtls/library/CMakeFiles/mbedtls.dir/debug.c.obj
[555/997] Building C object esp-idf/esp_app_format/CMakeFiles/__idf_esp_app_format.dir/esp_app_desc.c.obj
[556/997] Building C object esp-idf/bootloader_support/CMakeFiles/__idf_bootloader_support.dir/src/flash_partitions.c.obj
[557/997] Building C object esp-idf/bootloader_support/CMakeFiles/__idf_bootloader_support.dir/src/idf/bootloader_sha.c.obj
[558/997] Building C object esp-idf/mbedtls/mbedtls/library/CMakeFiles/mbedtls.dir/mps_reader.c.obj
[559/997] Building C object esp-idf/mbedtls/mbedtls/library/CMakeFiles/mbedtls.dir/mps_trace.c.obj
[560/997] Building C object esp-idf/mbedtls/mbedtls/library/CMakeFiles/mbedtls.dir/ssl_debug_helpers_generated.c.obj
[561/997] Linking C static library esp-idf/spi_flash/libspi_flash.a
[562/997] Building C object esp-idf/bootloader_support/CMakeFiles/__idf_bootloader_support.dir/src/esp_image_format.c.obj
[563/997] Building C object esp-idf/bootloader_support/CMakeFiles/__idf_bootloader_support.dir/src/bootloader_utility.c.obj
[564/997] Linking C static library esp-idf/esp_mm/libesp_mm.a
[565/997] Building C object esp-idf/mbedtls/mbedtls/library/CMakeFiles/mbedtls.dir/ssl_cache.c.obj
[566/997] Building C object esp-idf/mbedtls/mbedtls/library/CMakeFiles/mbedtls.dir/ssl_ciphersuites.c.obj
[567/997] Building C object esp-idf/mbedtls/mbedtls/library/CMakeFiles/mbedtls.dir/ssl_cookie.c.obj
[568/997] Linking C static library esp-idf/app_update/libapp_update.a
[569/997] Building C object esp-idf/mbedtls/mbedtls/library/CMakeFiles/mbedtls.dir/ssl_tls13_keys.c.obj
[570/997] Building C object esp-idf/mbedtls/mbedtls/library/CMakeFiles/mbedtls.dir/ssl_client.c.obj
[571/997] Building C object esp-idf/mbedtls/mbedtls/library/CMakeFiles/mbedtls.dir/ssl_tls13_server.c.obj
[572/997] Building C object esp-idf/mbedtls/mbedtls/library/CMakeFiles/mbedtls.dir/ssl_tls13_client.c.obj
[573/997] Building C object esp-idf/mbedtls/mbedtls/library/CMakeFiles/mbedtls.dir/ssl_ticket.c.obj
[574/997] Linking C static library esp-idf/esp_partition/libesp_partition.a
[575/997] Building C object esp-idf/mbedtls/mbedtls/library/CMakeFiles/mbedtls.dir/ssl_tls13_generic.c.obj
[576/997] Building C object esp-idf/mbedtls/mbedtls/library/CMakeFiles/mbedtls.dir/Users/lojaws/.platformio/packages/framework-espidf/components/mbedtls/port/esp_platform_time.c.obj
[577/997] Building C object esp-idf/mbedtls/mbedtls/library/CMakeFiles/mbedtls.dir/Users/lojaws/.platformio/packages/framework-espidf/components/mbedtls/port/mbedtls_debug.c.obj
[578/997] Linking C static library esp-idf/bootloader_support/libbootloader_support.a
[579/997] Building C object esp-idf/mbedtls/mbedtls/library/CMakeFiles/mbedtls.dir/ssl_tls12_client.c.obj
[580/997] Building C object esp-idf/mbedtls/mbedtls/library/CMakeFiles/mbedx509.dir/pkcs7.c.obj
[581/997] Building C object esp-idf/mbedtls/mbedtls/library/CMakeFiles/mbedtls.dir/ssl_msg.c.obj
[582/997] Building C object esp-idf/mbedtls/mbedtls/library/CMakeFiles/mbedtls.dir/Users/lojaws/.platformio/packages/framework-espidf/components/mbedtls/port/net_sockets.c.obj
[583/997] Linking C static library esp-idf/esp_app_format/libesp_app_format.a
[584/997] Building C object esp-idf/mbedtls/mbedtls/library/CMakeFiles/mbedx509.dir/x509_create.c.obj
[585/997] Building C object esp-idf/mbedtls/mbedtls/library/CMakeFiles/mbedtls.dir/ssl_tls12_server.c.obj
[586/997] Building C object esp-idf/mbedtls/mbedtls/library/CMakeFiles/mbedx509.dir/x509_crl.c.obj
[587/997] Building C object esp-idf/mbedtls/mbedtls/library/CMakeFiles/mbedcrypto.dir/aesni.c.obj
[588/997] Building C object esp-idf/mbedtls/mbedtls/library/CMakeFiles/mbedcrypto.dir/aes.c.obj
[589/997] Building C object esp-idf/mbedtls/mbedtls/library/CMakeFiles/mbedx509.dir/x509write_csr.c.obj
[590/997] Building C object esp-idf/mbedtls/mbedtls/library/CMakeFiles/mbedcrypto.dir/aesce.c.obj
[591/997] Building C object esp-idf/mbedtls/mbedtls/library/CMakeFiles/mbedx509.dir/x509write.c.obj
[592/997] Building C object esp-idf/mbedtls/mbedtls/library/CMakeFiles/mbedx509.dir/x509write_crt.c.obj
[593/997] Building C object esp-idf/mbedtls/mbedtls/library/CMakeFiles/mbedx509.dir/x509.c.obj
[594/997] Building C object esp-idf/mbedtls/mbedtls/library/CMakeFiles/mbedx509.dir/x509_csr.c.obj
[595/997] Building C object esp-idf/mbedtls/mbedtls/library/CMakeFiles/mbedcrypto.dir/asn1parse.c.obj
[596/997] Building C object esp-idf/mbedtls/mbedtls/library/CMakeFiles/mbedcrypto.dir/bignum_mod.c.obj
[597/997] Building C object esp-idf/mbedtls/mbedtls/library/CMakeFiles/mbedcrypto.dir/asn1write.c.obj
[598/997] Building C object esp-idf/mbedtls/mbedtls/library/CMakeFiles/mbedcrypto.dir/bignum_mod_raw.c.obj
[599/997] Building C object esp-idf/mbedtls/mbedtls/library/CMakeFiles/mbedcrypto.dir/base64.c.obj
[600/997] Building C object esp-idf/mbedtls/mbedtls/library/CMakeFiles/mbedcrypto.dir/aria.c.obj
[601/997] Building C object esp-idf/mbedtls/mbedtls/library/CMakeFiles/mbedcrypto.dir/block_cipher.c.obj
[602/997] Building C object esp-idf/mbedtls/mbedtls/library/CMakeFiles/mbedcrypto.dir/camellia.c.obj
[603/997] Building C object esp-idf/mbedtls/mbedtls/library/CMakeFiles/mbedcrypto.dir/chacha20.c.obj
[604/997] Building C object esp-idf/mbedtls/mbedtls/library/CMakeFiles/mbedcrypto.dir/chachapoly.c.obj
[605/997] Building C object esp-idf/mbedtls/mbedtls/library/CMakeFiles/mbedtls.dir/ssl_tls.c.obj
[606/997] Building C object esp-idf/mbedtls/mbedtls/library/CMakeFiles/mbedcrypto.dir/constant_time.c.obj
[607/997] Building C object esp-idf/mbedtls/mbedtls/library/CMakeFiles/mbedcrypto.dir/cipher_wrap.c.obj
[608/997] Building C object esp-idf/mbedtls/mbedtls/library/CMakeFiles/mbedcrypto.dir/ccm.c.obj
[609/997] Building C object esp-idf/mbedtls/mbedtls/library/CMakeFiles/mbedcrypto.dir/des.c.obj
[610/997] Building C object esp-idf/mbedtls/mbedtls/library/CMakeFiles/mbedcrypto.dir/dhm.c.obj
[611/997] Building C object esp-idf/mbedtls/mbedtls/library/CMakeFiles/mbedcrypto.dir/ctr_drbg.c.obj
[612/997] Building C object esp-idf/mbedtls/mbedtls/library/CMakeFiles/mbedcrypto.dir/cmac.c.obj
[613/997] Building C object esp-idf/mbedtls/mbedtls/library/CMakeFiles/mbedcrypto.dir/bignum_core.c.obj
[614/997] Linking CXX static library esp-idf/mbedtls/mbedtls/library/libmbedtls.a
[615/997] Building C object esp-idf/mbedtls/mbedtls/library/CMakeFiles/mbedcrypto.dir/ecjpake.c.obj
[616/997] Building C object esp-idf/mbedtls/mbedtls/library/CMakeFiles/mbedcrypto.dir/ecp_curves_new.c.obj
[617/997] Building C object esp-idf/mbedtls/mbedtls/library/CMakeFiles/mbedcrypto.dir/ecdh.c.obj
[618/997] Building C object esp-idf/mbedtls/mbedtls/library/CMakeFiles/mbedcrypto.dir/entropy_poll.c.obj
[619/997] Building C object esp-idf/mbedtls/mbedtls/library/CMakeFiles/mbedcrypto.dir/cipher.c.obj
[620/997] Building C object esp-idf/mbedtls/mbedtls/library/CMakeFiles/mbedcrypto.dir/ecdsa.c.obj
[621/997] Building C object esp-idf/mbedtls/mbedtls/library/CMakeFiles/mbedcrypto.dir/entropy.c.obj
[622/997] Building C object esp-idf/mbedtls/mbedtls/library/CMakeFiles/mbedx509.dir/x509_crt.c.obj
[623/997] Building C object esp-idf/mbedtls/mbedtls/library/CMakeFiles/mbedcrypto.dir/hkdf.c.obj
[624/997] Building C object esp-idf/mbedtls/mbedtls/library/CMakeFiles/mbedcrypto.dir/gcm.c.obj
[625/997] Building C object esp-idf/mbedtls/mbedtls/library/CMakeFiles/mbedcrypto.dir/bignum.c.obj
[626/997] Building C object esp-idf/mbedtls/mbedtls/library/CMakeFiles/mbedcrypto.dir/error.c.obj
[627/997] Building C object esp-idf/mbedtls/mbedtls/library/CMakeFiles/mbedcrypto.dir/md5.c.obj
[628/997] Building C object esp-idf/mbedtls/mbedtls/library/CMakeFiles/mbedcrypto.dir/memory_buffer_alloc.c.obj
[629/997] Building C object esp-idf/mbedtls/mbedtls/library/CMakeFiles/mbedcrypto.dir/nist_kw.c.obj
[630/997] Building C object esp-idf/mbedtls/mbedtls/library/CMakeFiles/mbedcrypto.dir/hmac_drbg.c.obj
[631/997] Building C object esp-idf/mbedtls/mbedtls/library/CMakeFiles/mbedcrypto.dir/lms.c.obj
[632/997] Building C object esp-idf/mbedtls/mbedtls/library/CMakeFiles/mbedcrypto.dir/lmots.c.obj
[633/997] Building C object esp-idf/mbedtls/mbedtls/library/CMakeFiles/mbedcrypto.dir/padlock.c.obj
[634/997] Building C object esp-idf/mbedtls/mbedtls/library/CMakeFiles/mbedcrypto.dir/md.c.obj
[635/997] Building C object esp-idf/mbedtls/mbedtls/library/CMakeFiles/mbedcrypto.dir/pk_ecc.c.obj
[636/997] Building C object esp-idf/mbedtls/mbedtls/library/CMakeFiles/mbedcrypto.dir/pem.c.obj
[637/997] Building C object esp-idf/mbedtls/mbedtls/library/CMakeFiles/mbedcrypto.dir/pk_wrap.c.obj
[638/997] Building C object esp-idf/mbedtls/mbedtls/library/CMakeFiles/mbedcrypto.dir/pkcs12.c.obj
[639/997] Building C object esp-idf/mbedtls/mbedtls/library/CMakeFiles/mbedcrypto.dir/platform.c.obj
[640/997] Building C object esp-idf/mbedtls/mbedtls/library/CMakeFiles/mbedcrypto.dir/ecp_curves.c.obj
[641/997] Building C object esp-idf/mbedtls/mbedtls/library/CMakeFiles/mbedcrypto.dir/pkcs5.c.obj
[642/997] Building C object esp-idf/mbedtls/mbedtls/library/CMakeFiles/mbedcrypto.dir/pk.c.obj
[643/997] Building C object esp-idf/mbedtls/mbedtls/library/CMakeFiles/mbedcrypto.dir/platform_util.c.obj
[644/997] Building C object esp-idf/mbedtls/mbedtls/library/CMakeFiles/mbedcrypto.dir/poly1305.c.obj
[645/997] Building C object esp-idf/mbedtls/mbedtls/library/CMakeFiles/mbedcrypto.dir/oid.c.obj
[646/997] Building C object esp-idf/mbedtls/mbedtls/library/CMakeFiles/mbedcrypto.dir/pkwrite.c.obj
[647/997] Building C object esp-idf/mbedtls/mbedtls/library/CMakeFiles/mbedcrypto.dir/psa_crypto_client.c.obj
[648/997] Building C object esp-idf/mbedtls/mbedtls/library/CMakeFiles/mbedcrypto.dir/psa_crypto_aead.c.obj
[649/997] Building C object esp-idf/mbedtls/mbedtls/library/CMakeFiles/mbedcrypto.dir/psa_crypto_cipher.c.obj
[650/997] Building C object esp-idf/mbedtls/mbedtls/library/CMakeFiles/mbedcrypto.dir/psa_crypto_driver_wrappers_no_static.c.obj
[651/997] Building C object esp-idf/mbedtls/mbedtls/library/CMakeFiles/mbedcrypto.dir/pkparse.c.obj
[652/997] Building C object esp-idf/mbedtls/mbedtls/library/CMakeFiles/mbedcrypto.dir/psa_crypto_ffdh.c.obj
[653/997] Building C object esp-idf/mbedtls/mbedtls/library/CMakeFiles/mbedcrypto.dir/psa_crypto_ecp.c.obj
[654/997] Building C object esp-idf/mbedtls/mbedtls/library/CMakeFiles/mbedcrypto.dir/ecp.c.obj
[655/997] Building C object esp-idf/mbedtls/mbedtls/library/CMakeFiles/mbedcrypto.dir/psa_crypto_se.c.obj
[656/997] Building C object esp-idf/mbedtls/mbedtls/library/CMakeFiles/mbedcrypto.dir/psa_crypto_hash.c.obj
[657/997] Building C object esp-idf/mbedtls/mbedtls/library/CMakeFiles/mbedcrypto.dir/psa_crypto_pake.c.obj
[658/997] Building C object esp-idf/mbedtls/mbedtls/library/CMakeFiles/mbedcrypto.dir/psa_crypto_mac.c.obj
[659/997] Building C object esp-idf/mbedtls/mbedtls/library/CMakeFiles/mbedcrypto.dir/psa_crypto_storage.c.obj
[660/997] Building C object esp-idf/mbedtls/mbedtls/library/CMakeFiles/mbedcrypto.dir/ripemd160.c.obj
[661/997] Building C object esp-idf/mbedtls/mbedtls/library/CMakeFiles/mbedcrypto.dir/psa_its_file.c.obj
[662/997] Building C object esp-idf/mbedtls/mbedtls/library/CMakeFiles/mbedcrypto.dir/psa_util.c.obj
[663/997] Building C object esp-idf/mbedtls/mbedtls/library/CMakeFiles/mbedcrypto.dir/psa_crypto_rsa.c.obj
[664/997] Building C object esp-idf/mbedtls/mbedtls/library/CMakeFiles/mbedcrypto.dir/sha1.c.obj
[665/997] Building C object esp-idf/mbedtls/mbedtls/library/CMakeFiles/mbedcrypto.dir/rsa_alt_helpers.c.obj
[666/997] Building C object esp-idf/mbedtls/mbedtls/library/CMakeFiles/mbedcrypto.dir/sha3.c.obj
[667/997] Building C object esp-idf/mbedtls/mbedtls/library/CMakeFiles/mbedcrypto.dir/threading.c.obj
[668/997] Building C object esp-idf/mbedtls/mbedtls/library/CMakeFiles/mbedcrypto.dir/sha256.c.obj
[669/997] Building C object esp-idf/mbedtls/mbedtls/library/CMakeFiles/mbedcrypto.dir/psa_crypto_slot_management.c.obj
[670/997] Building C object esp-idf/mbedtls/mbedtls/library/CMakeFiles/mbedcrypto.dir/sha512.c.obj
[671/997] Building C object esp-idf/mbedtls/mbedtls/library/CMakeFiles/mbedcrypto.dir/timing.c.obj
[672/997] Building C object esp-idf/mbedtls/mbedtls/library/CMakeFiles/mbedcrypto.dir/version.c.obj
[673/997] Building C object esp-idf/mbedtls/mbedtls/library/CMakeFiles/mbedcrypto.dir/Users/lojaws/.platformio/packages/framework-espidf/components/mbedtls/port/sha/dma/esp_sha_gdma_impl.c.obj
[674/997] Building C object esp-idf/mbedtls/mbedtls/library/CMakeFiles/mbedcrypto.dir/version_features.c.obj
[675/997] Building C object esp-idf/mbedtls/mbedtls/library/CMakeFiles/mbedcrypto.dir/Users/lojaws/.platformio/packages/framework-espidf/components/mbedtls/port/esp_mem.c.obj
[676/997] Building C object esp-idf/mbedtls/mbedtls/library/CMakeFiles/mbedcrypto.dir/Users/lojaws/.platformio/packages/framework-espidf/components/mbedtls/port/esp_hardware.c.obj
[677/997] Building C object esp-idf/mbedtls/mbedtls/library/CMakeFiles/mbedcrypto.dir/Users/lojaws/.platformio/packages/framework-espidf/components/mbedtls/port/esp_timing.c.obj
[678/997] Building C object esp-idf/mbedtls/mbedtls/library/CMakeFiles/mbedcrypto.dir/Users/lojaws/.platformio/packages/framework-espidf/components/mbedtls/port/aes/dma/esp_aes_gdma_impl.c.obj
[679/997] Building C object esp-idf/mbedtls/mbedtls/library/CMakeFiles/mbedcrypto.dir/Users/lojaws/.platformio/packages/framework-espidf/components/mbedtls/port/crypto_shared_gdma/esp_crypto_shared_gdma.c.obj
[680/997] Building C object esp-idf/mbedtls/mbedtls/library/CMakeFiles/mbedcrypto.dir/Users/lojaws/.platformio/packages/framework-espidf/components/mbedtls/port/aes/esp_aes_xts.c.obj
[681/997] Building C object esp-idf/mbedtls/mbedtls/library/CMakeFiles/mbedcrypto.dir/Users/lojaws/.platformio/packages/framework-espidf/components/mbedtls/port/aes/esp_aes_common.c.obj
[682/997] Building C object esp-idf/mbedtls/mbedtls/library/CMakeFiles/mbedcrypto.dir/Users/lojaws/.platformio/packages/framework-espidf/components/mbedtls/port/sha/esp_sha.c.obj
[683/997] Building C object esp-idf/mbedtls/mbedtls/library/CMakeFiles/mbedcrypto.dir/Users/lojaws/.platformio/packages/framework-espidf/components/mbedtls/port/sha/dma/esp_sha256.c.obj
[684/997] Building C object esp-idf/mbedtls/mbedtls/library/CMakeFiles/mbedcrypto.dir/Users/lojaws/.platformio/packages/framework-espidf/components/mbedtls/port/esp32s3/bignum.c.obj
[685/997] Building C object esp-idf/mbedtls/mbedtls/library/CMakeFiles/mbedcrypto.dir/Users/lojaws/.platformio/packages/framework-espidf/components/mbedtls/port/sha/dma/esp_sha512.c.obj
[686/997] Building C object esp-idf/mbedtls/mbedtls/library/CMakeFiles/mbedcrypto.dir/Users/lojaws/.platformio/packages/framework-espidf/components/mbedtls/port/esp_bignum.c.obj
[687/997] Building C object esp-idf/mbedtls/mbedtls/library/CMakeFiles/mbedcrypto.dir/Users/lojaws/.platformio/packages/framework-espidf/components/mbedtls/port/sha/dma/esp_sha1.c.obj
[688/997] Building C object esp-idf/mbedtls/mbedtls/library/CMakeFiles/mbedcrypto.dir/Users/lojaws/.platformio/packages/framework-espidf/components/mbedtls/port/sha/dma/sha.c.obj
[689/997] Building C object esp-idf/mbedtls/mbedtls/library/CMakeFiles/mbedcrypto.dir/Users/lojaws/.platformio/packages/framework-espidf/components/mbedtls/port/esp_ds/esp_rsa_sign_alt.c.obj
[690/997] Building C object esp-idf/mbedtls/mbedtls/library/CMakeFiles/mbedcrypto.dir/Users/lojaws/.platformio/packages/framework-espidf/components/mbedtls/port/md/esp_md.c.obj
[691/997] Linking CXX static library esp-idf/mbedtls/mbedtls/library/libmbedx509.a
[692/997] Building C object esp-idf/mbedtls/mbedtls/3rdparty/everest/CMakeFiles/everest.dir/library/everest.c.obj
[693/997] Building C object esp-idf/mbedtls/mbedtls/3rdparty/p256-m/CMakeFiles/p256m.dir/p256-m_driver_entrypoints.c.obj
[694/997] Creating directories for 'bootloader'
[695/997] Building C object esp-idf/mbedtls/mbedtls/3rdparty/everest/CMakeFiles/everest.dir/library/Hacl_Curve25519_joined.c.obj
[696/997] Building C object esp-idf/mbedtls/mbedtls/3rdparty/everest/CMakeFiles/everest.dir/library/x25519.c.obj
[697/997] Building C object esp-idf/mbedtls/mbedtls/3rdparty/p256-m/CMakeFiles/p256m.dir/p256-m/p256-m.c.obj
[698/997] Building C object esp-idf/mbedtls/mbedtls/library/CMakeFiles/mbedcrypto.dir/Users/lojaws/.platformio/packages/framework-espidf/components/mbedtls/port/aes/esp_aes_gcm.c.obj
[699/997] No download step for 'bootloader'
[700/997] Building C object esp-idf/mbedtls/mbedtls/library/CMakeFiles/mbedcrypto.dir/Users/lojaws/.platformio/packages/framework-espidf/components/mbedtls/port/aes/dma/esp_aes.c.obj
[701/997] No update step for 'bootloader'
[702/997] No patch step for 'bootloader'
[703/997] Building C object esp-idf/mbedtls/mbedtls/library/CMakeFiles/mbedcrypto.dir/rsa.c.obj
[704/997] Building C object esp-idf/mbedtls/mbedtls/library/CMakeFiles/mbedcrypto.dir/psa_crypto.c.obj
[705/997] Linking CXX static library esp-idf/mbedtls/mbedtls/library/libmbedcrypto.a
[706/997] Linking CXX static library esp-idf/mbedtls/mbedtls/3rdparty/p256-m/libp256m.a
[707/997] Linking CXX static library esp-idf/mbedtls/mbedtls/3rdparty/everest/libeverest.a
[708/997] Generating x509_crt_bundle
[709/997] Generating ../../x509_crt_bundle.S
[710/997] Building ASM object esp-idf/mbedtls/CMakeFiles/__idf_mbedtls.dir/__/__/x509_crt_bundle.S.obj
[711/997] Building C object esp-idf/driver/CMakeFiles/__idf_driver.dir/gpio/gpio_glitch_filter_ops.c.obj
[712/997] Building C object esp-idf/esp_pm/CMakeFiles/__idf_esp_pm.dir/pm_trace.c.obj
[713/997] Building C object esp-idf/esp_pm/CMakeFiles/__idf_esp_pm.dir/pm_locks.c.obj
[714/997] Building C object esp-idf/mbedtls/CMakeFiles/__idf_mbedtls.dir/esp_crt_bundle/esp_crt_bundle.c.obj
[715/997] Building C object esp-idf/esp_pm/CMakeFiles/__idf_esp_pm.dir/pm_impl.c.obj
[716/997] Building C object esp-idf/driver/CMakeFiles/__idf_driver.dir/spi/spi_bus_lock.c.obj
[717/997] Linking C static library esp-idf/mbedtls/libmbedtls.a
[718/997] Building C object esp-idf/driver/CMakeFiles/__idf_driver.dir/gpio/gpio_pin_glitch_filter.c.obj
[719/997] Building C object esp-idf/driver/CMakeFiles/__idf_driver.dir/gpio/rtc_io.c.obj
[720/997] Building C object esp-idf/driver/CMakeFiles/__idf_driver.dir/gptimer/gptimer_priv.c.obj
[721/997] Building C object esp-idf/driver/CMakeFiles/__idf_driver.dir/gpio/dedic_gpio.c.obj
[722/997] Building C object esp-idf/driver/CMakeFiles/__idf_driver.dir/deprecated/adc_legacy.c.obj
[723/997] Building C object esp-idf/driver/CMakeFiles/__idf_driver.dir/deprecated/adc_dma_legacy.c.obj
[724/997] Building C object esp-idf/driver/CMakeFiles/__idf_driver.dir/gptimer/gptimer.c.obj
[725/997] Building C object esp-idf/driver/CMakeFiles/__idf_driver.dir/i2s/i2s_std.c.obj
[726/997] Building C object esp-idf/driver/CMakeFiles/__idf_driver.dir/gpio/gpio.c.obj
[727/997] Building C object esp-idf/driver/CMakeFiles/__idf_driver.dir/deprecated/timer_legacy.c.obj
[728/997] Building C object esp-idf/driver/CMakeFiles/__idf_driver.dir/i2s/i2s_common.c.obj
[729/997] Building C object esp-idf/driver/CMakeFiles/__idf_driver.dir/i2s/i2s_pdm.c.obj
[730/997] Building C object esp-idf/driver/CMakeFiles/__idf_driver.dir/i2s/i2s_tdm.c.obj
[731/997] Building C object esp-idf/driver/CMakeFiles/__idf_driver.dir/i2c/i2c.c.obj
[732/997] Building C object esp-idf/driver/CMakeFiles/__idf_driver.dir/mcpwm/mcpwm_com.c.obj
[733/997] Building C object esp-idf/driver/CMakeFiles/__idf_driver.dir/mcpwm/mcpwm_cmpr.c.obj
[734/997] Building C object esp-idf/driver/CMakeFiles/__idf_driver.dir/mcpwm/mcpwm_fault.c.obj
[735/997] Building C object esp-idf/driver/CMakeFiles/__idf_driver.dir/mcpwm/mcpwm_cap.c.obj
[736/997] Building C object esp-idf/driver/CMakeFiles/__idf_driver.dir/mcpwm/mcpwm_gen.c.obj
[737/997] Building C object esp-idf/driver/CMakeFiles/__idf_driver.dir/mcpwm/mcpwm_oper.c.obj
[738/997] Building C object esp-idf/driver/CMakeFiles/__idf_driver.dir/deprecated/i2s_legacy.c.obj
[739/997] Building C object esp-idf/driver/CMakeFiles/__idf_driver.dir/mcpwm/mcpwm_sync.c.obj
[740/997] Building C object esp-idf/driver/CMakeFiles/__idf_driver.dir/rmt/rmt_encoder.c.obj
[741/997] Building C object esp-idf/driver/CMakeFiles/__idf_driver.dir/rmt/rmt_common.c.obj
[742/997] Building C object esp-idf/driver/CMakeFiles/__idf_driver.dir/mcpwm/mcpwm_timer.c.obj
[743/997] Building C object esp-idf/driver/CMakeFiles/__idf_driver.dir/pcnt/pulse_cnt.c.obj
[744/997] Building C object esp-idf/driver/CMakeFiles/__idf_driver.dir/rmt/rmt_rx.c.obj
[745/997] Building C object esp-idf/driver/CMakeFiles/__idf_driver.dir/sdmmc/sdmmc_transaction.c.obj
[746/997] Building C object esp-idf/driver/CMakeFiles/__idf_driver.dir/deprecated/pcnt_legacy.c.obj
[747/997] Building C object esp-idf/driver/CMakeFiles/__idf_driver.dir/ledc/ledc.c.obj
[748/997] Building C object esp-idf/driver/CMakeFiles/__idf_driver.dir/deprecated/sigma_delta_legacy.c.obj
[749/997] Building C object esp-idf/driver/CMakeFiles/__idf_driver.dir/sigma_delta/sdm.c.obj
[750/997] Building C object esp-idf/driver/CMakeFiles/__idf_driver.dir/sdmmc/sdmmc_host.c.obj
[751/997] Building C object esp-idf/driver/CMakeFiles/__idf_driver.dir/spi/sdspi/sdspi_crc.c.obj
[752/997] Building C object esp-idf/driver/CMakeFiles/__idf_driver.dir/spi/sdspi/sdspi_transaction.c.obj
[753/997] Building C object esp-idf/driver/CMakeFiles/__idf_driver.dir/rmt/rmt_tx.c.obj
[754/997] Building C object esp-idf/driver/CMakeFiles/__idf_driver.dir/spi/sdspi/sdspi_host.c.obj
[755/997] Building C object esp-idf/driver/CMakeFiles/__idf_driver.dir/spi/gpspi/spi_slave.c.obj
[756/997] Building C object esp-idf/driver/CMakeFiles/__idf_driver.dir/spi/gpspi/spi_slave_hd.c.obj
[757/997] Building C object esp-idf/driver/CMakeFiles/__idf_driver.dir/spi/gpspi/spi_master.c.obj
[758/997] Building C object esp-idf/driver/CMakeFiles/__idf_driver.dir/temperature_sensor/temperature_sensor.c.obj
[759/997] Building C object esp-idf/driver/CMakeFiles/__idf_driver.dir/spi/gpspi/spi_common.c.obj
[760/997] Building C object esp-idf/driver/CMakeFiles/__idf_driver.dir/deprecated/mcpwm_legacy.c.obj
[761/997] Building C object esp-idf/driver/CMakeFiles/__idf_driver.dir/deprecated/rtc_temperature_legacy.c.obj
[762/997] Linking C static library esp-idf/esp_pm/libesp_pm.a
[763/997] Building C object esp-idf/driver/CMakeFiles/__idf_driver.dir/touch_sensor/touch_sensor_common.c.obj
[764/997] Building C object esp-idf/driver/CMakeFiles/__idf_driver.dir/usb_serial_jtag/usb_serial_jtag_connection_monitor.c.obj
[765/997] Building C object esp-idf/driver/CMakeFiles/__idf_driver.dir/usb_serial_jtag/usb_serial_jtag.c.obj
[766/997] Building C object esp-idf/esp_timer/CMakeFiles/__idf_esp_timer.dir/src/ets_timer_legacy.c.obj
[767/997] Building C object esp-idf/esp_timer/CMakeFiles/__idf_esp_timer.dir/src/esp_timer_impl_common.c.obj
[768/997] Building C object esp-idf/esp_timer/CMakeFiles/__idf_esp_timer.dir/src/system_time.c.obj
[769/997] Building C object esp-idf/esp_timer/CMakeFiles/__idf_esp_timer.dir/src/esp_timer.c.obj
[770/997] Building C object esp-idf/driver/CMakeFiles/__idf_driver.dir/twai/twai.c.obj
[771/997] Building C object esp-idf/esp_timer/CMakeFiles/__idf_esp_timer.dir/src/esp_timer_impl_systimer.c.obj
[772/997] Building C object esp-idf/efuse/CMakeFiles/__idf_efuse.dir/esp32s3/esp_efuse_fields.c.obj
[773/997] Building C object esp-idf/driver/CMakeFiles/__idf_driver.dir/deprecated/rmt_legacy.c.obj
[774/997] Building C object esp-idf/efuse/CMakeFiles/__idf_efuse.dir/esp32s3/esp_efuse_table.c.obj
[775/997] Building C object esp-idf/efuse/CMakeFiles/__idf_efuse.dir/esp32s3/esp_efuse_utility.c.obj
[776/997] Building C object esp-idf/efuse/CMakeFiles/__idf_efuse.dir/esp32s3/esp_efuse_rtc_calib.c.obj
[777/997] Building C object esp-idf/xtensa/CMakeFiles/__idf_xtensa.dir/eri.c.obj
[778/997] Building C object esp-idf/efuse/CMakeFiles/__idf_efuse.dir/src/esp_efuse_api.c.obj
[779/997] Building C object esp-idf/efuse/CMakeFiles/__idf_efuse.dir/src/esp_efuse_fields.c.obj
[780/997] Building C object esp-idf/xtensa/CMakeFiles/__idf_xtensa.dir/xt_trax.c.obj
[781/997] Building ASM object esp-idf/xtensa/CMakeFiles/__idf_xtensa.dir/xtensa_intr_asm.S.obj
[782/997] Building C object esp-idf/driver/CMakeFiles/__idf_driver.dir/touch_sensor/esp32s3/touch_sensor.c.obj
[783/997] Building C object esp-idf/xtensa/CMakeFiles/__idf_xtensa.dir/xtensa_intr.c.obj
[784/997] Building C object esp-idf/efuse/CMakeFiles/__idf_efuse.dir/src/efuse_controller/keys/with_key_purposes/esp_efuse_api_key.c.obj
[785/997] Building C object esp-idf/bt/CMakeFiles/__idf_bt.dir/common/api/esp_blufi_api.c.obj
[786/997] Building C object esp-idf/bt/CMakeFiles/__idf_bt.dir/common/btc/core/btc_alarm.c.obj
[787/997] Building C object esp-idf/efuse/CMakeFiles/__idf_efuse.dir/src/esp_efuse_utility.c.obj
[788/997] Building C object esp-idf/bt/CMakeFiles/__idf_bt.dir/common/hci_log/bt_hci_log.c.obj
[789/997] Building C object esp-idf/bt/CMakeFiles/__idf_bt.dir/common/btc/core/btc_manage.c.obj
[790/997] Building C object esp-idf/bt/CMakeFiles/__idf_bt.dir/common/btc/profile/esp/blufi/blufi_prf.c.obj
[791/997] Building C object esp-idf/bt/CMakeFiles/__idf_bt.dir/common/btc/core/btc_task.c.obj
[792/997] Building C object esp-idf/bt/CMakeFiles/__idf_bt.dir/common/btc/profile/esp/blufi/blufi_protocol.c.obj
[793/997] Building C object esp-idf/bt/CMakeFiles/__idf_bt.dir/common/osi/buffer.c.obj
[794/997] Building C object esp-idf/bt/CMakeFiles/__idf_bt.dir/common/osi/allocator.c.obj
[795/997] Building C object esp-idf/bt/CMakeFiles/__idf_bt.dir/common/osi/alarm.c.obj
[796/997] Building C object esp-idf/bt/CMakeFiles/__idf_bt.dir/common/osi/future.c.obj
[797/997] Building C object esp-idf/bt/CMakeFiles/__idf_bt.dir/common/osi/pkt_queue.c.obj
[798/997] Building C object esp-idf/bt/CMakeFiles/__idf_bt.dir/common/osi/hash_functions.c.obj
[799/997] Building C object esp-idf/bt/CMakeFiles/__idf_bt.dir/common/osi/fixed_pkt_queue.c.obj
[800/997] Building C object esp-idf/bt/CMakeFiles/__idf_bt.dir/common/osi/fixed_queue.c.obj
[801/997] Building C object esp-idf/bt/CMakeFiles/__idf_bt.dir/common/osi/config.c.obj
[802/997] Building C object esp-idf/esp_ringbuf/CMakeFiles/__idf_esp_ringbuf.dir/ringbuf.c.obj
[803/997] Building C object esp-idf/bt/CMakeFiles/__idf_bt.dir/common/osi/list.c.obj
[804/997] Building C object esp-idf/bt/CMakeFiles/__idf_bt.dir/common/osi/hash_map.c.obj
[805/997] Building C object esp-idf/bt/CMakeFiles/__idf_bt.dir/common/osi/mutex.c.obj
[806/997] Building C object esp-idf/driver/CMakeFiles/__idf_driver.dir/uart/uart.c.obj
[807/997] Building C object esp-idf/bt/CMakeFiles/__idf_bt.dir/controller/esp32c3/bt.c.obj
[808/997] Building C object esp-idf/bt/CMakeFiles/__idf_bt.dir/common/osi/osi.c.obj
[809/997] Building C object esp-idf/bt/CMakeFiles/__idf_bt.dir/porting/ext/tinycrypt/src/utils.c.obj
[810/997] Building C object esp-idf/bt/CMakeFiles/__idf_bt.dir/porting/ext/tinycrypt/src/sha256.c.obj
[811/997] Building C object esp-idf/bt/CMakeFiles/__idf_bt.dir/porting/mem/bt_osi_mem.c.obj
[812/997] Building C object esp-idf/bt/CMakeFiles/__idf_bt.dir/porting/ext/tinycrypt/src/ctr_mode.c.obj
[813/997] Building C object esp-idf/bt/CMakeFiles/__idf_bt.dir/porting/ext/tinycrypt/src/aes_decrypt.c.obj
[814/997] Building C object esp-idf/bt/CMakeFiles/__idf_bt.dir/common/osi/semaphore.c.obj
[815/997] Building C object esp-idf/bt/CMakeFiles/__idf_bt.dir/porting/ext/tinycrypt/src/ctr_prng.c.obj
[816/997] Building C object esp-idf/bt/CMakeFiles/__idf_bt.dir/porting/ext/tinycrypt/src/aes_encrypt.c.obj
[817/997] Building C object esp-idf/bt/CMakeFiles/__idf_bt.dir/porting/ext/tinycrypt/src/hmac_prng.c.obj
[818/997] Building C object esp-idf/bt/CMakeFiles/__idf_bt.dir/porting/ext/tinycrypt/src/ecc_dh.c.obj
[819/997] Building C object esp-idf/bt/CMakeFiles/__idf_bt.dir/porting/ext/tinycrypt/src/cmac_mode.c.obj
[820/997] Building C object esp-idf/bt/CMakeFiles/__idf_bt.dir/porting/ext/tinycrypt/src/ecc_platform_specific.c.obj
[821/997] Building C object esp-idf/bt/CMakeFiles/__idf_bt.dir/porting/ext/tinycrypt/src/ecc_dsa.c.obj
[822/997] Building C object esp-idf/bt/CMakeFiles/__idf_bt.dir/porting/ext/tinycrypt/src/ccm_mode.c.obj
[823/997] Building C object esp-idf/bt/CMakeFiles/__idf_bt.dir/porting/ext/tinycrypt/src/cbc_mode.c.obj
[824/997] Building C object esp-idf/bt/CMakeFiles/__idf_bt.dir/porting/ext/tinycrypt/src/hmac.c.obj
[825/997] Building C object esp-idf/bt/CMakeFiles/__idf_bt.dir/common/osi/thread.c.obj
[826/997] Building C object esp-idf/console/CMakeFiles/__idf_console.dir/split_argv.c.obj
[827/997] Linking C static library esp-idf/driver/libdriver.a
[828/997] Building C object esp-idf/console/CMakeFiles/__idf_console.dir/commands.c.obj
[829/997] Building C object esp-idf/console/CMakeFiles/__idf_console.dir/argtable3/arg_dbl.c.obj
[830/997] Building C object esp-idf/console/CMakeFiles/__idf_console.dir/argtable3/arg_cmd.c.obj
[831/997] Building C object esp-idf/bt/CMakeFiles/__idf_bt.dir/porting/ext/tinycrypt/src/ecc.c.obj
[832/997] Building C object esp-idf/console/CMakeFiles/__idf_console.dir/argtable3/arg_dstr.c.obj
[833/997] Linking C static library esp-idf/esp_timer/libesp_timer.a
[834/997] Building C object esp-idf/console/CMakeFiles/__idf_console.dir/argtable3/arg_date.c.obj
[835/997] Building C object esp-idf/console/CMakeFiles/__idf_console.dir/argtable3/arg_end.c.obj
[836/997] Building C object esp-idf/console/CMakeFiles/__idf_console.dir/argtable3/arg_file.c.obj
[837/997] Building C object esp-idf/console/CMakeFiles/__idf_console.dir/argtable3/arg_hashtable.c.obj
[838/997] Building C object esp-idf/console/CMakeFiles/__idf_console.dir/argtable3/arg_int.c.obj
[839/997] Building C object esp-idf/console/CMakeFiles/__idf_console.dir/argtable3/arg_rem.c.obj
[840/997] Linking C static library esp-idf/efuse/libefuse.a
[841/997] Building C object esp-idf/console/CMakeFiles/__idf_console.dir/argtable3/arg_lit.c.obj
[842/997] Building C object esp-idf/console/CMakeFiles/__idf_console.dir/esp_console_repl.c.obj
[843/997] Linking C static library esp-idf/esp_ringbuf/libesp_ringbuf.a
[844/997] Building C object esp-idf/console/CMakeFiles/__idf_console.dir/argtable3/arg_utils.c.obj
[845/997] Building C object esp-idf/console/CMakeFiles/__idf_console.dir/argtable3/arg_str.c.obj
[846/997] Linking C static library esp-idf/xtensa/libxtensa.a
[847/997] Building C object esp-idf/unity/CMakeFiles/__idf_unity.dir/unity_runner.c.obj
[848/997] Building C object esp-idf/unity/CMakeFiles/__idf_unity.dir/unity_utils_freertos.c.obj
[849/997] Building C object esp-idf/unity/CMakeFiles/__idf_unity.dir/unity_utils_cache.c.obj
[850/997] Building C object esp-idf/console/CMakeFiles/__idf_console.dir/linenoise/linenoise.c.obj
[851/997] Building C object esp-idf/console/CMakeFiles/__idf_console.dir/argtable3/argtable3.c.obj
[852/997] Building C object esp-idf/unity/CMakeFiles/__idf_unity.dir/unity_utils_memory.c.obj
[853/997] Building C object esp-idf/unity/CMakeFiles/__idf_unity.dir/unity_port_esp32.c.obj
[854/997] Building C object esp-idf/console/CMakeFiles/__idf_console.dir/argtable3/arg_rex.c.obj
[855/997] Building C object esp-idf/protocomm/CMakeFiles/__idf_protocomm.dir/proto-c/constants.pb-c.c.obj
[856/997] Building C object esp-idf/unity/CMakeFiles/__idf_unity.dir/port/esp/unity_utils_memory_esp.c.obj
[857/997] Building C object esp-idf/protocomm/CMakeFiles/__idf_protocomm.dir/proto-c/sec0.pb-c.c.obj
[858/997] Linking C static library esp-idf/bt/libbt.a
[859/997] Linking C static library esp-idf/console/libconsole.a
[860/997] Building C object esp-idf/protocomm/CMakeFiles/__idf_protocomm.dir/proto-c/session.pb-c.c.obj
[861/997] Building C object esp-idf/protocomm/CMakeFiles/__idf_protocomm.dir/src/common/protocomm.c.obj
[862/997] Building C object esp-idf/protocomm/CMakeFiles/__idf_protocomm.dir/proto-c/sec2.pb-c.c.obj
[863/997] Building C object esp-idf/protocomm/CMakeFiles/__idf_protocomm.dir/proto-c/sec1.pb-c.c.obj
[864/997] Building C object esp-idf/unity/CMakeFiles/__idf_unity.dir/unity/src/unity.c.obj
[865/997] Building C object esp-idf/protocomm/CMakeFiles/__idf_protocomm.dir/src/transports/protocomm_console.c.obj
[866/997] Building C object esp-idf/protocomm/CMakeFiles/__idf_protocomm.dir/src/crypto/srp6a/esp_srp_mpi.c.obj
[867/997] Building CXX object esp-idf/wear_levelling/CMakeFiles/__idf_wear_levelling.dir/Partition.cpp.obj
[868/997] Building C object esp-idf/protocomm/CMakeFiles/__idf_protocomm.dir/src/security/security0.c.obj
[869/997] Building CXX object esp-idf/wear_levelling/CMakeFiles/__idf_wear_levelling.dir/SPI_Flash.cpp.obj
[870/997] Building C object esp-idf/protocomm/CMakeFiles/__idf_protocomm.dir/src/transports/protocomm_httpd.c.obj
[871/997] Building CXX object esp-idf/wear_levelling/CMakeFiles/__idf_wear_levelling.dir/crc32.cpp.obj
[872/997] Building CXX object esp-idf/wear_levelling/CMakeFiles/__idf_wear_levelling.dir/WL_Ext_Perf.cpp.obj
[873/997] Building C object esp-idf/protocomm/CMakeFiles/__idf_protocomm.dir/src/security/security2.c.obj
[874/997] Building C object esp-idf/protocomm/CMakeFiles/__idf_protocomm.dir/src/crypto/srp6a/esp_srp.c.obj
[875/997] Performing configure step for 'bootloader'
-- Found Git: /usr/bin/git (found version "2.54.0 (Apple Git-157)")
-- git rev-parse returned 'fatal: not a git repository (or any of the parent directories): .git'
fatal: not a git repository (or any of the parent directories): .git
-- The C compiler identification is GNU 12.2.0
-- The CXX compiler identification is GNU 12.2.0
-- The ASM compiler identification is GNU
-- Found assembler: /Users/lojaws/Documents/ESP32-S3-Car-Adapter/.tools/tools/xtensa-esp32s3-elf/esp-12.2.0_20230208/xtensa-esp32s3-elf/bin/xtensa-esp32s3-elf-gcc
-- Detecting C compiler ABI info
-- Detecting C compiler ABI info - done
-- Check for working C compiler: /Users/lojaws/Documents/ESP32-S3-Car-Adapter/.tools/tools/xtensa-esp32s3-elf/esp-12.2.0_20230208/xtensa-esp32s3-elf/bin/xtensa-esp32s3-elf-gcc - skipped
-- Detecting C compile features
-- Detecting C compile features - done
-- Detecting CXX compiler ABI info
-- Detecting CXX compiler ABI info - done
-- Check for working CXX compiler: /Users/lojaws/Documents/ESP32-S3-Car-Adapter/.tools/tools/xtensa-esp32s3-elf/esp-12.2.0_20230208/xtensa-esp32s3-elf/bin/xtensa-esp32s3-elf-g++ - skipped
-- Detecting CXX compile features
-- Detecting CXX compile features - done
-- git rev-parse returned 'fatal: not a git repository (or any of the parent directories): .git'
-- Could not use 'git describe' to determine PROJECT_VER.
-- Building ESP-IDF components for target esp32s3
-- Project sdkconfig file /Users/lojaws/Documents/ESP32-S3-Car-Adapter/firmware/controller-probe/build-3/sdkconfig
Compiler supported targets: xtensa-esp32s3-elf

-- Looking for sys/types.h
-- Looking for sys/types.h - found
-- Looking for stdint.h
-- Looking for stdint.h - found
-- Looking for stddef.h
-- Looking for stddef.h - found
-- Check size of time_t
-- Check size of time_t - done
-- Adding linker script /Users/lojaws/.platformio/packages/framework-espidf/components/soc/esp32s3/ld/esp32s3.peripherals.ld
-- App "bootloader" version: 1
-- Adding linker script /Users/lojaws/.platformio/packages/framework-espidf/components/esp_rom/esp32s3/ld/esp32s3.rom.ld
-- Adding linker script /Users/lojaws/.platformio/packages/framework-espidf/components/esp_rom/esp32s3/ld/esp32s3.rom.api.ld
-- Adding linker script /Users/lojaws/.platformio/packages/framework-espidf/components/esp_rom/esp32s3/ld/esp32s3.rom.bt_funcs.ld
-- Adding linker script /Users/lojaws/.platformio/packages/framework-espidf/components/esp_rom/esp32s3/ld/esp32s3.rom.libgcc.ld
-- Adding linker script /Users/lojaws/.platformio/packages/framework-espidf/components/esp_rom/esp32s3/ld/esp32s3.rom.newlib.ld
-- Adding linker script /Users/lojaws/.platformio/packages/framework-espidf/components/bootloader/subproject/main/ld/esp32s3/bootloader.ld
-- Adding linker script /Users/lojaws/.platformio/packages/framework-espidf/components/bootloader/subproject/main/ld/esp32s3/bootloader.rom.ld
-- Components: bootloader bootloader_support efuse esp_app_format esp_common esp_hw_support esp_rom esp_system esptool_py freertos hal log main micro-ecc newlib partition_table soc spi_flash xtensa
-- Component paths: /Users/lojaws/.platformio/packages/framework-espidf/components/bootloader /Users/lojaws/.platformio/packages/framework-espidf/components/bootloader_support /Users/lojaws/.platformio/packages/framework-espidf/components/efuse /Users/lojaws/.platformio/packages/framework-espidf/components/esp_app_format /Users/lojaws/.platformio/packages/framework-espidf/components/esp_common /Users/lojaws/.platformio/packages/framework-espidf/components/esp_hw_support /Users/lojaws/.platformio/packages/framework-espidf/components/esp_rom /Users/lojaws/.platformio/packages/framework-espidf/components/esp_system /Users/lojaws/.platformio/packages/framework-espidf/components/esptool_py /Users/lojaws/.platformio/packages/framework-espidf/components/freertos /Users/lojaws/.platformio/packages/framework-espidf/components/hal /Users/lojaws/.platformio/packages/framework-espidf/components/log /Users/lojaws/.platformio/packages/framework-espidf/components/bootloader/subproject/main /Users/lojaws/.platformio/packages/framework-espidf/components/bootloader/subproject/components/micro-ecc /Users/lojaws/.platformio/packages/framework-espidf/components/newlib /Users/lojaws/.platformio/packages/framework-espidf/components/partition_table /Users/lojaws/.platformio/packages/framework-espidf/components/soc /Users/lojaws/.platformio/packages/framework-espidf/components/spi_flash /Users/lojaws/.platformio/packages/framework-espidf/components/xtensa
-- Configuring done (3.9s)
-- Generating done (0.1s)
-- Build files have been written to: /Users/lojaws/Documents/ESP32-S3-Car-Adapter/firmware/controller-probe/build-3/bootloader
[876/997] Building C object esp-idf/protocomm/CMakeFiles/__idf_protocomm.dir/src/security/security1.c.obj
[877/997] Building CXX object esp-idf/wear_levelling/CMakeFiles/__idf_wear_levelling.dir/WL_Ext_Safe.cpp.obj
[878/997] Building CXX object esp-idf/wear_levelling/CMakeFiles/__idf_wear_levelling.dir/wear_levelling.cpp.obj
[879/997] Building C object esp-idf/sdmmc/CMakeFiles/__idf_sdmmc.dir/sdmmc_init.c.obj
[880/997] Building C object esp-idf/sdmmc/CMakeFiles/__idf_sdmmc.dir/sdmmc_common.c.obj
[881/997] Building ASM object esp-idf/__pio_env/CMakeFiles/__idf___pio_env.dir/__dummy.S.obj
[882/997] Building C object esp-idf/sdmmc/CMakeFiles/__idf_sdmmc.dir/sdmmc_io.c.obj
[883/997] Building C object esp-idf/json/CMakeFiles/__idf_json.dir/cJSON/cJSON_Utils.c.obj
[884/997] Building C object esp-idf/sdmmc/CMakeFiles/__idf_sdmmc.dir/sdmmc_mmc.c.obj
[885/997] Building C object esp-idf/__pio_env/CMakeFiles/__idf___pio_env.dir/__dummy.c.obj
[886/997] Building CXX object esp-idf/__pio_env/CMakeFiles/__idf___pio_env.dir/__dummy.cpp.obj
[887/997] Building C object esp-idf/sdmmc/CMakeFiles/__idf_sdmmc.dir/sdmmc_sd.c.obj
[888/997] Building C object esp-idf/protobuf-c/CMakeFiles/__idf_protobuf-c.dir/protobuf-c/protobuf-c/protobuf-c.c.obj
[889/997] Building C object esp-idf/sdmmc/CMakeFiles/__idf_sdmmc.dir/sdmmc_cmd.c.obj
[890/997] Linking C static library esp-idf/protobuf-c/libprotobuf-c.a
[891/997] Linking C static library esp-idf/unity/libunity.a
[892/997] Building C object esp-idf/app_trace/CMakeFiles/__idf_app_trace.dir/host_file_io.c.obj
[893/997] Building C object esp-idf/app_trace/CMakeFiles/__idf_app_trace.dir/app_trace_util.c.obj
[894/997] Building C object esp-idf/cmock/CMakeFiles/__idf_cmock.dir/CMock/src/cmock.c.obj
[895/997] Building C object esp-idf/app_trace/CMakeFiles/__idf_app_trace.dir/port/port_uart.c.obj
[896/997] Building C object esp-idf/esp_hid/CMakeFiles/__idf_esp_hid.dir/src/esp_hidd.c.obj
[897/997] Building C object esp-idf/esp_lcd/CMakeFiles/__idf_esp_lcd.dir/src/esp_lcd_panel_io.c.obj
[898/997] Building C object esp-idf/esp_lcd/CMakeFiles/__idf_esp_lcd.dir/src/esp_lcd_common.c.obj
[899/997] Building CXX object esp-idf/wear_levelling/CMakeFiles/__idf_wear_levelling.dir/WL_Flash.cpp.obj
[900/997] Building C object esp-idf/esp_hid/CMakeFiles/__idf_esp_hid.dir/src/esp_hid_common.c.obj
[901/997] Building C object esp-idf/esp_lcd/CMakeFiles/__idf_esp_lcd.dir/src/esp_lcd_panel_nt35510.c.obj
[902/997] Building C object esp-idf/app_trace/CMakeFiles/__idf_app_trace.dir/app_trace.c.obj
[903/997] Building C object esp-idf/esp_lcd/CMakeFiles/__idf_esp_lcd.dir/src/esp_lcd_panel_ssd1306.c.obj
[904/997] Building C object esp-idf/esp_lcd/CMakeFiles/__idf_esp_lcd.dir/src/esp_lcd_panel_ops.c.obj
[905/997] Building C object esp-idf/esp_lcd/CMakeFiles/__idf_esp_lcd.dir/src/esp_lcd_panel_io_i2c.c.obj
[906/997] Building C object esp-idf/esp_lcd/CMakeFiles/__idf_esp_lcd.dir/src/esp_lcd_panel_st7789.c.obj
[907/997] Linking C static library esp-idf/protocomm/libprotocomm.a
[908/997] Building C object esp-idf/esp_hid/CMakeFiles/__idf_esp_hid.dir/src/esp_hidh.c.obj
[909/997] Building C object esp-idf/espcoredump/CMakeFiles/__idf_espcoredump.dir/src/core_dump_common.c.obj
[910/997] Building C object esp-idf/esp_local_ctrl/CMakeFiles/__idf_esp_local_ctrl.dir/src/esp_local_ctrl_transport_httpd.c.obj
[911/997] Building C object esp-idf/esp_lcd/CMakeFiles/__idf_esp_lcd.dir/src/esp_lcd_panel_io_spi.c.obj
[912/997] Building C object esp-idf/esp_local_ctrl/CMakeFiles/__idf_esp_local_ctrl.dir/proto-c/esp_local_ctrl.pb-c.c.obj
[913/997] Building C object esp-idf/esp_local_ctrl/CMakeFiles/__idf_esp_local_ctrl.dir/src/esp_local_ctrl.c.obj
[914/997] Building C object esp-idf/espcoredump/CMakeFiles/__idf_espcoredump.dir/src/core_dump_crc.c.obj
[915/997] Building C object esp-idf/espcoredump/CMakeFiles/__idf_espcoredump.dir/src/core_dump_sha.c.obj
[916/997] Building C object esp-idf/json/CMakeFiles/__idf_json.dir/cJSON/cJSON.c.obj
[917/997] Building C object esp-idf/espcoredump/CMakeFiles/__idf_espcoredump.dir/src/core_dump_flash.c.obj
[918/997] Building C object esp-idf/espcoredump/CMakeFiles/__idf_espcoredump.dir/src/core_dump_uart.c.obj
[919/997] Building C object esp-idf/esp_lcd/CMakeFiles/__idf_esp_lcd.dir/src/esp_lcd_panel_io_i80.c.obj
[920/997] Building C object esp-idf/espcoredump/CMakeFiles/__idf_espcoredump.dir/src/core_dump_elf.c.obj
[921/997] Building C object esp-idf/espcoredump/CMakeFiles/__idf_espcoredump.dir/src/core_dump_binary.c.obj
[922/997] Linking C static library esp-idf/wear_levelling/libwear_levelling.a
[923/997] Linking C static library esp-idf/sdmmc/libsdmmc.a
[924/997] Building C object esp-idf/esp_local_ctrl/CMakeFiles/__idf_esp_local_ctrl.dir/src/esp_local_ctrl_handler.c.obj
[925/997] Building C object esp-idf/espcoredump/CMakeFiles/__idf_espcoredump.dir/src/port/xtensa/core_dump_port.c.obj
[926/997] Building C object esp-idf/esp_lcd/CMakeFiles/__idf_esp_lcd.dir/src/esp_lcd_panel_rgb.c.obj
[927/997] Building C object esp-idf/fatfs/CMakeFiles/__idf_fatfs.dir/diskio/diskio_rawflash.c.obj
[928/997] Building C object esp-idf/fatfs/CMakeFiles/__idf_fatfs.dir/diskio/diskio.c.obj
[929/997] Building C object esp-idf/fatfs/CMakeFiles/__idf_fatfs.dir/port/freertos/ffsystem.c.obj
[930/997] Building C object esp-idf/fatfs/CMakeFiles/__idf_fatfs.dir/diskio/diskio_sdmmc.c.obj
[931/997] Building C object esp-idf/fatfs/CMakeFiles/__idf_fatfs.dir/diskio/diskio_wl.c.obj
[932/997] Building C object esp-idf/fatfs/CMakeFiles/__idf_fatfs.dir/src/ffunicode.c.obj
[933/997] Linking C static library esp-idf/json/libjson.a
[934/997] Building C object esp-idf/mqtt/CMakeFiles/__idf_mqtt.dir/esp-mqtt/lib/platform_esp32_idf.c.obj
[935/997] Building C object esp-idf/perfmon/CMakeFiles/__idf_perfmon.dir/xtensa_perfmon_access.c.obj
[936/997] Building C object esp-idf/perfmon/CMakeFiles/__idf_perfmon.dir/xtensa_perfmon_apis.c.obj
[937/997] Building C object esp-idf/fatfs/CMakeFiles/__idf_fatfs.dir/vfs/vfs_fat_spiflash.c.obj
[938/997] Building C object esp-idf/mqtt/CMakeFiles/__idf_mqtt.dir/esp-mqtt/lib/mqtt_outbox.c.obj
[939/997] Building C object esp-idf/fatfs/CMakeFiles/__idf_fatfs.dir/vfs/vfs_fat_sdmmc.c.obj
[940/997] Building C object esp-idf/perfmon/CMakeFiles/__idf_perfmon.dir/xtensa_perfmon_masks.c.obj
[941/997] Building C object esp-idf/spiffs/CMakeFiles/__idf_spiffs.dir/spiffs_api.c.obj
[942/997] Building C object esp-idf/mqtt/CMakeFiles/__idf_mqtt.dir/esp-mqtt/lib/mqtt_msg.c.obj
[943/997] Building C object esp-idf/spiffs/CMakeFiles/__idf_spiffs.dir/spiffs/src/spiffs_cache.c.obj
[944/997] Building C object esp-idf/spiffs/CMakeFiles/__idf_spiffs.dir/spiffs/src/spiffs_gc.c.obj
[945/997] Building C object esp-idf/fatfs/CMakeFiles/__idf_fatfs.dir/vfs/vfs_fat.c.obj
[946/997] Building C object esp-idf/spiffs/CMakeFiles/__idf_spiffs.dir/spiffs/src/spiffs_check.c.obj
[947/997] Building C object esp-idf/touch_element/CMakeFiles/__idf_touch_element.dir/touch_button.c.obj
[948/997] Building C object esp-idf/spiffs/CMakeFiles/__idf_spiffs.dir/esp_spiffs.c.obj
[949/997] Building C object esp-idf/spiffs/CMakeFiles/__idf_spiffs.dir/spiffs/src/spiffs_hydrogen.c.obj
[950/997] Building C object esp-idf/touch_element/CMakeFiles/__idf_touch_element.dir/touch_matrix.c.obj
[951/997] Building C object esp-idf/usb/CMakeFiles/__idf_usb.dir/usb_helpers.c.obj
[952/997] Building C object esp-idf/touch_element/CMakeFiles/__idf_touch_element.dir/touch_slider.c.obj
[953/997] Building C object esp-idf/touch_element/CMakeFiles/__idf_touch_element.dir/touch_element.c.obj
[954/997] Building C object esp-idf/usb/CMakeFiles/__idf_usb.dir/hub.c.obj
[955/997] Building C object esp-idf/usb/CMakeFiles/__idf_usb.dir/usb_private.c.obj
[956/997] Building C object esp-idf/fatfs/CMakeFiles/__idf_fatfs.dir/src/ff.c.obj
[957/997] Building C object esp-idf/usb/CMakeFiles/__idf_usb.dir/usb_host.c.obj
[958/997] Building C object esp-idf/wifi_provisioning/CMakeFiles/__idf_wifi_provisioning.dir/src/wifi_ctrl.c.obj
[959/997] Building C object esp-idf/spiffs/CMakeFiles/__idf_spiffs.dir/spiffs/src/spiffs_nucleus.c.obj
[960/997] Building C object esp-idf/wifi_provisioning/CMakeFiles/__idf_wifi_provisioning.dir/src/wifi_scan.c.obj
[961/997] Building C object esp-idf/wifi_provisioning/CMakeFiles/__idf_wifi_provisioning.dir/src/wifi_config.c.obj
[962/997] Building C object esp-idf/usb/CMakeFiles/__idf_usb.dir/usbh.c.obj
[963/997] Building C object esp-idf/wifi_provisioning/CMakeFiles/__idf_wifi_provisioning.dir/src/handlers.c.obj
[964/997] Building C object esp-idf/mqtt/CMakeFiles/__idf_mqtt.dir/esp-mqtt/mqtt_client.c.obj
[965/997] Building C object esp-idf/wifi_provisioning/CMakeFiles/__idf_wifi_provisioning.dir/proto-c/wifi_constants.pb-c.c.obj
[966/997] Building C object esp-idf/usb/CMakeFiles/__idf_usb.dir/usb_phy.c.obj
[967/997] Building C object esp-idf/wifi_provisioning/CMakeFiles/__idf_wifi_provisioning.dir/proto-c/wifi_ctrl.pb-c.c.obj
[968/997] Building C object esp-idf/wifi_provisioning/CMakeFiles/__idf_wifi_provisioning.dir/proto-c/wifi_config.pb-c.c.obj
[969/997] Building C object esp-idf/wifi_provisioning/CMakeFiles/__idf_wifi_provisioning.dir/src/scheme_console.c.obj
[970/997] Building C object esp-idf/main/CMakeFiles/__idf_main.dir/probe.c.obj
[971/997] Building C object esp-idf/wifi_provisioning/CMakeFiles/__idf_wifi_provisioning.dir/proto-c/wifi_scan.pb-c.c.obj
[972/997] Linking C static library esp-idf/__pio_env/lib__pio_env.a
[973/997] Building C object esp-idf/usb/CMakeFiles/__idf_usb.dir/hcd_dwc.c.obj
[974/997] Building C object esp-idf/wifi_provisioning/CMakeFiles/__idf_wifi_provisioning.dir/src/scheme_softap.c.obj
[975/997] Linking C static library esp-idf/cmock/libcmock.a
[976/997] Linking C static library esp-idf/esp_hid/libesp_hid.a
[977/997] Linking C static library esp-idf/app_trace/libapp_trace.a
[978/997] Linking C static library esp-idf/esp_local_ctrl/libesp_local_ctrl.a
[979/997] Linking C static library esp-idf/esp_lcd/libesp_lcd.a
[980/997] Linking C static library esp-idf/espcoredump/libespcoredump.a
[981/997] Linking C static library esp-idf/mqtt/libmqtt.a
[982/997] Linking C static library esp-idf/fatfs/libfatfs.a
[983/997] Linking C static library esp-idf/perfmon/libperfmon.a
[984/997] Linking C static library esp-idf/spiffs/libspiffs.a
[985/997] Linking C static library esp-idf/main/libmain.a
[986/997] Linking C static library esp-idf/touch_element/libtouch_element.a
[987/997] Linking C static library esp-idf/usb/libusb.a
[988/997] Building C object esp-idf/wifi_provisioning/CMakeFiles/__idf_wifi_provisioning.dir/src/manager.c.obj
[989/997] Linking C static library esp-idf/wifi_provisioning/libwifi_provisioning.a
[990/997] Performing build step for 'bootloader'
[1/112] Building C object esp-idf/esp_rom/CMakeFiles/__idf_esp_rom.dir/patches/esp_rom_crc.c.obj
[2/112] Building C object esp-idf/esp_rom/CMakeFiles/__idf_esp_rom.dir/patches/esp_rom_sys.c.obj
[3/112] Building ASM object esp-idf/esp_rom/CMakeFiles/__idf_esp_rom.dir/patches/esp_rom_longjmp.S.obj
[4/112] Building C object esp-idf/esp_rom/CMakeFiles/__idf_esp_rom.dir/patches/esp_rom_gpio.c.obj
[5/112] Building C object esp-idf/esp_rom/CMakeFiles/__idf_esp_rom.dir/patches/esp_rom_efuse.c.obj
[6/112] Building C object esp-idf/esp_rom/CMakeFiles/__idf_esp_rom.dir/patches/esp_rom_spiflash.c.obj
[7/112] Building C object esp-idf/esp_rom/CMakeFiles/__idf_esp_rom.dir/patches/esp_rom_systimer.c.obj
[8/112] Building C object esp-idf/esp_rom/CMakeFiles/__idf_esp_rom.dir/patches/esp_rom_wdt.c.obj
[9/112] Building ASM object esp-idf/esp_rom/CMakeFiles/__idf_esp_rom.dir/patches/esp_rom_cache_writeback_esp32s3.S.obj
[10/112] Building C object esp-idf/log/CMakeFiles/__idf_log.dir/log_noos.c.obj
[11/112] Building C object esp-idf/esp_rom/CMakeFiles/__idf_esp_rom.dir/patches/esp_rom_uart.c.obj
[12/112] Building C object esp-idf/esp_rom/CMakeFiles/__idf_esp_rom.dir/patches/esp_rom_cache_esp32s2_esp32s3.c.obj
[13/112] Building C object esp-idf/esp_common/CMakeFiles/__idf_esp_common.dir/src/esp_err_to_name.c.obj
[14/112] Building C object esp-idf/esp_hw_support/CMakeFiles/__idf_esp_hw_support.dir/esp_memory_utils.c.obj
[15/112] Building C object esp-idf/esp_hw_support/CMakeFiles/__idf_esp_hw_support.dir/port/esp32s3/esp_cpu_intr.c.obj
[16/112] Building C object esp-idf/log/CMakeFiles/__idf_log.dir/log_buffers.c.obj
[17/112] Building C object esp-idf/esp_hw_support/CMakeFiles/__idf_esp_hw_support.dir/port/esp32s3/cpu_region_protect.c.obj
[18/112] Building C object esp-idf/esp_hw_support/CMakeFiles/__idf_esp_hw_support.dir/cpu.c.obj
[19/112] Building C object esp-idf/log/CMakeFiles/__idf_log.dir/log.c.obj
[20/112] Building C object esp-idf/esp_hw_support/CMakeFiles/__idf_esp_hw_support.dir/port/esp32s3/chip_info.c.obj
[21/112] Building C object esp-idf/esp_hw_support/CMakeFiles/__idf_esp_hw_support.dir/port/esp32s3/rtc_clk_init.c.obj
[22/112] Building C object esp-idf/efuse/CMakeFiles/__idf_efuse.dir/esp32s3/esp_efuse_fields.c.obj
[23/112] Building C object esp-idf/esp_system/CMakeFiles/__idf_esp_system.dir/esp_err.c.obj
[24/112] Linking C static library esp-idf/log/liblog.a
[25/112] Building C object esp-idf/efuse/CMakeFiles/__idf_efuse.dir/esp32s3/esp_efuse_table.c.obj
[26/112] Building C object esp-idf/esp_hw_support/CMakeFiles/__idf_esp_hw_support.dir/port/esp32s3/rtc_time.c.obj
[27/112] Building C object esp-idf/esp_hw_support/CMakeFiles/__idf_esp_hw_support.dir/port/esp32s3/rtc_sleep.c.obj
[28/112] Linking C static library esp-idf/esp_rom/libesp_rom.a
[29/112] Building C object esp-idf/efuse/CMakeFiles/__idf_efuse.dir/src/esp_efuse_fields.c.obj
[30/112] Building C object esp-idf/efuse/CMakeFiles/__idf_efuse.dir/esp32s3/esp_efuse_utility.c.obj
[31/112] Building C object esp-idf/efuse/CMakeFiles/__idf_efuse.dir/esp32s3/esp_efuse_rtc_calib.c.obj
[32/112] Building C object esp-idf/efuse/CMakeFiles/__idf_efuse.dir/src/esp_efuse_api.c.obj
[33/112] Linking C static library esp-idf/esp_common/libesp_common.a
[34/112] Building C object esp-idf/bootloader_support/CMakeFiles/__idf_bootloader_support.dir/src/bootloader_clock_init.c.obj
[35/112] Building C object esp-idf/bootloader_support/CMakeFiles/__idf_bootloader_support.dir/src/bootloader_mem.c.obj
[36/112] Building C object esp-idf/bootloader_support/CMakeFiles/__idf_bootloader_support.dir/src/bootloader_common.c.obj
[37/112] Building C object esp-idf/bootloader_support/CMakeFiles/__idf_bootloader_support.dir/src/bootloader_common_loader.c.obj
[38/112] Building C object esp-idf/bootloader_support/CMakeFiles/__idf_bootloader_support.dir/src/bootloader_random.c.obj
[39/112] Building C object esp-idf/efuse/CMakeFiles/__idf_efuse.dir/src/efuse_controller/keys/with_key_purposes/esp_efuse_api_key.c.obj
[40/112] Building C object esp-idf/bootloader_support/CMakeFiles/__idf_bootloader_support.dir/src/bootloader_random_esp32s3.c.obj
[41/112] Building C object esp-idf/bootloader_support/CMakeFiles/__idf_bootloader_support.dir/src/secure_boot.c.obj
[42/112] Building C object esp-idf/bootloader_support/CMakeFiles/__idf_bootloader_support.dir/src/bootloader_efuse.c.obj
[43/112] Building C object esp-idf/esp_hw_support/CMakeFiles/__idf_esp_hw_support.dir/port/esp32s3/rtc_clk.c.obj
[44/112] Building C object esp-idf/bootloader_support/CMakeFiles/__idf_bootloader_support.dir/src/flash_encrypt.c.obj
[45/112] Building C object esp-idf/bootloader_support/CMakeFiles/__idf_bootloader_support.dir/bootloader_flash/src/flash_qio_mode.c.obj
[46/112] Building C object esp-idf/bootloader_support/CMakeFiles/__idf_bootloader_support.dir/src/flash_partitions.c.obj
[47/112] Building C object esp-idf/esp_hw_support/CMakeFiles/__idf_esp_hw_support.dir/port/esp32s3/rtc_init.c.obj
[48/112] Building C object esp-idf/efuse/CMakeFiles/__idf_efuse.dir/src/esp_efuse_utility.c.obj
[49/112] Building C object esp-idf/bootloader_support/CMakeFiles/__idf_bootloader_support.dir/src/bootloader_console_loader.c.obj
[50/112] Building C object esp-idf/bootloader_support/CMakeFiles/__idf_bootloader_support.dir/src/bootloader_clock_loader.c.obj
[51/112] Building C object esp-idf/bootloader_support/CMakeFiles/__idf_bootloader_support.dir/bootloader_flash/src/bootloader_flash_config_esp32s3.c.obj
[52/112] Linking C static library esp-idf/esp_hw_support/libesp_hw_support.a
[53/112] Building C object esp-idf/bootloader_support/CMakeFiles/__idf_bootloader_support.dir/src/bootloader_console.c.obj
[54/112] Building C object esp-idf/bootloader_support/CMakeFiles/__idf_bootloader_support.dir/src/esp32s3/bootloader_sha.c.obj
[55/112] Building C object esp-idf/bootloader_support/CMakeFiles/__idf_bootloader_support.dir/src/esp32s3/bootloader_soc.c.obj
[56/112] Building C object esp-idf/bootloader_support/CMakeFiles/__idf_bootloader_support.dir/src/bootloader_panic.c.obj
[57/112] Linking C static library esp-idf/esp_system/libesp_system.a
[58/112] Building C object esp-idf/esp_app_format/CMakeFiles/__idf_esp_app_format.dir/esp_app_desc.c.obj
[59/112] Building C object esp-idf/bootloader_support/CMakeFiles/__idf_bootloader_support.dir/src/bootloader_init.c.obj
[60/112] Building C object esp-idf/hal/CMakeFiles/__idf_hal.dir/mpu_hal.c.obj
[61/112] Building C object esp-idf/spi_flash/CMakeFiles/__idf_spi_flash.dir/spi_flash_wrap.c.obj
[62/112] Linking C static library esp-idf/efuse/libefuse.a
[63/112] Building C object esp-idf/hal/CMakeFiles/__idf_hal.dir/efuse_hal.c.obj
[64/112] Building C object esp-idf/bootloader_support/CMakeFiles/__idf_bootloader_support.dir/src/esp32s3/bootloader_esp32s3.c.obj
[65/112] Building C object esp-idf/hal/CMakeFiles/__idf_hal.dir/esp32s3/efuse_hal.c.obj
[66/112] Building C object esp-idf/soc/CMakeFiles/__idf_soc.dir/lldesc.c.obj
[67/112] Building C object esp-idf/soc/CMakeFiles/__idf_soc.dir/esp32s3/interrupts.c.obj
[68/112] Building C object esp-idf/soc/CMakeFiles/__idf_soc.dir/dport_access_common.c.obj
[69/112] Building C object esp-idf/soc/CMakeFiles/__idf_soc.dir/esp32s3/adc_periph.c.obj
[70/112] Building C object esp-idf/soc/CMakeFiles/__idf_soc.dir/esp32s3/dedic_gpio_periph.c.obj
[71/112] Building C object esp-idf/hal/CMakeFiles/__idf_hal.dir/cache_hal.c.obj
[72/112] Building C object esp-idf/soc/CMakeFiles/__idf_soc.dir/esp32s3/gpio_periph.c.obj
[73/112] Building C object esp-idf/soc/CMakeFiles/__idf_soc.dir/esp32s3/uart_periph.c.obj
[74/112] Building C object esp-idf/soc/CMakeFiles/__idf_soc.dir/esp32s3/gdma_periph.c.obj
[75/112] Building C object esp-idf/soc/CMakeFiles/__idf_soc.dir/esp32s3/rmt_periph.c.obj
[76/112] Building C object esp-idf/soc/CMakeFiles/__idf_soc.dir/esp32s3/spi_periph.c.obj
[77/112] Building C object esp-idf/bootloader_support/CMakeFiles/__idf_bootloader_support.dir/src/bootloader_utility.c.obj
[78/112] Building C object esp-idf/soc/CMakeFiles/__idf_soc.dir/esp32s3/ledc_periph.c.obj
[79/112] Building C object esp-idf/soc/CMakeFiles/__idf_soc.dir/esp32s3/pcnt_periph.c.obj
[80/112] Building C object esp-idf/hal/CMakeFiles/__idf_hal.dir/mmu_hal.c.obj
[81/112] Building C object esp-idf/soc/CMakeFiles/__idf_soc.dir/esp32s3/sdm_periph.c.obj
[82/112] Building C object esp-idf/soc/CMakeFiles/__idf_soc.dir/esp32s3/lcd_periph.c.obj
[83/112] Building C object esp-idf/soc/CMakeFiles/__idf_soc.dir/esp32s3/temperature_sensor_periph.c.obj
[84/112] Building C object esp-idf/soc/CMakeFiles/__idf_soc.dir/esp32s3/i2s_periph.c.obj
[85/112] Building C object esp-idf/soc/CMakeFiles/__idf_soc.dir/esp32s3/i2c_periph.c.obj
[86/112] Building C object esp-idf/soc/CMakeFiles/__idf_soc.dir/esp32s3/timer_periph.c.obj
[87/112] Building C object esp-idf/soc/CMakeFiles/__idf_soc.dir/esp32s3/mcpwm_periph.c.obj
[88/112] Building C object esp-idf/soc/CMakeFiles/__idf_soc.dir/esp32s3/sdmmc_periph.c.obj
[89/112] Building C object esp-idf/soc/CMakeFiles/__idf_soc.dir/esp32s3/twai_periph.c.obj
[90/112] Building C object esp-idf/soc/CMakeFiles/__idf_soc.dir/esp32s3/usb_dwc_periph.c.obj
[91/112] Building C object esp-idf/soc/CMakeFiles/__idf_soc.dir/esp32s3/touch_sensor_periph.c.obj
[92/112] Building C object esp-idf/soc/CMakeFiles/__idf_soc.dir/esp32s3/usb_periph.c.obj
[93/112] Generating project_elf_src_esp32s3.c
[94/112] Building C object esp-idf/xtensa/CMakeFiles/__idf_xtensa.dir/eri.c.obj
[95/112] Building C object esp-idf/soc/CMakeFiles/__idf_soc.dir/esp32s3/rtc_io_periph.c.obj
[96/112] Building C object esp-idf/bootloader_support/CMakeFiles/__idf_bootloader_support.dir/bootloader_flash/src/bootloader_flash.c.obj
[97/112] Building C object esp-idf/xtensa/CMakeFiles/__idf_xtensa.dir/xt_trax.c.obj
[98/112] Building C object CMakeFiles/bootloader.elf.dir/project_elf_src_esp32s3.c.obj
[99/112] Building C object esp-idf/main/CMakeFiles/__idf_main.dir/bootloader_start.c.obj
[100/112] Building C object esp-idf/bootloader_support/CMakeFiles/__idf_bootloader_support.dir/src/esp_image_format.c.obj
[101/112] Linking C static library esp-idf/bootloader_support/libbootloader_support.a
[102/112] Linking C static library esp-idf/esp_app_format/libesp_app_format.a
[103/112] Linking C static library esp-idf/spi_flash/libspi_flash.a
[104/112] Linking C static library esp-idf/hal/libhal.a
[105/112] Building C object esp-idf/micro-ecc/CMakeFiles/__idf_micro-ecc.dir/uECC_verify_antifault.c.obj
[106/112] Linking C static library esp-idf/micro-ecc/libmicro-ecc.a
[107/112] Linking C static library esp-idf/soc/libsoc.a
[108/112] Linking C static library esp-idf/xtensa/libxtensa.a
[109/112] Linking C static library esp-idf/main/libmain.a
[110/112] Linking C executable bootloader.elf
[111/112] Generating binary image from built executable
esptool.py v4.12.0
Creating esp32s3 image...
Merged 1 ELF section
Successfully created esp32s3 image.
Generated /Users/lojaws/Documents/ESP32-S3-Car-Adapter/firmware/controller-probe/build-3/bootloader/bootloader.bin
[112/112] cd /Users/lojaws/Documents/ESP32-S3-Car-Adapter/firmware/controller-probe/build-3/bootloader/esp-idf/esptool_py && /Users/lojaws/Documents/ESP32-S3-Car-Adapter/.tools/python_env/idf5.1_py3.9_env/bin/python /Users/lojaws/.platformio/packages/framework-espidf/components/partition_table/check_sizes.py --offset 0x8000 bootloader 0x0 /Users/lojaws/Documents/ESP32-S3-Car-Adapter/firmware/controller-probe/build-3/bootloader/bootloader.bin
Bootloader binary size 0x51d0 bytes. 0x2e30 bytes (36%) free.
[991/997] No install step for 'bootloader'
[992/997] Completed 'bootloader'
[993/997] Generating ld/sections.ld
[994/997] Building C object CMakeFiles/s3_controller_probe.elf.dir/project_elf_src_esp32s3.c.obj
[995/997] Linking CXX executable s3_controller_probe.elf
[996/997] Generating binary image from built executable
esptool.py v4.12.0
Creating esp32s3 image...
Merged 2 ELF sections
Successfully created esp32s3 image.
Generated /Users/lojaws/Documents/ESP32-S3-Car-Adapter/firmware/controller-probe/build-3/s3_controller_probe.bin
[997/997] cd /Users/lojaws/Documents/ESP32-S3-Car-Adapter/firmware/controller-probe/build-3/esp-idf/esptool_py && /Users/lojaws/Documents/ESP32-S3-Car-Adapter/.tools/python_env/idf5.1_py3.9_env/bin/python /Users/lojaws/.platformio/packages/framework-espidf/components/partition_table/check_sizes.py --offset 0x8000 partition --type app /Users/lojaws/Documents/ESP32-S3-Car-Adapter/firmware/controller-probe/build-3/partition_table/partition-table.bin /Users/lojaws/Documents/ESP32-S3-Car-Adapter/firmware/controller-probe/build-3/s3_controller_probe.bin
s3_controller_probe.bin binary size 0x5f7e0 bytes. Smallest app partition is 0x100000 bytes. 0xa0820 bytes (63%) free.

Project build complete. To flash, run this command:
/Users/lojaws/Documents/ESP32-S3-Car-Adapter/.tools/python_env/idf5.1_py3.9_env/bin/python ../../../../.platformio/packages/framework-espidf/components/esptool_py/esptool/esptool.py -p (PORT) -b 460800 --before default_reset --after hard_reset --chip esp32s3  write_flash --flash_mode dio --flash_size 2MB --flash_freq 80m 0x0 build-3/bootloader/bootloader.bin 0x8000 build-3/partition_table/partition-table.bin 0x10000 build-3/s3_controller_probe.bin
or run 'idf.py -p (PORT) flash'
Executing action: all (aliases: build)
Running cmake in directory /Users/lojaws/Documents/ESP32-S3-Car-Adapter/firmware/controller-probe/build-4
Executing "cmake -G Ninja -DPYTHON_DEPS_CHECKED=1 -DPYTHON=/Users/lojaws/Documents/ESP32-S3-Car-Adapter/.tools/python_env/idf5.1_py3.9_env/bin/python -DESP_PLATFORM=1 -DIDF_TARGET=esp32s3 -DSDKCONFIG=build-4/sdkconfig -DPROBE_CASE=4 -DCCACHE_ENABLE=0 /Users/lojaws/Documents/ESP32-S3-Car-Adapter/firmware/controller-probe"...
-- Found Git: /usr/bin/git (found version "2.54.0 (Apple Git-157)")
-- git rev-parse returned 'fatal: not a git repository (or any of the parent directories): .git'
fatal: not a git repository (or any of the parent directories): .git
-- The C compiler identification is GNU 12.2.0
-- The CXX compiler identification is GNU 12.2.0
-- The ASM compiler identification is GNU
-- Found assembler: /Users/lojaws/Documents/ESP32-S3-Car-Adapter/.tools/tools/xtensa-esp32s3-elf/esp-12.2.0_20230208/xtensa-esp32s3-elf/bin/xtensa-esp32s3-elf-gcc
-- Detecting C compiler ABI info
-- Detecting C compiler ABI info - done
-- Check for working C compiler: /Users/lojaws/Documents/ESP32-S3-Car-Adapter/.tools/tools/xtensa-esp32s3-elf/esp-12.2.0_20230208/xtensa-esp32s3-elf/bin/xtensa-esp32s3-elf-gcc - skipped
-- Detecting C compile features
-- Detecting C compile features - done
-- Detecting CXX compiler ABI info
-- Detecting CXX compiler ABI info - done
-- Check for working CXX compiler: /Users/lojaws/Documents/ESP32-S3-Car-Adapter/.tools/tools/xtensa-esp32s3-elf/esp-12.2.0_20230208/xtensa-esp32s3-elf/bin/xtensa-esp32s3-elf-g++ - skipped
-- Detecting CXX compile features
-- Detecting CXX compile features - done
-- git rev-parse returned 'fatal: not a git repository (or any of the parent directories): .git'
-- Could not use 'git describe' to determine PROJECT_VER.
-- Building ESP-IDF components for target esp32s3
-- Project sdkconfig file /Users/lojaws/Documents/ESP32-S3-Car-Adapter/firmware/controller-probe/build-4/sdkconfig
Loading defaults file /Users/lojaws/Documents/ESP32-S3-Car-Adapter/firmware/controller-probe/sdkconfig.defaults...
Compiler supported targets: xtensa-esp32s3-elf

-- Looking for sys/types.h
-- Looking for sys/types.h - found
-- Looking for stdint.h
-- Looking for stdint.h - found
-- Looking for stddef.h
-- Looking for stddef.h - found
-- Check size of time_t
-- Check size of time_t - done
CMake Deprecation Warning at /Users/lojaws/.platformio/packages/framework-espidf/components/mbedtls/mbedtls/CMakeLists.txt:21 (cmake_minimum_required):
  Compatibility with CMake < 3.10 will be removed from a future version of
  CMake.

  Update the VERSION argument <min> value.  Or, use the <min>...<max> syntax
  to tell CMake that the project requires at least <min> but has been updated
  to work with policies introduced by <max> or earlier.


-- Found Python3: /Users/lojaws/Documents/ESP32-S3-Car-Adapter/.tools/python_env/idf5.1_py3.9_env/bin/python (found version "3.9.6") found components: Interpreter
-- Performing Test CMAKE_HAVE_LIBC_PTHREAD
-- Performing Test CMAKE_HAVE_LIBC_PTHREAD - Failed
-- Check if compiler accepts -pthread
-- Check if compiler accepts -pthread - no
-- Looking for pthread_create in pthreads
-- Looking for pthread_create in pthreads - not found
-- Looking for pthread_create in pthread
-- Looking for pthread_create in pthread - not found
-- Could NOT find Threads (missing: Threads_FOUND) 
-- Performing Test C_COMPILER_SUPPORTS_WFORMAT_SIGNEDNESS
-- Performing Test C_COMPILER_SUPPORTS_WFORMAT_SIGNEDNESS - Success
-- App "s3_controller_probe" version: 1
-- Adding linker script /Users/lojaws/Documents/ESP32-S3-Car-Adapter/firmware/controller-probe/build-4/esp-idf/esp_system/ld/memory.ld
-- Adding linker script /Users/lojaws/.platformio/packages/framework-espidf/components/esp_system/ld/esp32s3/sections.ld.in
-- Adding linker script /Users/lojaws/.platformio/packages/framework-espidf/components/esp_rom/esp32s3/ld/esp32s3.rom.ld
-- Adding linker script /Users/lojaws/.platformio/packages/framework-espidf/components/esp_rom/esp32s3/ld/esp32s3.rom.api.ld
-- Adding linker script /Users/lojaws/.platformio/packages/framework-espidf/components/esp_rom/esp32s3/ld/esp32s3.rom.bt_funcs.ld
-- Adding linker script /Users/lojaws/.platformio/packages/framework-espidf/components/esp_rom/esp32s3/ld/esp32s3.rom.libgcc.ld
-- Adding linker script /Users/lojaws/.platformio/packages/framework-espidf/components/esp_rom/esp32s3/ld/esp32s3.rom.newlib.ld
-- Adding linker script /Users/lojaws/.platformio/packages/framework-espidf/components/esp_rom/esp32s3/ld/esp32s3.rom.version.ld
-- Adding linker script /Users/lojaws/.platformio/packages/framework-espidf/components/soc/esp32s3/ld/esp32s3.peripherals.ld
fatal: not a git repository (or any of the parent directories): .git
fatal: not a git repository (or any of the parent directories): .git
-- Components: __pio_env app_trace app_update bootloader bootloader_support bt cmock console cxx driver efuse esp-tls esp_adc esp_app_format esp_coex esp_common esp_eth esp_event esp_gdbstub esp_hid esp_http_client esp_http_server esp_https_ota esp_https_server esp_hw_support esp_lcd esp_local_ctrl esp_mm esp_netif esp_netif_stack esp_partition esp_phy esp_pm esp_psram esp_ringbuf esp_rom esp_system esp_timer esp_wifi espcoredump esptool_py fatfs freertos hal heap http_parser idf_test ieee802154 json log lwip main mbedtls mqtt newlib nvs_flash openthread partition_table perfmon protobuf-c protocomm pthread sdmmc soc spi_flash spiffs tcp_transport touch_element ulp unity usb vfs wear_levelling wifi_provisioning wpa_supplicant xtensa
-- Component paths: /Users/lojaws/.platformio/packages/framework-espidf/components/__pio_env /Users/lojaws/.platformio/packages/framework-espidf/components/app_trace /Users/lojaws/.platformio/packages/framework-espidf/components/app_update /Users/lojaws/.platformio/packages/framework-espidf/components/bootloader /Users/lojaws/.platformio/packages/framework-espidf/components/bootloader_support /Users/lojaws/.platformio/packages/framework-espidf/components/bt /Users/lojaws/.platformio/packages/framework-espidf/components/cmock /Users/lojaws/.platformio/packages/framework-espidf/components/console /Users/lojaws/.platformio/packages/framework-espidf/components/cxx /Users/lojaws/.platformio/packages/framework-espidf/components/driver /Users/lojaws/.platformio/packages/framework-espidf/components/efuse /Users/lojaws/.platformio/packages/framework-espidf/components/esp-tls /Users/lojaws/.platformio/packages/framework-espidf/components/esp_adc /Users/lojaws/.platformio/packages/framework-espidf/components/esp_app_format /Users/lojaws/.platformio/packages/framework-espidf/components/esp_coex /Users/lojaws/.platformio/packages/framework-espidf/components/esp_common /Users/lojaws/.platformio/packages/framework-espidf/components/esp_eth /Users/lojaws/.platformio/packages/framework-espidf/components/esp_event /Users/lojaws/.platformio/packages/framework-espidf/components/esp_gdbstub /Users/lojaws/.platformio/packages/framework-espidf/components/esp_hid /Users/lojaws/.platformio/packages/framework-espidf/components/esp_http_client /Users/lojaws/.platformio/packages/framework-espidf/components/esp_http_server /Users/lojaws/.platformio/packages/framework-espidf/components/esp_https_ota /Users/lojaws/.platformio/packages/framework-espidf/components/esp_https_server /Users/lojaws/.platformio/packages/framework-espidf/components/esp_hw_support /Users/lojaws/.platformio/packages/framework-espidf/components/esp_lcd /Users/lojaws/.platformio/packages/framework-espidf/components/esp_local_ctrl /Users/lojaws/.platformio/packages/framework-espidf/components/esp_mm /Users/lojaws/.platformio/packages/framework-espidf/components/esp_netif /Users/lojaws/.platformio/packages/framework-espidf/components/esp_netif_stack /Users/lojaws/.platformio/packages/framework-espidf/components/esp_partition /Users/lojaws/.platformio/packages/framework-espidf/components/esp_phy /Users/lojaws/.platformio/packages/framework-espidf/components/esp_pm /Users/lojaws/.platformio/packages/framework-espidf/components/esp_psram /Users/lojaws/.platformio/packages/framework-espidf/components/esp_ringbuf /Users/lojaws/.platformio/packages/framework-espidf/components/esp_rom /Users/lojaws/.platformio/packages/framework-espidf/components/esp_system /Users/lojaws/.platformio/packages/framework-espidf/components/esp_timer /Users/lojaws/.platformio/packages/framework-espidf/components/esp_wifi /Users/lojaws/.platformio/packages/framework-espidf/components/espcoredump /Users/lojaws/.platformio/packages/framework-espidf/components/esptool_py /Users/lojaws/.platformio/packages/framework-espidf/components/fatfs /Users/lojaws/.platformio/packages/framework-espidf/components/freertos /Users/lojaws/.platformio/packages/framework-espidf/components/hal /Users/lojaws/.platformio/packages/framework-espidf/components/heap /Users/lojaws/.platformio/packages/framework-espidf/components/http_parser /Users/lojaws/.platformio/packages/framework-espidf/components/idf_test /Users/lojaws/.platformio/packages/framework-espidf/components/ieee802154 /Users/lojaws/.platformio/packages/framework-espidf/components/json /Users/lojaws/.platformio/packages/framework-espidf/components/log /Users/lojaws/.platformio/packages/framework-espidf/components/lwip /Users/lojaws/Documents/ESP32-S3-Car-Adapter/firmware/controller-probe/main /Users/lojaws/.platformio/packages/framework-espidf/components/mbedtls /Users/lojaws/.platformio/packages/framework-espidf/components/mqtt /Users/lojaws/.platformio/packages/framework-espidf/components/newlib /Users/lojaws/.platformio/packages/framework-espidf/components/nvs_flash /Users/lojaws/.platformio/packages/framework-espidf/components/openthread /Users/lojaws/.platformio/packages/framework-espidf/components/partition_table /Users/lojaws/.platformio/packages/framework-espidf/components/perfmon /Users/lojaws/.platformio/packages/framework-espidf/components/protobuf-c /Users/lojaws/.platformio/packages/framework-espidf/components/protocomm /Users/lojaws/.platformio/packages/framework-espidf/components/pthread /Users/lojaws/.platformio/packages/framework-espidf/components/sdmmc /Users/lojaws/.platformio/packages/framework-espidf/components/soc /Users/lojaws/.platformio/packages/framework-espidf/components/spi_flash /Users/lojaws/.platformio/packages/framework-espidf/components/spiffs /Users/lojaws/.platformio/packages/framework-espidf/components/tcp_transport /Users/lojaws/.platformio/packages/framework-espidf/components/touch_element /Users/lojaws/.platformio/packages/framework-espidf/components/ulp /Users/lojaws/.platformio/packages/framework-espidf/components/unity /Users/lojaws/.platformio/packages/framework-espidf/components/usb /Users/lojaws/.platformio/packages/framework-espidf/components/vfs /Users/lojaws/.platformio/packages/framework-espidf/components/wear_levelling /Users/lojaws/.platformio/packages/framework-espidf/components/wifi_provisioning /Users/lojaws/.platformio/packages/framework-espidf/components/wpa_supplicant /Users/lojaws/.platformio/packages/framework-espidf/components/xtensa
-- Configuring done (2.7s)
-- Generating done (0.4s)
-- Build files have been written to: /Users/lojaws/Documents/ESP32-S3-Car-Adapter/firmware/controller-probe/build-4
Running ninja in directory /Users/lojaws/Documents/ESP32-S3-Car-Adapter/firmware/controller-probe/build-4
Executing "ninja all"...
[1/997] Generating project_elf_src_esp32s3.c
[2/997] Generating memory.ld linker script...
[3/997] Building C object esp-idf/ulp/CMakeFiles/__idf_ulp.dir/ulp_common/ulp_common.c.obj
[4/997] Building C object esp-idf/ulp/CMakeFiles/__idf_ulp.dir/ulp_common/ulp_adc.c.obj
[5/997] Generating ../../partition_table/partition-table.bin
Partition table binary generated. Contents:
*******************************************************************************
# ESP-IDF Partition Table
# Name, Type, SubType, Offset, Size, Flags
nvs,data,nvs,0x9000,24K,
phy_init,data,phy,0xf000,4K,
factory,app,factory,0x10000,1M,
*******************************************************************************
[6/997] Linking C static library esp-idf/ulp/libulp.a
[7/997] Building C object esp-idf/esp_http_server/CMakeFiles/__idf_esp_http_server.dir/src/httpd_ws.c.obj
[8/997] Building C object esp-idf/esp_http_server/CMakeFiles/__idf_esp_http_server.dir/src/httpd_uri.c.obj
[9/997] Building C object esp-idf/esp_http_server/CMakeFiles/__idf_esp_http_server.dir/src/util/ctrl_sock.c.obj
[10/997] Building C object esp-idf/esp_http_server/CMakeFiles/__idf_esp_http_server.dir/src/httpd_main.c.obj
[11/997] Building C object esp-idf/esp_http_server/CMakeFiles/__idf_esp_http_server.dir/src/httpd_sess.c.obj
[12/997] Building C object esp-idf/esp_https_ota/CMakeFiles/__idf_esp_https_ota.dir/src/esp_https_ota.c.obj
[13/997] Building C object esp-idf/esp_http_server/CMakeFiles/__idf_esp_http_server.dir/src/httpd_txrx.c.obj
[14/997] Building C object esp-idf/esp_http_server/CMakeFiles/__idf_esp_http_server.dir/src/httpd_parse.c.obj
[15/997] Building C object esp-idf/esp_http_client/CMakeFiles/__idf_esp_http_client.dir/lib/http_utils.c.obj
[16/997] Building C object esp-idf/esp_http_client/CMakeFiles/__idf_esp_http_client.dir/lib/http_auth.c.obj
[17/997] Linking C static library esp-idf/esp_https_ota/libesp_https_ota.a
[18/997] Building C object esp-idf/esp_http_client/CMakeFiles/__idf_esp_http_client.dir/lib/http_header.c.obj
[19/997] Linking C static library esp-idf/esp_http_server/libesp_http_server.a
[20/997] Building C object esp-idf/tcp_transport/CMakeFiles/__idf_tcp_transport.dir/transport.c.obj
[21/997] Building C object esp-idf/esp_gdbstub/CMakeFiles/__idf_esp_gdbstub.dir/src/gdbstub_transport.c.obj
[22/997] Building C object esp-idf/tcp_transport/CMakeFiles/__idf_tcp_transport.dir/transport_internal.c.obj
[23/997] Building C object esp-idf/esp_gdbstub/CMakeFiles/__idf_esp_gdbstub.dir/src/packet.c.obj
[24/997] Building ASM object esp-idf/esp_gdbstub/CMakeFiles/__idf_esp_gdbstub.dir/src/port/xtensa/gdbstub-entry.S.obj
[25/997] Building ASM object esp-idf/esp_gdbstub/CMakeFiles/__idf_esp_gdbstub.dir/src/port/xtensa/xt_debugexception.S.obj
[26/997] Building C object esp-idf/tcp_transport/CMakeFiles/__idf_tcp_transport.dir/transport_socks_proxy.c.obj
[27/997] Building C object esp-idf/esp_gdbstub/CMakeFiles/__idf_esp_gdbstub.dir/src/port/xtensa/gdbstub_xtensa.c.obj
[28/997] Building C object esp-idf/esp_gdbstub/CMakeFiles/__idf_esp_gdbstub.dir/src/gdbstub.c.obj
[29/997] Building C object esp-idf/tcp_transport/CMakeFiles/__idf_tcp_transport.dir/transport_ssl.c.obj
[30/997] Building C object esp-idf/esp_adc/CMakeFiles/__idf_esp_adc.dir/adc_cali.c.obj
[31/997] Building C object esp-idf/esp_http_client/CMakeFiles/__idf_esp_http_client.dir/esp_http_client.c.obj
[32/997] Building C object esp-idf/esp_eth/CMakeFiles/__idf_esp_eth.dir/src/esp_eth_netif_glue.c.obj
[33/997] Building C object esp-idf/esp_adc/CMakeFiles/__idf_esp_adc.dir/adc_cali_curve_fitting.c.obj
[34/997] Linking C static library esp-idf/esp_http_client/libesp_http_client.a
[35/997] Building C object esp-idf/esp_adc/CMakeFiles/__idf_esp_adc.dir/deprecated/esp_adc_cal_common_legacy.c.obj
[36/997] Building C object esp-idf/esp_adc/CMakeFiles/__idf_esp_adc.dir/esp32s3/curve_fitting_coefficients.c.obj
[37/997] Building C object esp-idf/esp_adc/CMakeFiles/__idf_esp_adc.dir/adc_oneshot.c.obj
[38/997] Building C object esp-idf/esp_adc/CMakeFiles/__idf_esp_adc.dir/adc_common.c.obj
[39/997] Building C object esp-idf/esp_adc/CMakeFiles/__idf_esp_adc.dir/deprecated/esp32s3/esp_adc_cal_legacy.c.obj
[40/997] Building C object esp-idf/esp-tls/CMakeFiles/__idf_esp-tls.dir/esp-tls-crypto/esp_tls_crypto.c.obj
[41/997] Building C object esp-idf/esp_adc/CMakeFiles/__idf_esp_adc.dir/adc_filter.c.obj
[42/997] Building C object esp-idf/esp-tls/CMakeFiles/__idf_esp-tls.dir/esp_tls_platform_port.c.obj
[43/997] Building C object esp-idf/esp_eth/CMakeFiles/__idf_esp_eth.dir/src/esp_eth.c.obj
[44/997] Building C object esp-idf/tcp_transport/CMakeFiles/__idf_tcp_transport.dir/transport_ws.c.obj
[45/997] Building C object esp-idf/esp-tls/CMakeFiles/__idf_esp-tls.dir/esp_tls_error_capture.c.obj
[46/997] Building C object esp-idf/esp_eth/CMakeFiles/__idf_esp_eth.dir/src/esp_eth_phy_802_3.c.obj
[47/997] Linking C static library esp-idf/tcp_transport/libtcp_transport.a
[48/997] Building C object esp-idf/esp_wifi/CMakeFiles/__idf_esp_wifi.dir/src/mesh_event.c.obj
[49/997] Building C object esp-idf/esp_adc/CMakeFiles/__idf_esp_adc.dir/adc_continuous.c.obj
[50/997] Building C object esp-idf/esp_wifi/CMakeFiles/__idf_esp_wifi.dir/src/smartconfig.c.obj
[51/997] Building C object esp-idf/esp_wifi/CMakeFiles/__idf_esp_wifi.dir/src/wifi_netif.c.obj
[52/997] Linking C static library esp-idf/esp_gdbstub/libesp_gdbstub.a
[53/997] Building C object esp-idf/esp_wifi/CMakeFiles/__idf_esp_wifi.dir/src/wifi_init.c.obj
[54/997] Building C object esp-idf/esp_wifi/CMakeFiles/__idf_esp_wifi.dir/src/wifi_default_ap.c.obj
[55/997] Building C object esp-idf/esp_wifi/CMakeFiles/__idf_esp_wifi.dir/src/wifi_default.c.obj
[56/997] Building C object esp-idf/esp_coex/CMakeFiles/__idf_esp_coex.dir/src/coexist.c.obj
[57/997] Linking C static library esp-idf/esp_eth/libesp_eth.a
[58/997] Building C object esp-idf/esp_coex/CMakeFiles/__idf_esp_coex.dir/src/coexist_debug_diagram.c.obj
[59/997] Building C object esp-idf/esp_coex/CMakeFiles/__idf_esp_coex.dir/src/coexist_debug.c.obj
[60/997] Linking C static library esp-idf/esp_adc/libesp_adc.a
[61/997] Building C object esp-idf/esp_coex/CMakeFiles/__idf_esp_coex.dir/esp32s3/esp_coex_adapter.c.obj
[62/997] Building C object esp-idf/esp_wifi/CMakeFiles/__idf_esp_wifi.dir/src/smartconfig_ack.c.obj
[63/997] Building C object esp-idf/esp-tls/CMakeFiles/__idf_esp-tls.dir/esp_tls.c.obj
[64/997] Building C object esp-idf/wpa_supplicant/CMakeFiles/__idf_wpa_supplicant.dir/port/os_xtensa.c.obj
[65/997] Building C object esp-idf/esp-tls/CMakeFiles/__idf_esp-tls.dir/esp_tls_mbedtls.c.obj
[66/997] Building C object esp-idf/wpa_supplicant/CMakeFiles/__idf_wpa_supplicant.dir/port/eloop.c.obj
[67/997] Building C object esp-idf/wpa_supplicant/CMakeFiles/__idf_wpa_supplicant.dir/src/ap/ap_config.c.obj
[68/997] Linking C static library esp-idf/esp-tls/libesp-tls.a
[69/997] Building C object esp-idf/esp_wifi/CMakeFiles/__idf_esp_wifi.dir/esp32s3/esp_adapter.c.obj
[70/997] Building C object esp-idf/wpa_supplicant/CMakeFiles/__idf_wpa_supplicant.dir/src/ap/ieee802_1x.c.obj
[71/997] Building C object esp-idf/wpa_supplicant/CMakeFiles/__idf_wpa_supplicant.dir/src/ap/wpa_auth_ie.c.obj
[72/997] Building C object esp-idf/wpa_supplicant/CMakeFiles/__idf_wpa_supplicant.dir/src/ap/sta_info.c.obj
[73/997] Building C object esp-idf/wpa_supplicant/CMakeFiles/__idf_wpa_supplicant.dir/src/ap/pmksa_cache_auth.c.obj
[74/997] Building C object esp-idf/wpa_supplicant/CMakeFiles/__idf_wpa_supplicant.dir/src/ap/comeback_token.c.obj
[75/997] Building C object esp-idf/wpa_supplicant/CMakeFiles/__idf_wpa_supplicant.dir/src/common/dragonfly.c.obj
[76/997] Building C object esp-idf/wpa_supplicant/CMakeFiles/__idf_wpa_supplicant.dir/src/utils/bitfield.c.obj
[77/997] Building C object esp-idf/wpa_supplicant/CMakeFiles/__idf_wpa_supplicant.dir/src/crypto/sha256-kdf.c.obj
[78/997] Building C object esp-idf/wpa_supplicant/CMakeFiles/__idf_wpa_supplicant.dir/src/crypto/aes-siv.c.obj
[79/997] Building C object esp-idf/wpa_supplicant/CMakeFiles/__idf_wpa_supplicant.dir/src/ap/ieee802_11.c.obj
[80/997] Building C object esp-idf/wpa_supplicant/CMakeFiles/__idf_wpa_supplicant.dir/src/crypto/ccmp.c.obj
[81/997] Building C object esp-idf/wpa_supplicant/CMakeFiles/__idf_wpa_supplicant.dir/src/common/wpa_common.c.obj
[82/997] Building C object esp-idf/wpa_supplicant/CMakeFiles/__idf_wpa_supplicant.dir/src/crypto/aes-gcm.c.obj
[83/997] Building C object esp-idf/wpa_supplicant/CMakeFiles/__idf_wpa_supplicant.dir/src/crypto/dh_group5.c.obj
[84/997] Building C object esp-idf/wpa_supplicant/CMakeFiles/__idf_wpa_supplicant.dir/src/crypto/crypto_ops.c.obj
[85/997] Building C object esp-idf/wpa_supplicant/CMakeFiles/__idf_wpa_supplicant.dir/src/crypto/dh_groups.c.obj
[86/997] Building C object esp-idf/wpa_supplicant/CMakeFiles/__idf_wpa_supplicant.dir/src/crypto/sha1-tlsprf.c.obj
[87/997] Building C object esp-idf/wpa_supplicant/CMakeFiles/__idf_wpa_supplicant.dir/src/crypto/ms_funcs.c.obj
[88/997] Building C object esp-idf/wpa_supplicant/CMakeFiles/__idf_wpa_supplicant.dir/src/crypto/sha384-tlsprf.c.obj
[89/997] Building C object esp-idf/wpa_supplicant/CMakeFiles/__idf_wpa_supplicant.dir/src/crypto/sha1-prf.c.obj
[90/997] Building C object esp-idf/wpa_supplicant/CMakeFiles/__idf_wpa_supplicant.dir/src/crypto/sha256-tlsprf.c.obj
[91/997] Building C object esp-idf/http_parser/CMakeFiles/__idf_http_parser.dir/http_parser.c.obj
[92/997] Building C object esp-idf/wpa_supplicant/CMakeFiles/__idf_wpa_supplicant.dir/src/crypto/sha256-prf.c.obj
[93/997] Building C object esp-idf/wpa_supplicant/CMakeFiles/__idf_wpa_supplicant.dir/src/crypto/sha384-prf.c.obj
[94/997] Linking C static library esp-idf/http_parser/libhttp_parser.a
[95/997] Building C object esp-idf/wpa_supplicant/CMakeFiles/__idf_wpa_supplicant.dir/src/crypto/md4-internal.c.obj
[96/997] Building C object esp-idf/wpa_supplicant/CMakeFiles/__idf_wpa_supplicant.dir/src/eap_common/eap_wsc_common.c.obj
[97/997] Building C object esp-idf/wpa_supplicant/CMakeFiles/__idf_wpa_supplicant.dir/src/crypto/sha1-tprf.c.obj
[98/997] Building C object esp-idf/wpa_supplicant/CMakeFiles/__idf_wpa_supplicant.dir/src/eap_peer/chap.c.obj
[99/997] Building C object esp-idf/wpa_supplicant/CMakeFiles/__idf_wpa_supplicant.dir/src/ap/wpa_auth.c.obj
[100/997] Linking C static library esp-idf/esp_wifi/libesp_wifi.a
[101/997] Building C object esp-idf/wpa_supplicant/CMakeFiles/__idf_wpa_supplicant.dir/src/eap_peer/eap_common.c.obj
[102/997] Building C object esp-idf/wpa_supplicant/CMakeFiles/__idf_wpa_supplicant.dir/src/eap_peer/eap_peap_common.c.obj
[103/997] Building C object esp-idf/wpa_supplicant/CMakeFiles/__idf_wpa_supplicant.dir/src/common/ieee802_11_common.c.obj
[104/997] Building C object esp-idf/wpa_supplicant/CMakeFiles/__idf_wpa_supplicant.dir/src/eap_peer/eap_tls.c.obj
[105/997] Building C object esp-idf/wpa_supplicant/CMakeFiles/__idf_wpa_supplicant.dir/src/eap_peer/mschapv2.c.obj
[106/997] Building C object esp-idf/wpa_supplicant/CMakeFiles/__idf_wpa_supplicant.dir/src/common/sae.c.obj
[107/997] Building C object esp-idf/wpa_supplicant/CMakeFiles/__idf_wpa_supplicant.dir/src/eap_peer/eap_tls_common.c.obj
[108/997] Building C object esp-idf/wpa_supplicant/CMakeFiles/__idf_wpa_supplicant.dir/src/eap_peer/eap.c.obj
[109/997] Building C object esp-idf/wpa_supplicant/CMakeFiles/__idf_wpa_supplicant.dir/src/eap_peer/eap_mschapv2.c.obj
[110/997] Building C object esp-idf/wpa_supplicant/CMakeFiles/__idf_wpa_supplicant.dir/src/eap_peer/eap_fast_common.c.obj
[111/997] Building C object esp-idf/wpa_supplicant/CMakeFiles/__idf_wpa_supplicant.dir/src/eap_peer/eap_peap.c.obj
[112/997] Building C object esp-idf/wpa_supplicant/CMakeFiles/__idf_wpa_supplicant.dir/src/utils/base64.c.obj
[113/997] Building C object esp-idf/wpa_supplicant/CMakeFiles/__idf_wpa_supplicant.dir/src/utils/ext_password.c.obj
[114/997] Building C object esp-idf/wpa_supplicant/CMakeFiles/__idf_wpa_supplicant.dir/src/rsn_supp/wpa_ie.c.obj
[115/997] Building C object esp-idf/wpa_supplicant/CMakeFiles/__idf_wpa_supplicant.dir/src/eap_peer/eap_ttls.c.obj
[116/997] Building C object esp-idf/wpa_supplicant/CMakeFiles/__idf_wpa_supplicant.dir/src/rsn_supp/pmksa_cache.c.obj
[117/997] Building C object esp-idf/wpa_supplicant/CMakeFiles/__idf_wpa_supplicant.dir/src/utils/common.c.obj
[118/997] Building C object esp-idf/wpa_supplicant/CMakeFiles/__idf_wpa_supplicant.dir/src/utils/uuid.c.obj
[119/997] Building C object esp-idf/wpa_supplicant/CMakeFiles/__idf_wpa_supplicant.dir/src/utils/wpa_debug.c.obj
[120/997] Building C object esp-idf/wpa_supplicant/CMakeFiles/__idf_wpa_supplicant.dir/src/eap_peer/eap_fast_pac.c.obj
[121/997] Building C object esp-idf/wpa_supplicant/CMakeFiles/__idf_wpa_supplicant.dir/src/utils/wpabuf.c.obj
[122/997] Building C object esp-idf/wpa_supplicant/CMakeFiles/__idf_wpa_supplicant.dir/src/wps/wps_attr_build.c.obj
[123/997] Building C object esp-idf/wpa_supplicant/CMakeFiles/__idf_wpa_supplicant.dir/src/wps/wps.c.obj
[124/997] Building C object esp-idf/wpa_supplicant/CMakeFiles/__idf_wpa_supplicant.dir/src/wps/wps_attr_parse.c.obj
[125/997] Building C object esp-idf/wpa_supplicant/CMakeFiles/__idf_wpa_supplicant.dir/src/utils/json.c.obj
[126/997] Building C object esp-idf/wpa_supplicant/CMakeFiles/__idf_wpa_supplicant.dir/src/wps/wps_attr_process.c.obj
[127/997] Building C object esp-idf/wpa_supplicant/CMakeFiles/__idf_wpa_supplicant.dir/esp_supplicant/src/esp_wpa2_api_port.c.obj
[128/997] Building C object esp-idf/wpa_supplicant/CMakeFiles/__idf_wpa_supplicant.dir/src/wps/wps_common.c.obj
[129/997] Building C object esp-idf/wpa_supplicant/CMakeFiles/__idf_wpa_supplicant.dir/src/wps/wps_dev_attr.c.obj
[130/997] Building C object esp-idf/wpa_supplicant/CMakeFiles/__idf_wpa_supplicant.dir/src/eap_peer/eap_fast.c.obj
[131/997] Building C object esp-idf/wpa_supplicant/CMakeFiles/__idf_wpa_supplicant.dir/esp_supplicant/src/esp_wpa_main.c.obj
[132/997] Building C object esp-idf/wpa_supplicant/CMakeFiles/__idf_wpa_supplicant.dir/esp_supplicant/src/esp_common.c.obj
[133/997] Building C object esp-idf/wpa_supplicant/CMakeFiles/__idf_wpa_supplicant.dir/esp_supplicant/src/esp_wpas_glue.c.obj
[134/997] Building C object esp-idf/wpa_supplicant/CMakeFiles/__idf_wpa_supplicant.dir/src/common/sae_pk.c.obj
[135/997] Building C object esp-idf/wpa_supplicant/CMakeFiles/__idf_wpa_supplicant.dir/esp_supplicant/src/esp_owe.c.obj
[136/997] Building C object esp-idf/wpa_supplicant/CMakeFiles/__idf_wpa_supplicant.dir/src/wps/wps_enrollee.c.obj
[137/997] Building C object esp-idf/wpa_supplicant/CMakeFiles/__idf_wpa_supplicant.dir/src/rsn_supp/wpa.c.obj
[138/997] Building C object esp-idf/wpa_supplicant/CMakeFiles/__idf_wpa_supplicant.dir/esp_supplicant/src/esp_wpa3.c.obj
[139/997] Building C object esp-idf/wpa_supplicant/CMakeFiles/__idf_wpa_supplicant.dir/esp_supplicant/src/crypto/fastpbkdf2.c.obj
[140/997] Building C object esp-idf/wpa_supplicant/CMakeFiles/__idf_wpa_supplicant.dir/esp_supplicant/src/esp_hostap.c.obj
[141/997] Building C object esp-idf/wpa_supplicant/CMakeFiles/__idf_wpa_supplicant.dir/esp_supplicant/src/crypto/crypto_mbedtls-bignum.c.obj
[142/997] Building C object esp-idf/wpa_supplicant/CMakeFiles/__idf_wpa_supplicant.dir/esp_supplicant/src/esp_eap_client.c.obj
[143/997] Building C object esp-idf/wpa_supplicant/CMakeFiles/__idf_wpa_supplicant.dir/src/crypto/rc4.c.obj
[144/997] Building C object esp-idf/wpa_supplicant/CMakeFiles/__idf_wpa_supplicant.dir/esp_supplicant/src/crypto/crypto_mbedtls.c.obj
[145/997] Building C object esp-idf/wpa_supplicant/CMakeFiles/__idf_wpa_supplicant.dir/src/crypto/aes-wrap.c.obj
[146/997] Building C object esp-idf/wpa_supplicant/CMakeFiles/__idf_wpa_supplicant.dir/src/crypto/aes-unwrap.c.obj
[147/997] Linking C static library esp-idf/esp_coex/libesp_coex.a
[148/997] Building C object esp-idf/wpa_supplicant/CMakeFiles/__idf_wpa_supplicant.dir/src/crypto/des-internal.c.obj
[149/997] Building C object esp-idf/wpa_supplicant/CMakeFiles/__idf_wpa_supplicant.dir/esp_supplicant/src/crypto/tls_mbedtls.c.obj
[150/997] Building C object esp-idf/wpa_supplicant/CMakeFiles/__idf_wpa_supplicant.dir/esp_supplicant/src/crypto/crypto_mbedtls-rsa.c.obj
[151/997] Building C object esp-idf/esp_netif/CMakeFiles/__idf_esp_netif.dir/esp_netif_handlers.c.obj
[152/997] Building C object esp-idf/esp_netif/CMakeFiles/__idf_esp_netif.dir/esp_netif_defaults.c.obj
[153/997] Building C object esp-idf/wpa_supplicant/CMakeFiles/__idf_wpa_supplicant.dir/src/crypto/aes-ccm.c.obj
[154/997] Building C object esp-idf/esp_netif/CMakeFiles/__idf_esp_netif.dir/esp_netif_objects.c.obj
[155/997] Building C object esp-idf/esp_netif/CMakeFiles/__idf_esp_netif.dir/lwip/esp_netif_lwip_defaults.c.obj
[156/997] Building C object esp-idf/esp_netif/CMakeFiles/__idf_esp_netif.dir/lwip/netif/wlanif.c.obj
[157/997] Building C object esp-idf/esp_netif/CMakeFiles/__idf_esp_netif.dir/lwip/netif/esp_pbuf_ref.c.obj
[158/997] Building C object esp-idf/esp_netif/CMakeFiles/__idf_esp_netif.dir/lwip/netif/ethernetif.c.obj
[159/997] Building C object esp-idf/esp_netif/CMakeFiles/__idf_esp_netif.dir/lwip/esp_netif_sntp.c.obj
[160/997] Building C object esp-idf/lwip/CMakeFiles/__idf_lwip.dir/apps/sntp/sntp.c.obj
[161/997] Building C object esp-idf/wpa_supplicant/CMakeFiles/__idf_wpa_supplicant.dir/esp_supplicant/src/esp_wps.c.obj
[162/997] Building C object esp-idf/lwip/CMakeFiles/__idf_lwip.dir/lwip/src/api/err.c.obj
[163/997] Building C object esp-idf/lwip/CMakeFiles/__idf_lwip.dir/lwip/src/api/netifapi.c.obj
[164/997] Building C object esp-idf/lwip/CMakeFiles/__idf_lwip.dir/lwip/src/api/if_api.c.obj
[165/997] Building C object esp-idf/lwip/CMakeFiles/__idf_lwip.dir/lwip/src/api/netbuf.c.obj
[166/997] Building C object esp-idf/lwip/CMakeFiles/__idf_lwip.dir/lwip/src/api/netdb.c.obj
[167/997] Building C object esp-idf/lwip/CMakeFiles/__idf_lwip.dir/lwip/src/api/tcpip.c.obj
[168/997] Building C object esp-idf/wpa_supplicant/CMakeFiles/__idf_wpa_supplicant.dir/esp_supplicant/src/crypto/crypto_mbedtls-ec.c.obj
[169/997] Building C object esp-idf/lwip/CMakeFiles/__idf_lwip.dir/lwip/src/core/def.c.obj
[170/997] Building C object esp-idf/lwip/CMakeFiles/__idf_lwip.dir/lwip/src/apps/netbiosns/netbiosns.c.obj
[171/997] Building C object esp-idf/lwip/CMakeFiles/__idf_lwip.dir/lwip/src/apps/sntp/sntp.c.obj
[172/997] Building C object esp-idf/lwip/CMakeFiles/__idf_lwip.dir/lwip/src/api/api_lib.c.obj
[173/997] Building C object esp-idf/lwip/CMakeFiles/__idf_lwip.dir/lwip/src/core/inet_chksum.c.obj
[174/997] Building C object esp-idf/lwip/CMakeFiles/__idf_lwip.dir/lwip/src/core/init.c.obj
[175/997] Building C object esp-idf/lwip/CMakeFiles/__idf_lwip.dir/lwip/src/core/mem.c.obj
[176/997] Building C object esp-idf/lwip/CMakeFiles/__idf_lwip.dir/lwip/src/api/api_msg.c.obj
[177/997] Building C object esp-idf/lwip/CMakeFiles/__idf_lwip.dir/lwip/src/core/ip.c.obj
[178/997] Building C object esp-idf/lwip/CMakeFiles/__idf_lwip.dir/lwip/src/core/memp.c.obj
[179/997] Linking C static library esp-idf/wpa_supplicant/libwpa_supplicant.a
[180/997] Building C object esp-idf/lwip/CMakeFiles/__idf_lwip.dir/lwip/src/core/dns.c.obj
[181/997] Building C object esp-idf/lwip/CMakeFiles/__idf_lwip.dir/lwip/src/core/stats.c.obj
[182/997] Building C object esp-idf/lwip/CMakeFiles/__idf_lwip.dir/lwip/src/core/sys.c.obj
[183/997] Building C object esp-idf/lwip/CMakeFiles/__idf_lwip.dir/lwip/src/core/netif.c.obj
[184/997] Building C object esp-idf/lwip/CMakeFiles/__idf_lwip.dir/lwip/src/core/raw.c.obj
[185/997] Building C object esp-idf/lwip/CMakeFiles/__idf_lwip.dir/lwip/src/core/timeouts.c.obj
[186/997] Building C object esp-idf/lwip/CMakeFiles/__idf_lwip.dir/lwip/src/core/pbuf.c.obj
[187/997] Building C object esp-idf/esp_netif/CMakeFiles/__idf_esp_netif.dir/lwip/esp_netif_lwip.c.obj
[188/997] Building C object esp-idf/lwip/CMakeFiles/__idf_lwip.dir/lwip/src/core/udp.c.obj
[189/997] Building C object esp-idf/lwip/CMakeFiles/__idf_lwip.dir/lwip/src/core/ipv4/autoip.c.obj
[190/997] Building C object esp-idf/lwip/CMakeFiles/__idf_lwip.dir/lwip/src/core/tcp.c.obj
[191/997] Building C object esp-idf/lwip/CMakeFiles/__idf_lwip.dir/lwip/src/core/ipv4/icmp.c.obj
[192/997] Building C object esp-idf/lwip/CMakeFiles/__idf_lwip.dir/lwip/src/core/ipv4/etharp.c.obj
[193/997] Building C object esp-idf/lwip/CMakeFiles/__idf_lwip.dir/lwip/src/core/ipv4/ip4_napt.c.obj
[194/997] Building C object esp-idf/lwip/CMakeFiles/__idf_lwip.dir/lwip/src/core/tcp_in.c.obj
[195/997] Building C object esp-idf/lwip/CMakeFiles/__idf_lwip.dir/lwip/src/core/ipv4/igmp.c.obj
[196/997] Building C object esp-idf/lwip/CMakeFiles/__idf_lwip.dir/lwip/src/core/ipv4/ip4.c.obj
[197/997] Building C object esp-idf/lwip/CMakeFiles/__idf_lwip.dir/lwip/src/api/sockets.c.obj
[198/997] Building C object esp-idf/lwip/CMakeFiles/__idf_lwip.dir/lwip/src/core/tcp_out.c.obj
[199/997] Building C object esp-idf/lwip/CMakeFiles/__idf_lwip.dir/lwip/src/core/ipv4/dhcp.c.obj
[200/997] Building C object esp-idf/lwip/CMakeFiles/__idf_lwip.dir/lwip/src/core/ipv6/inet6.c.obj
[201/997] Building C object esp-idf/lwip/CMakeFiles/__idf_lwip.dir/lwip/src/core/ipv6/ethip6.c.obj
[202/997] Building C object esp-idf/lwip/CMakeFiles/__idf_lwip.dir/lwip/src/core/ipv6/dhcp6.c.obj
[203/997] Building C object esp-idf/lwip/CMakeFiles/__idf_lwip.dir/lwip/src/core/ipv4/ip4_frag.c.obj
[204/997] Building C object esp-idf/lwip/CMakeFiles/__idf_lwip.dir/lwip/src/core/ipv6/icmp6.c.obj
[205/997] Building C object esp-idf/lwip/CMakeFiles/__idf_lwip.dir/lwip/src/core/ipv4/ip4_addr.c.obj
[206/997] Building C object esp-idf/lwip/CMakeFiles/__idf_lwip.dir/lwip/src/core/ipv6/ip6_frag.c.obj
[207/997] Building C object esp-idf/lwip/CMakeFiles/__idf_lwip.dir/lwip/src/core/ipv6/ip6_addr.c.obj
[208/997] Building C object esp-idf/lwip/CMakeFiles/__idf_lwip.dir/lwip/src/netif/bridgeif.c.obj
[209/997] Building C object esp-idf/lwip/CMakeFiles/__idf_lwip.dir/lwip/src/netif/ppp/ccp.c.obj
[210/997] Building C object esp-idf/lwip/CMakeFiles/__idf_lwip.dir/lwip/src/netif/ethernet.c.obj
[211/997] Building C object esp-idf/lwip/CMakeFiles/__idf_lwip.dir/lwip/src/netif/bridgeif_fdb.c.obj
[212/997] Building C object esp-idf/lwip/CMakeFiles/__idf_lwip.dir/lwip/src/core/ipv6/mld6.c.obj
[213/997] Building C object esp-idf/lwip/CMakeFiles/__idf_lwip.dir/lwip/src/netif/ppp/chap-md5.c.obj
[214/997] Building C object esp-idf/lwip/CMakeFiles/__idf_lwip.dir/lwip/src/netif/ppp/auth.c.obj
[215/997] Building C object esp-idf/lwip/CMakeFiles/__idf_lwip.dir/lwip/src/netif/slipif.c.obj
[216/997] Building C object esp-idf/lwip/CMakeFiles/__idf_lwip.dir/lwip/src/core/ipv6/ip6.c.obj
[217/997] Building C object esp-idf/lwip/CMakeFiles/__idf_lwip.dir/lwip/src/netif/ppp/chap-new.c.obj
[218/997] Building C object esp-idf/lwip/CMakeFiles/__idf_lwip.dir/lwip/src/netif/ppp/chap_ms.c.obj
[219/997] Building C object esp-idf/lwip/CMakeFiles/__idf_lwip.dir/lwip/src/netif/ppp/eui64.c.obj
[220/997] Building C object esp-idf/lwip/CMakeFiles/__idf_lwip.dir/lwip/src/netif/ppp/eap.c.obj
[221/997] Building C object esp-idf/lwip/CMakeFiles/__idf_lwip.dir/lwip/src/netif/ppp/demand.c.obj
[222/997] Building C object esp-idf/lwip/CMakeFiles/__idf_lwip.dir/lwip/src/netif/ppp/ecp.c.obj
[223/997] Building C object esp-idf/lwip/CMakeFiles/__idf_lwip.dir/lwip/src/netif/ppp/ipcp.c.obj
[224/997] Building C object esp-idf/lwip/CMakeFiles/__idf_lwip.dir/lwip/src/netif/ppp/fsm.c.obj
[225/997] Building C object esp-idf/lwip/CMakeFiles/__idf_lwip.dir/lwip/src/netif/ppp/ipv6cp.c.obj
[226/997] Building C object esp-idf/lwip/CMakeFiles/__idf_lwip.dir/lwip/src/netif/ppp/lcp.c.obj
[227/997] Building C object esp-idf/lwip/CMakeFiles/__idf_lwip.dir/lwip/src/netif/ppp/magic.c.obj
[228/997] Building C object esp-idf/lwip/CMakeFiles/__idf_lwip.dir/lwip/src/netif/ppp/multilink.c.obj
[229/997] Building C object esp-idf/lwip/CMakeFiles/__idf_lwip.dir/lwip/src/netif/ppp/pppapi.c.obj
[230/997] Building C object esp-idf/lwip/CMakeFiles/__idf_lwip.dir/lwip/src/netif/ppp/pppcrypt.c.obj
[231/997] Building C object esp-idf/lwip/CMakeFiles/__idf_lwip.dir/lwip/src/netif/ppp/mppe.c.obj
[232/997] Building C object esp-idf/lwip/CMakeFiles/__idf_lwip.dir/lwip/src/netif/ppp/pppoe.c.obj
[233/997] Building C object esp-idf/lwip/CMakeFiles/__idf_lwip.dir/lwip/src/netif/ppp/ppp.c.obj
[234/997] Building C object esp-idf/lwip/CMakeFiles/__idf_lwip.dir/lwip/src/netif/ppp/pppol2tp.c.obj
[235/997] Building C object esp-idf/lwip/CMakeFiles/__idf_lwip.dir/lwip/src/netif/ppp/upap.c.obj
[236/997] Building C object esp-idf/lwip/CMakeFiles/__idf_lwip.dir/lwip/src/netif/ppp/vj.c.obj
[237/997] Building C object esp-idf/lwip/CMakeFiles/__idf_lwip.dir/lwip/src/netif/ppp/pppos.c.obj
[238/997] Building C object esp-idf/lwip/CMakeFiles/__idf_lwip.dir/lwip/src/netif/ppp/utils.c.obj
[239/997] Building C object esp-idf/lwip/CMakeFiles/__idf_lwip.dir/port/hooks/tcp_isn_default.c.obj
[240/997] Building C object esp-idf/lwip/CMakeFiles/__idf_lwip.dir/port/sockets_ext.c.obj
[241/997] Building C object esp-idf/lwip/CMakeFiles/__idf_lwip.dir/port/hooks/lwip_default_hooks.c.obj
[242/997] Building C object esp-idf/lwip/CMakeFiles/__idf_lwip.dir/port/debug/lwip_debug.c.obj
[243/997] Linking C static library esp-idf/esp_netif/libesp_netif.a
[244/997] Building C object esp-idf/lwip/CMakeFiles/__idf_lwip.dir/apps/ping/ping.c.obj
[245/997] Building C object esp-idf/lwip/CMakeFiles/__idf_lwip.dir/port/esp32xx/vfs_lwip.c.obj
[246/997] Building C object esp-idf/lwip/CMakeFiles/__idf_lwip.dir/lwip/src/core/ipv6/nd6.c.obj
[247/997] Building C object esp-idf/lwip/CMakeFiles/__idf_lwip.dir/port/freertos/sys_arch.c.obj
[248/997] Building C object esp-idf/lwip/CMakeFiles/__idf_lwip.dir/apps/ping/esp_ping.c.obj
[249/997] Building C object esp-idf/esp_phy/CMakeFiles/__idf_esp_phy.dir/src/lib_printf.c.obj
[250/997] Building C object esp-idf/lwip/CMakeFiles/__idf_lwip.dir/apps/ping/ping_sock.c.obj
[251/997] Building C object esp-idf/esp_phy/CMakeFiles/__idf_esp_phy.dir/src/phy_override.c.obj
[252/997] Building C object esp-idf/vfs/CMakeFiles/__idf_vfs.dir/vfs_console.c.obj
[253/997] Building C object esp-idf/vfs/CMakeFiles/__idf_vfs.dir/vfs_eventfd.c.obj
[254/997] Building C object esp-idf/vfs/CMakeFiles/__idf_vfs.dir/vfs_usb_serial_jtag.c.obj
[255/997] Building C object esp-idf/lwip/CMakeFiles/__idf_lwip.dir/apps/dhcpserver/dhcpserver.c.obj
[256/997] Building C object esp-idf/esp_phy/CMakeFiles/__idf_esp_phy.dir/src/phy_common.c.obj
[257/997] Building C object esp-idf/esp_phy/CMakeFiles/__idf_esp_phy.dir/src/btbb_init.c.obj
[258/997] Building C object esp-idf/vfs/CMakeFiles/__idf_vfs.dir/vfs_semihost.c.obj
[259/997] Building C object esp-idf/vfs/CMakeFiles/__idf_vfs.dir/vfs_uart.c.obj
[260/997] Building C object esp-idf/vfs/CMakeFiles/__idf_vfs.dir/vfs.c.obj
[261/997] Building C object esp-idf/esp_phy/CMakeFiles/__idf_esp_phy.dir/src/phy_init.c.obj
[262/997] Linking C static library esp-idf/lwip/liblwip.a
[263/997] Linking C static library esp-idf/vfs/libvfs.a
[264/997] Building CXX object esp-idf/nvs_flash/CMakeFiles/__idf_nvs_flash.dir/src/nvs_partition.cpp.obj
[265/997] Building CXX object esp-idf/nvs_flash/CMakeFiles/__idf_nvs_flash.dir/src/nvs_partition_lookup.cpp.obj
[266/997] Building CXX object esp-idf/nvs_flash/CMakeFiles/__idf_nvs_flash.dir/src/nvs_item_hash_list.cpp.obj
[267/997] Building CXX object esp-idf/nvs_flash/CMakeFiles/__idf_nvs_flash.dir/src/nvs_cxx_api.cpp.obj
[268/997] Building CXX object esp-idf/nvs_flash/CMakeFiles/__idf_nvs_flash.dir/src/nvs_platform.cpp.obj
[269/997] Building CXX object esp-idf/nvs_flash/CMakeFiles/__idf_nvs_flash.dir/src/nvs_handle_locked.cpp.obj
[270/997] Building CXX object esp-idf/nvs_flash/CMakeFiles/__idf_nvs_flash.dir/src/nvs_handle_simple.cpp.obj
[271/997] Linking C static library esp-idf/esp_phy/libesp_phy.a
[272/997] Building CXX object esp-idf/nvs_flash/CMakeFiles/__idf_nvs_flash.dir/src/nvs_pagemanager.cpp.obj
[273/997] Building C object esp-idf/esp_event/CMakeFiles/__idf_esp_event.dir/default_event_loop.c.obj
[274/997] Building C object esp-idf/esp_event/CMakeFiles/__idf_esp_event.dir/esp_event_private.c.obj
[275/997] Building CXX object esp-idf/nvs_flash/CMakeFiles/__idf_nvs_flash.dir/src/nvs_types.cpp.obj
[276/997] Building C object esp-idf/newlib/CMakeFiles/__idf_newlib.dir/abort.c.obj
[277/997] Building CXX object esp-idf/cxx/CMakeFiles/__idf_cxx.dir/cxx_exception_stubs.cpp.obj
[278/997] Building C object esp-idf/newlib/CMakeFiles/__idf_newlib.dir/assert.c.obj
[279/997] Building C object esp-idf/esp_event/CMakeFiles/__idf_esp_event.dir/esp_event.c.obj
[280/997] Building CXX object esp-idf/nvs_flash/CMakeFiles/__idf_nvs_flash.dir/src/nvs_page.cpp.obj
[281/997] Building C object esp-idf/newlib/CMakeFiles/__idf_newlib.dir/poll.c.obj
[282/997] Building C object esp-idf/newlib/CMakeFiles/__idf_newlib.dir/heap.c.obj
[283/997] Building C object esp-idf/newlib/CMakeFiles/__idf_newlib.dir/locks.c.obj
[284/997] Building C object esp-idf/newlib/CMakeFiles/__idf_newlib.dir/pthread.c.obj
[285/997] Building CXX object esp-idf/nvs_flash/CMakeFiles/__idf_nvs_flash.dir/src/nvs_partition_manager.cpp.obj
[286/997] Building C object esp-idf/newlib/CMakeFiles/__idf_newlib.dir/random.c.obj
[287/997] Building C object esp-idf/newlib/CMakeFiles/__idf_newlib.dir/reent_init.c.obj
[288/997] Building C object esp-idf/newlib/CMakeFiles/__idf_newlib.dir/newlib_init.c.obj
[289/997] Building C object esp-idf/newlib/CMakeFiles/__idf_newlib.dir/syscalls.c.obj
[290/997] Building C object esp-idf/newlib/CMakeFiles/__idf_newlib.dir/termios.c.obj
[291/997] Building C object esp-idf/newlib/CMakeFiles/__idf_newlib.dir/sysconf.c.obj
[292/997] Building C object esp-idf/newlib/CMakeFiles/__idf_newlib.dir/realpath.c.obj
[293/997] Building C object esp-idf/newlib/CMakeFiles/__idf_newlib.dir/port/esp_time_impl.c.obj
[294/997] Building C object esp-idf/freertos/CMakeFiles/__idf_freertos.dir/heap_idf.c.obj
[295/997] Building C object esp-idf/newlib/CMakeFiles/__idf_newlib.dir/time.c.obj
[296/997] Building C object esp-idf/freertos/CMakeFiles/__idf_freertos.dir/esp_additions/idf_additions.c.obj
[297/997] Building C object esp-idf/newlib/CMakeFiles/__idf_newlib.dir/stdatomic.c.obj
[298/997] Building C object esp-idf/freertos/CMakeFiles/__idf_freertos.dir/FreeRTOS-Kernel/list.c.obj
[299/997] Building C object esp-idf/freertos/CMakeFiles/__idf_freertos.dir/FreeRTOS-Kernel/croutine.c.obj
[300/997] Building CXX object esp-idf/nvs_flash/CMakeFiles/__idf_nvs_flash.dir/src/nvs_storage.cpp.obj
[301/997] Building C object esp-idf/freertos/CMakeFiles/__idf_freertos.dir/FreeRTOS-Kernel/timers.c.obj
[302/997] Building C object esp-idf/freertos/CMakeFiles/__idf_freertos.dir/FreeRTOS-Kernel/event_groups.c.obj
[303/997] Building CXX object esp-idf/nvs_flash/CMakeFiles/__idf_nvs_flash.dir/src/nvs_api.cpp.obj
[304/997] Building C object esp-idf/freertos/CMakeFiles/__idf_freertos.dir/FreeRTOS-Kernel/stream_buffer.c.obj
[305/997] Building C object esp-idf/freertos/CMakeFiles/__idf_freertos.dir/FreeRTOS-openocd.c.obj
[306/997] Building C object esp-idf/freertos/CMakeFiles/__idf_freertos.dir/app_startup.c.obj
[307/997] Building ASM object esp-idf/freertos/CMakeFiles/__idf_freertos.dir/FreeRTOS-Kernel/portable/xtensa/portasm.S.obj
[308/997] Building C object esp-idf/freertos/CMakeFiles/__idf_freertos.dir/port_common.c.obj
[309/997] Linking C static library esp-idf/nvs_flash/libnvs_flash.a
[310/997] Building ASM object esp-idf/freertos/CMakeFiles/__idf_freertos.dir/FreeRTOS-Kernel/portable/xtensa/xtensa_context.S.obj
[311/997] Building C object esp-idf/freertos/CMakeFiles/__idf_freertos.dir/FreeRTOS-Kernel/portable/port_systick.c.obj
[312/997] Building C object esp-idf/freertos/CMakeFiles/__idf_freertos.dir/esp_additions/freertos_v8_compat.c.obj
[313/997] Building CXX object esp-idf/cxx/CMakeFiles/__idf_cxx.dir/cxx_guards.cpp.obj
[314/997] Building C object esp-idf/freertos/CMakeFiles/__idf_freertos.dir/FreeRTOS-Kernel/portable/xtensa/xtensa_init.c.obj
[315/997] Building C object esp-idf/freertos/CMakeFiles/__idf_freertos.dir/FreeRTOS-Kernel/portable/xtensa/port.c.obj
[316/997] Linking C static library esp-idf/esp_event/libesp_event.a
[317/997] Building C object esp-idf/freertos/CMakeFiles/__idf_freertos.dir/FreeRTOS-Kernel/portable/xtensa/xtensa_overlay_os_hook.c.obj
[318/997] Building ASM object esp-idf/freertos/CMakeFiles/__idf_freertos.dir/FreeRTOS-Kernel/portable/xtensa/xtensa_vectors.S.obj
[319/997] Linking C static library esp-idf/cxx/libcxx.a
[320/997] Building C object esp-idf/esp_hw_support/CMakeFiles/__idf_esp_hw_support.dir/esp_memory_utils.c.obj
[321/997] Building C object esp-idf/freertos/CMakeFiles/__idf_freertos.dir/FreeRTOS-Kernel/queue.c.obj
[322/997] Building C object esp-idf/esp_hw_support/CMakeFiles/__idf_esp_hw_support.dir/port/esp32s3/cpu_region_protect.c.obj
[323/997] Building C object esp-idf/esp_hw_support/CMakeFiles/__idf_esp_hw_support.dir/port/esp32s3/esp_cpu_intr.c.obj
[324/997] Building C object esp-idf/esp_hw_support/CMakeFiles/__idf_esp_hw_support.dir/cpu.c.obj
[325/997] Linking C static library esp-idf/newlib/libnewlib.a
[326/997] Building C object esp-idf/esp_hw_support/CMakeFiles/__idf_esp_hw_support.dir/hw_random.c.obj
[327/997] Building C object esp-idf/esp_hw_support/CMakeFiles/__idf_esp_hw_support.dir/revision.c.obj
[328/997] Building C object esp-idf/esp_hw_support/CMakeFiles/__idf_esp_hw_support.dir/clk_ctrl_os.c.obj
[329/997] Building C object esp-idf/esp_hw_support/CMakeFiles/__idf_esp_hw_support.dir/esp_clk.c.obj
[330/997] Building C object esp-idf/esp_hw_support/CMakeFiles/__idf_esp_hw_support.dir/mac_addr.c.obj
[331/997] Building C object esp-idf/esp_hw_support/CMakeFiles/__idf_esp_hw_support.dir/sleep_console.c.obj
[332/997] Building C object esp-idf/esp_hw_support/CMakeFiles/__idf_esp_hw_support.dir/sleep_event.c.obj
[333/997] Building C object esp-idf/esp_hw_support/CMakeFiles/__idf_esp_hw_support.dir/sleep_modem.c.obj
[334/997] Building C object esp-idf/esp_hw_support/CMakeFiles/__idf_esp_hw_support.dir/periph_ctrl.c.obj
[335/997] Building C object esp-idf/esp_hw_support/CMakeFiles/__idf_esp_hw_support.dir/esp_gpio_reserve.c.obj
[336/997] Building C object esp-idf/esp_hw_support/CMakeFiles/__idf_esp_hw_support.dir/rtc_module.c.obj
[337/997] Building C object esp-idf/esp_hw_support/CMakeFiles/__idf_esp_hw_support.dir/sleep_gpio.c.obj
[338/997] Building C object esp-idf/esp_hw_support/CMakeFiles/__idf_esp_hw_support.dir/regi2c_ctrl.c.obj
[339/997] Building C object esp-idf/esp_hw_support/CMakeFiles/__idf_esp_hw_support.dir/port/esp32s3/io_mux.c.obj
[340/997] Building C object esp-idf/esp_hw_support/CMakeFiles/__idf_esp_hw_support.dir/intr_alloc.c.obj
[341/997] Building C object esp-idf/esp_hw_support/CMakeFiles/__idf_esp_hw_support.dir/port/esp_clk_tree_common.c.obj
[342/997] Building C object esp-idf/freertos/CMakeFiles/__idf_freertos.dir/FreeRTOS-Kernel/tasks.c.obj
[343/997] Building C object esp-idf/esp_hw_support/CMakeFiles/__idf_esp_hw_support.dir/port/esp32s3/esp_clk_tree.c.obj
[344/997] Building C object esp-idf/esp_hw_support/CMakeFiles/__idf_esp_hw_support.dir/port/esp32s3/systimer.c.obj
[345/997] Building C object esp-idf/esp_hw_support/CMakeFiles/__idf_esp_hw_support.dir/sar_periph_ctrl_common.c.obj
[346/997] Building C object esp-idf/esp_hw_support/CMakeFiles/__idf_esp_hw_support.dir/dma/async_memcpy_impl_gdma.c.obj
[347/997] Building C object esp-idf/esp_hw_support/CMakeFiles/__idf_esp_hw_support.dir/adc_share_hw_ctrl.c.obj
[348/997] Building C object esp-idf/esp_hw_support/CMakeFiles/__idf_esp_hw_support.dir/sleep_cpu.c.obj
[349/997] Building C object esp-idf/esp_hw_support/CMakeFiles/__idf_esp_hw_support.dir/esp_hmac.c.obj
[350/997] Building C object esp-idf/esp_hw_support/CMakeFiles/__idf_esp_hw_support.dir/dma/esp_async_memcpy.c.obj
[351/997] Building C object esp-idf/esp_hw_support/CMakeFiles/__idf_esp_hw_support.dir/esp_ds.c.obj
[352/997] Building C object esp-idf/esp_hw_support/CMakeFiles/__idf_esp_hw_support.dir/port/esp32s3/mspi_timing_config.c.obj
[353/997] Building C object esp-idf/esp_hw_support/CMakeFiles/__idf_esp_hw_support.dir/mspi_timing_tuning.c.obj
[354/997] Building C object esp-idf/esp_hw_support/CMakeFiles/__idf_esp_hw_support.dir/sleep_wake_stub.c.obj
[355/997] Building C object esp-idf/esp_hw_support/CMakeFiles/__idf_esp_hw_support.dir/port/esp32s3/rtc_clk_init.c.obj
[356/997] Building C object esp-idf/esp_hw_support/CMakeFiles/__idf_esp_hw_support.dir/port/esp32s3/rtc_sleep.c.obj
[357/997] Building C object esp-idf/esp_hw_support/CMakeFiles/__idf_esp_hw_support.dir/port/esp32s3/esp_crypto_lock.c.obj
[358/997] Building C object esp-idf/esp_hw_support/CMakeFiles/__idf_esp_hw_support.dir/port/esp32s3/chip_info.c.obj
[359/997] Building C object esp-idf/esp_hw_support/CMakeFiles/__idf_esp_hw_support.dir/port/esp32s3/rtc_time.c.obj
[360/997] Building C object esp-idf/esp_hw_support/CMakeFiles/__idf_esp_hw_support.dir/port/esp32s3/rtc_clk.c.obj
[361/997] Building C object esp-idf/esp_hw_support/CMakeFiles/__idf_esp_hw_support.dir/port/esp32s3/rtc_init.c.obj
[362/997] Building C object esp-idf/soc/CMakeFiles/__idf_soc.dir/dport_access_common.c.obj
[363/997] Building C object esp-idf/soc/CMakeFiles/__idf_soc.dir/lldesc.c.obj
[364/997] Building C object esp-idf/esp_hw_support/CMakeFiles/__idf_esp_hw_support.dir/port/esp_memprot_conv.c.obj
[365/997] Building C object esp-idf/esp_hw_support/CMakeFiles/__idf_esp_hw_support.dir/port/esp32s3/sar_periph_ctrl.c.obj
[366/997] Building C object esp-idf/soc/CMakeFiles/__idf_soc.dir/esp32s3/interrupts.c.obj
[367/997] Building C object esp-idf/soc/CMakeFiles/__idf_soc.dir/esp32s3/gdma_periph.c.obj
[368/997] Building C object esp-idf/soc/CMakeFiles/__idf_soc.dir/esp32s3/gpio_periph.c.obj
[369/997] Linking C static library esp-idf/freertos/libfreertos.a
[370/997] Building C object esp-idf/soc/CMakeFiles/__idf_soc.dir/esp32s3/dedic_gpio_periph.c.obj
[371/997] Building C object esp-idf/soc/CMakeFiles/__idf_soc.dir/esp32s3/adc_periph.c.obj
[372/997] Building C object esp-idf/soc/CMakeFiles/__idf_soc.dir/esp32s3/uart_periph.c.obj
[373/997] Building C object esp-idf/soc/CMakeFiles/__idf_soc.dir/esp32s3/rmt_periph.c.obj
[374/997] Building C object esp-idf/soc/CMakeFiles/__idf_soc.dir/esp32s3/spi_periph.c.obj
[375/997] Building C object esp-idf/soc/CMakeFiles/__idf_soc.dir/esp32s3/sdm_periph.c.obj
[376/997] Building C object esp-idf/esp_hw_support/CMakeFiles/__idf_esp_hw_support.dir/dma/gdma.c.obj
[377/997] Building C object esp-idf/soc/CMakeFiles/__idf_soc.dir/esp32s3/pcnt_periph.c.obj
[378/997] Building C object esp-idf/soc/CMakeFiles/__idf_soc.dir/esp32s3/ledc_periph.c.obj
[379/997] Building C object esp-idf/soc/CMakeFiles/__idf_soc.dir/esp32s3/i2s_periph.c.obj
[380/997] Building C object esp-idf/soc/CMakeFiles/__idf_soc.dir/esp32s3/i2c_periph.c.obj
[381/997] Building C object esp-idf/soc/CMakeFiles/__idf_soc.dir/esp32s3/temperature_sensor_periph.c.obj
[382/997] Building C object esp-idf/soc/CMakeFiles/__idf_soc.dir/esp32s3/timer_periph.c.obj
[383/997] Building C object esp-idf/soc/CMakeFiles/__idf_soc.dir/esp32s3/lcd_periph.c.obj
[384/997] Building C object esp-idf/soc/CMakeFiles/__idf_soc.dir/esp32s3/sdmmc_periph.c.obj
[385/997] Building C object esp-idf/soc/CMakeFiles/__idf_soc.dir/esp32s3/mcpwm_periph.c.obj
[386/997] Building C object esp-idf/soc/CMakeFiles/__idf_soc.dir/esp32s3/usb_periph.c.obj
[387/997] Building C object esp-idf/soc/CMakeFiles/__idf_soc.dir/esp32s3/twai_periph.c.obj
[388/997] Building C object esp-idf/soc/CMakeFiles/__idf_soc.dir/esp32s3/usb_dwc_periph.c.obj
[389/997] Building C object esp-idf/soc/CMakeFiles/__idf_soc.dir/esp32s3/touch_sensor_periph.c.obj
[390/997] Building C object esp-idf/soc/CMakeFiles/__idf_soc.dir/esp32s3/rtc_io_periph.c.obj
[391/997] Building C object esp-idf/esp_hw_support/CMakeFiles/__idf_esp_hw_support.dir/sleep_modes.c.obj
[392/997] Building C object esp-idf/heap/CMakeFiles/__idf_heap.dir/port/memory_layout_utils.c.obj
[393/997] Building C object esp-idf/heap/CMakeFiles/__idf_heap.dir/port/esp32s3/memory_layout.c.obj
[394/997] Building C object esp-idf/heap/CMakeFiles/__idf_heap.dir/heap_caps_init.c.obj
[395/997] Building C object esp-idf/heap/CMakeFiles/__idf_heap.dir/heap_caps_base.c.obj
[396/997] Building C object esp-idf/log/CMakeFiles/__idf_log.dir/log.c.obj
[397/997] Building C object esp-idf/hal/CMakeFiles/__idf_hal.dir/mpu_hal.c.obj
[398/997] Building C object esp-idf/log/CMakeFiles/__idf_log.dir/log_buffers.c.obj
[399/997] Building C object esp-idf/log/CMakeFiles/__idf_log.dir/log_freertos.c.obj
[400/997] Building C object esp-idf/heap/CMakeFiles/__idf_heap.dir/multi_heap.c.obj
[401/997] Building C object esp-idf/hal/CMakeFiles/__idf_hal.dir/efuse_hal.c.obj
[402/997] Building C object esp-idf/heap/CMakeFiles/__idf_heap.dir/heap_caps.c.obj
[403/997] Building C object esp-idf/hal/CMakeFiles/__idf_hal.dir/esp32s3/efuse_hal.c.obj
[404/997] Building C object esp-idf/hal/CMakeFiles/__idf_hal.dir/mmu_hal.c.obj
[405/997] Building C object esp-idf/hal/CMakeFiles/__idf_hal.dir/cache_hal.c.obj
[406/997] Building C object esp-idf/hal/CMakeFiles/__idf_hal.dir/gpio_hal.c.obj
[407/997] Building C object esp-idf/hal/CMakeFiles/__idf_hal.dir/rtc_io_hal.c.obj
[408/997] Building C object esp-idf/hal/CMakeFiles/__idf_hal.dir/uart_hal_iram.c.obj
[409/997] Building C object esp-idf/hal/CMakeFiles/__idf_hal.dir/uart_hal.c.obj
[410/997] Building C object esp-idf/hal/CMakeFiles/__idf_hal.dir/esp32s3/clk_tree_hal.c.obj
[411/997] Building C object esp-idf/hal/CMakeFiles/__idf_hal.dir/adc_hal_common.c.obj
[412/997] Building C object esp-idf/hal/CMakeFiles/__idf_hal.dir/spi_flash_hal.c.obj
[413/997] Building C object esp-idf/hal/CMakeFiles/__idf_hal.dir/spi_flash_encrypt_hal_iram.c.obj
[414/997] Building C object esp-idf/hal/CMakeFiles/__idf_hal.dir/systimer_hal.c.obj
[415/997] Building C object esp-idf/hal/CMakeFiles/__idf_hal.dir/timer_hal.c.obj
[416/997] Building C object esp-idf/hal/CMakeFiles/__idf_hal.dir/spi_flash_hal_iram.c.obj
[417/997] Building C object esp-idf/hal/CMakeFiles/__idf_hal.dir/ledc_hal.c.obj
[418/997] Building C object esp-idf/hal/CMakeFiles/__idf_hal.dir/adc_oneshot_hal.c.obj
[419/997] Building C object esp-idf/hal/CMakeFiles/__idf_hal.dir/ledc_hal_iram.c.obj
[420/997] Building C object esp-idf/hal/CMakeFiles/__idf_hal.dir/i2c_hal_iram.c.obj
[421/997] Building C object esp-idf/hal/CMakeFiles/__idf_hal.dir/pcnt_hal.c.obj
[422/997] Building C object esp-idf/heap/CMakeFiles/__idf_heap.dir/tlsf/tlsf.c.obj
[423/997] Building C object esp-idf/hal/CMakeFiles/__idf_hal.dir/i2c_hal.c.obj
[424/997] Building C object esp-idf/hal/CMakeFiles/__idf_hal.dir/gdma_hal.c.obj
[425/997] Building C object esp-idf/esp_hw_support/CMakeFiles/__idf_esp_hw_support.dir/port/esp32s3/esp_memprot.c.obj
[426/997] Building C object esp-idf/hal/CMakeFiles/__idf_hal.dir/rmt_hal.c.obj
[427/997] Building C object esp-idf/hal/CMakeFiles/__idf_hal.dir/twai_hal_iram.c.obj
[428/997] Building C object esp-idf/hal/CMakeFiles/__idf_hal.dir/mcpwm_hal.c.obj
[429/997] Building C object esp-idf/hal/CMakeFiles/__idf_hal.dir/sdm_hal.c.obj
[430/997] Building C object esp-idf/hal/CMakeFiles/__idf_hal.dir/twai_hal.c.obj
[431/997] Building C object esp-idf/hal/CMakeFiles/__idf_hal.dir/lcd_hal.c.obj
[432/997] Building C object esp-idf/hal/CMakeFiles/__idf_hal.dir/brownout_hal.c.obj
[433/997] Building C object esp-idf/hal/CMakeFiles/__idf_hal.dir/sha_hal.c.obj
[434/997] Building C object esp-idf/hal/CMakeFiles/__idf_hal.dir/aes_hal.c.obj
[435/997] Building C object esp-idf/hal/CMakeFiles/__idf_hal.dir/spi_slave_hal.c.obj
[436/997] Building C object esp-idf/hal/CMakeFiles/__idf_hal.dir/spi_slave_hal_iram.c.obj
[437/997] Building C object esp-idf/hal/CMakeFiles/__idf_hal.dir/spi_hal.c.obj
[438/997] Building C object esp-idf/hal/CMakeFiles/__idf_hal.dir/hmac_hal.c.obj
[439/997] Linking C static library esp-idf/esp_hw_support/libesp_hw_support.a
[440/997] Building C object esp-idf/hal/CMakeFiles/__idf_hal.dir/usb_serial_jtag_hal.c.obj
[441/997] Building C object esp-idf/hal/CMakeFiles/__idf_hal.dir/ds_hal.c.obj
[442/997] Building C object esp-idf/hal/CMakeFiles/__idf_hal.dir/adc_hal.c.obj
[443/997] Building C object esp-idf/hal/CMakeFiles/__idf_hal.dir/i2s_hal.c.obj
[444/997] Building C object esp-idf/hal/CMakeFiles/__idf_hal.dir/usb_wrap_hal.c.obj
[445/997] Building C object esp-idf/hal/CMakeFiles/__idf_hal.dir/xt_wdt_hal.c.obj
[446/997] Building C object esp-idf/hal/CMakeFiles/__idf_hal.dir/touch_sensor_hal.c.obj
[447/997] Building C object esp-idf/esp_rom/CMakeFiles/__idf_esp_rom.dir/patches/esp_rom_crc.c.obj
[448/997] Linking C static library esp-idf/soc/libsoc.a
[449/997] Building C object esp-idf/hal/CMakeFiles/__idf_hal.dir/esp32s3/touch_sensor_hal.c.obj
[450/997] Building C object esp-idf/hal/CMakeFiles/__idf_hal.dir/spi_hal_iram.c.obj
[451/997] Building C object esp-idf/esp_rom/CMakeFiles/__idf_esp_rom.dir/patches/esp_rom_sys.c.obj
[452/997] Building C object esp-idf/hal/CMakeFiles/__idf_hal.dir/spi_flash_hal_gpspi.c.obj
[453/997] Building ASM object esp-idf/esp_rom/CMakeFiles/__idf_esp_rom.dir/patches/esp_rom_longjmp.S.obj
[454/997] Building C object esp-idf/esp_rom/CMakeFiles/__idf_esp_rom.dir/patches/esp_rom_spiflash.c.obj
[455/997] Linking C static library esp-idf/heap/libheap.a
[456/997] Building C object esp-idf/esp_rom/CMakeFiles/__idf_esp_rom.dir/patches/esp_rom_efuse.c.obj
[457/997] Building C object esp-idf/esp_rom/CMakeFiles/__idf_esp_rom.dir/patches/esp_rom_gpio.c.obj
[458/997] Building C object esp-idf/hal/CMakeFiles/__idf_hal.dir/usb_dwc_hal.c.obj
[459/997] Building C object esp-idf/esp_rom/CMakeFiles/__idf_esp_rom.dir/patches/esp_rom_systimer.c.obj
[460/997] Building C object esp-idf/esp_rom/CMakeFiles/__idf_esp_rom.dir/patches/esp_rom_uart.c.obj
[461/997] Building C object esp-idf/hal/CMakeFiles/__idf_hal.dir/esp32s3/rtc_cntl_hal.c.obj
[462/997] Building ASM object esp-idf/esp_rom/CMakeFiles/__idf_esp_rom.dir/patches/esp_rom_cache_writeback_esp32s3.S.obj
[463/997] Building C object esp-idf/esp_rom/CMakeFiles/__idf_esp_rom.dir/patches/esp_rom_wdt.c.obj
[464/997] Linking C static library esp-idf/log/liblog.a
[465/997] Building C object esp-idf/hal/CMakeFiles/__idf_hal.dir/spi_slave_hd_hal.c.obj
[466/997] Building C object esp-idf/esp_system/CMakeFiles/__idf_esp_system.dir/esp_err.c.obj
[467/997] Building C object esp-idf/esp_rom/CMakeFiles/__idf_esp_rom.dir/patches/esp_rom_cache_esp32s2_esp32s3.c.obj
[468/997] Building C object esp-idf/esp_system/CMakeFiles/__idf_esp_system.dir/crosscore_int.c.obj
[469/997] Building C object esp-idf/esp_system/CMakeFiles/__idf_esp_system.dir/freertos_hooks.c.obj
[470/997] Building C object esp-idf/esp_system/CMakeFiles/__idf_esp_system.dir/esp_system.c.obj
[471/997] Building C object esp-idf/esp_system/CMakeFiles/__idf_esp_system.dir/esp_ipc.c.obj
[472/997] Building C object esp-idf/esp_system/CMakeFiles/__idf_esp_system.dir/system_time.c.obj
[473/997] Building C object esp-idf/esp_system/CMakeFiles/__idf_esp_system.dir/int_wdt.c.obj
[474/997] Building C object esp-idf/esp_system/CMakeFiles/__idf_esp_system.dir/stack_check.c.obj
[475/997] Building C object esp-idf/esp_system/CMakeFiles/__idf_esp_system.dir/debug_stubs.c.obj
[476/997] Linking C static library esp-idf/hal/libhal.a
[477/997] Building C object esp-idf/esp_system/CMakeFiles/__idf_esp_system.dir/ubsan.c.obj
[478/997] Building C object esp-idf/esp_system/CMakeFiles/__idf_esp_system.dir/panic.c.obj
[479/997] Building C object esp-idf/esp_system/CMakeFiles/__idf_esp_system.dir/xt_wdt.c.obj
[480/997] Building ASM object esp-idf/esp_system/CMakeFiles/__idf_esp_system.dir/port/soc/esp32s3/highint_hdl.S.obj
[481/997] Linking C static library esp-idf/esp_rom/libesp_rom.a
[482/997] Building C object esp-idf/esp_system/CMakeFiles/__idf_esp_system.dir/task_wdt/task_wdt_impl_timergroup.c.obj
[483/997] Building C object esp-idf/esp_system/CMakeFiles/__idf_esp_system.dir/port/esp_system_chip.c.obj
[484/997] Building C object esp-idf/esp_system/CMakeFiles/__idf_esp_system.dir/port/panic_handler.c.obj
[485/997] Building C object esp-idf/esp_system/CMakeFiles/__idf_esp_system.dir/port/brownout.c.obj
[486/997] Building C object esp-idf/esp_system/CMakeFiles/__idf_esp_system.dir/port/cpu_start.c.obj
[487/997] Building C object esp-idf/esp_common/CMakeFiles/__idf_esp_common.dir/src/esp_err_to_name.c.obj
[488/997] Building ASM object esp-idf/esp_system/CMakeFiles/__idf_esp_system.dir/port/arch/xtensa/panic_handler_asm.S.obj
[489/997] Building C object esp-idf/esp_system/CMakeFiles/__idf_esp_system.dir/port/soc/esp32s3/reset_reason.c.obj
[490/997] Building C object esp-idf/esp_system/CMakeFiles/__idf_esp_system.dir/port/soc/esp32s3/apb_backup_dma.c.obj
[491/997] Building C object esp-idf/esp_system/CMakeFiles/__idf_esp_system.dir/startup.c.obj
[492/997] Building ASM object esp-idf/esp_system/CMakeFiles/__idf_esp_system.dir/port/arch/xtensa/expression_with_stack_asm.S.obj
[493/997] Building C object esp-idf/esp_system/CMakeFiles/__idf_esp_system.dir/port/soc/esp32s3/cache_err_int.c.obj
[494/997] Building C object esp-idf/esp_system/CMakeFiles/__idf_esp_system.dir/port/soc/esp32s3/clk.c.obj
[495/997] Building ASM object esp-idf/esp_system/CMakeFiles/__idf_esp_system.dir/port/arch/xtensa/debug_helpers_asm.S.obj
[496/997] Building C object esp-idf/esp_system/CMakeFiles/__idf_esp_system.dir/port/soc/esp32s3/system_internal.c.obj
[497/997] Building C object esp-idf/esp_system/CMakeFiles/__idf_esp_system.dir/task_wdt/task_wdt.c.obj
[498/997] Building C object esp-idf/esp_system/CMakeFiles/__idf_esp_system.dir/port/arch/xtensa/debug_stubs.c.obj
[499/997] Building C object esp-idf/esp_system/CMakeFiles/__idf_esp_system.dir/port/arch/xtensa/panic_arch.c.obj
[500/997] Building ASM object esp-idf/esp_system/CMakeFiles/__idf_esp_system.dir/port/arch/xtensa/esp_ipc_isr_routines.S.obj
[501/997] Building ASM object esp-idf/esp_system/CMakeFiles/__idf_esp_system.dir/port/arch/xtensa/esp_ipc_isr_handler.S.obj
[502/997] Linking C static library esp-idf/esp_common/libesp_common.a
[503/997] Building C object esp-idf/esp_system/CMakeFiles/__idf_esp_system.dir/port/arch/xtensa/trax.c.obj
[504/997] Building C object esp-idf/esp_system/CMakeFiles/__idf_esp_system.dir/port/arch/xtensa/debug_helpers.c.obj
[505/997] Building C object esp-idf/esp_system/CMakeFiles/__idf_esp_system.dir/port/arch/xtensa/expression_with_stack.c.obj
[506/997] Building C object esp-idf/spi_flash/CMakeFiles/__idf_spi_flash.dir/flash_brownout_hook.c.obj
[507/997] Building C object esp-idf/pthread/CMakeFiles/__idf_pthread.dir/pthread_local_storage.c.obj
[508/997] Building C object esp-idf/pthread/CMakeFiles/__idf_pthread.dir/pthread_rwlock.c.obj
[509/997] Building C object esp-idf/spi_flash/CMakeFiles/__idf_spi_flash.dir/spi_flash_chip_drivers.c.obj
[510/997] Building C object esp-idf/esp_system/CMakeFiles/__idf_esp_system.dir/port/arch/xtensa/esp_ipc_isr.c.obj
[511/997] Building C object esp-idf/spi_flash/CMakeFiles/__idf_spi_flash.dir/spi_flash_hpm_enable.c.obj
[512/997] Building C object esp-idf/pthread/CMakeFiles/__idf_pthread.dir/pthread_semaphore.c.obj
[513/997] Building C object esp-idf/spi_flash/CMakeFiles/__idf_spi_flash.dir/spi_flash_chip_issi.c.obj
[514/997] Building C object esp-idf/pthread/CMakeFiles/__idf_pthread.dir/pthread_cond_var.c.obj
[515/997] Building C object esp-idf/spi_flash/CMakeFiles/__idf_spi_flash.dir/spi_flash_chip_mxic.c.obj
[516/997] Building C object esp-idf/spi_flash/CMakeFiles/__idf_spi_flash.dir/spi_flash_chip_winbond.c.obj
[517/997] Building C object esp-idf/spi_flash/CMakeFiles/__idf_spi_flash.dir/spi_flash_chip_gd.c.obj
[518/997] Building C object esp-idf/spi_flash/CMakeFiles/__idf_spi_flash.dir/spi_flash_chip_boya.c.obj
[519/997] Building C object esp-idf/spi_flash/CMakeFiles/__idf_spi_flash.dir/esp32s3/spi_flash_oct_flash_init.c.obj
[520/997] Building C object esp-idf/spi_flash/CMakeFiles/__idf_spi_flash.dir/spi_flash_chip_th.c.obj
[521/997] Linking C static library esp-idf/esp_system/libesp_system.a
[522/997] Building C object esp-idf/pthread/CMakeFiles/__idf_pthread.dir/pthread.c.obj
[523/997] Building C object esp-idf/spi_flash/CMakeFiles/__idf_spi_flash.dir/spi_flash_chip_mxic_opi.c.obj
[524/997] Building C object esp-idf/spi_flash/CMakeFiles/__idf_spi_flash.dir/spi_flash_wrap.c.obj
[525/997] Building C object esp-idf/spi_flash/CMakeFiles/__idf_spi_flash.dir/spi_flash_chip_generic.c.obj
[526/997] Building C object esp-idf/spi_flash/CMakeFiles/__idf_spi_flash.dir/cache_utils.c.obj
[527/997] Building C object esp-idf/spi_flash/CMakeFiles/__idf_spi_flash.dir/flash_ops.c.obj
[528/997] Building C object esp-idf/spi_flash/CMakeFiles/__idf_spi_flash.dir/spi_flash_os_func_noos.c.obj
[529/997] Linking C static library esp-idf/pthread/libpthread.a
[530/997] Building C object esp-idf/esp_mm/CMakeFiles/__idf_esp_mm.dir/port/esp32s3/ext_mem_layout.c.obj
[531/997] Building C object esp-idf/spi_flash/CMakeFiles/__idf_spi_flash.dir/memspi_host_driver.c.obj
[532/997] Building C object esp-idf/spi_flash/CMakeFiles/__idf_spi_flash.dir/flash_mmap.c.obj
[533/997] Building C object esp-idf/esp_mm/CMakeFiles/__idf_esp_mm.dir/esp_cache.c.obj
[534/997] Building C object esp-idf/spi_flash/CMakeFiles/__idf_spi_flash.dir/spi_flash_os_func_app.c.obj
[535/997] Building C object esp-idf/app_update/CMakeFiles/__idf_app_update.dir/esp_ota_app_desc.c.obj
[536/997] Building C object esp-idf/spi_flash/CMakeFiles/__idf_spi_flash.dir/esp_flash_spi_init.c.obj
[537/997] Building C object esp-idf/esp_partition/CMakeFiles/__idf_esp_partition.dir/partition_target.c.obj
[538/997] Building C object esp-idf/bootloader_support/CMakeFiles/__idf_bootloader_support.dir/src/bootloader_common.c.obj
[539/997] Building C object esp-idf/bootloader_support/CMakeFiles/__idf_bootloader_support.dir/src/bootloader_clock_init.c.obj
[540/997] Building C object esp-idf/esp_partition/CMakeFiles/__idf_esp_partition.dir/partition.c.obj
[541/997] Building C object esp-idf/bootloader_support/CMakeFiles/__idf_bootloader_support.dir/src/bootloader_mem.c.obj
[542/997] Building C object esp-idf/bootloader_support/CMakeFiles/__idf_bootloader_support.dir/src/bootloader_random_esp32s3.c.obj
[543/997] Building C object esp-idf/bootloader_support/CMakeFiles/__idf_bootloader_support.dir/src/bootloader_random.c.obj
[544/997] Building C object esp-idf/esp_mm/CMakeFiles/__idf_esp_mm.dir/esp_mmu_map.c.obj
[545/997] Building C object esp-idf/bootloader_support/CMakeFiles/__idf_bootloader_support.dir/src/bootloader_common_loader.c.obj
[546/997] Building C object esp-idf/bootloader_support/CMakeFiles/__idf_bootloader_support.dir/src/bootloader_efuse.c.obj
[547/997] Building C object esp-idf/spi_flash/CMakeFiles/__idf_spi_flash.dir/esp_flash_api.c.obj
[548/997] Building C object esp-idf/app_update/CMakeFiles/__idf_app_update.dir/esp_ota_ops.c.obj
[549/997] Building C object esp-idf/bootloader_support/CMakeFiles/__idf_bootloader_support.dir/bootloader_flash/src/flash_qio_mode.c.obj
[550/997] Building C object esp-idf/bootloader_support/CMakeFiles/__idf_bootloader_support.dir/src/secure_boot.c.obj
[551/997] Linking C static library esp-idf/spi_flash/libspi_flash.a
[552/997] Building C object esp-idf/bootloader_support/CMakeFiles/__idf_bootloader_support.dir/bootloader_flash/src/bootloader_flash_config_esp32s3.c.obj
[553/997] Building C object esp-idf/bootloader_support/CMakeFiles/__idf_bootloader_support.dir/src/flash_partitions.c.obj
[554/997] Building C object esp-idf/bootloader_support/CMakeFiles/__idf_bootloader_support.dir/src/idf/bootloader_sha.c.obj
[555/997] Building C object esp-idf/bootloader_support/CMakeFiles/__idf_bootloader_support.dir/src/flash_encrypt.c.obj
[556/997] Building C object esp-idf/mbedtls/mbedtls/library/CMakeFiles/mbedtls.dir/debug.c.obj
[557/997] Building C object esp-idf/esp_app_format/CMakeFiles/__idf_esp_app_format.dir/esp_app_desc.c.obj
[558/997] Building C object esp-idf/bootloader_support/CMakeFiles/__idf_bootloader_support.dir/bootloader_flash/src/bootloader_flash.c.obj
[559/997] Linking C static library esp-idf/esp_mm/libesp_mm.a
[560/997] Building C object esp-idf/mbedtls/mbedtls/library/CMakeFiles/mbedtls.dir/mps_reader.c.obj
[561/997] Building C object esp-idf/bootloader_support/CMakeFiles/__idf_bootloader_support.dir/src/esp_image_format.c.obj
[562/997] Building C object esp-idf/mbedtls/mbedtls/library/CMakeFiles/mbedtls.dir/mps_trace.c.obj
[563/997] Building C object esp-idf/mbedtls/mbedtls/library/CMakeFiles/mbedtls.dir/ssl_debug_helpers_generated.c.obj
[564/997] Linking C static library esp-idf/app_update/libapp_update.a
[565/997] Linking C static library esp-idf/esp_partition/libesp_partition.a
[566/997] Building C object esp-idf/mbedtls/mbedtls/library/CMakeFiles/mbedtls.dir/ssl_ciphersuites.c.obj
[567/997] Building C object esp-idf/mbedtls/mbedtls/library/CMakeFiles/mbedtls.dir/ssl_cache.c.obj
[568/997] Building C object esp-idf/mbedtls/mbedtls/library/CMakeFiles/mbedtls.dir/ssl_cookie.c.obj
[569/997] Building C object esp-idf/bootloader_support/CMakeFiles/__idf_bootloader_support.dir/src/bootloader_utility.c.obj
[570/997] Building C object esp-idf/mbedtls/mbedtls/library/CMakeFiles/mbedtls.dir/ssl_tls13_keys.c.obj
[571/997] Building C object esp-idf/mbedtls/mbedtls/library/CMakeFiles/mbedtls.dir/ssl_ticket.c.obj
[572/997] Building C object esp-idf/mbedtls/mbedtls/library/CMakeFiles/mbedtls.dir/ssl_tls13_client.c.obj
[573/997] Building C object esp-idf/mbedtls/mbedtls/library/CMakeFiles/mbedtls.dir/ssl_tls13_server.c.obj
[574/997] Building C object esp-idf/mbedtls/mbedtls/library/CMakeFiles/mbedtls.dir/ssl_client.c.obj
[575/997] Building C object esp-idf/mbedtls/mbedtls/library/CMakeFiles/mbedtls.dir/ssl_tls13_generic.c.obj
[576/997] Linking C static library esp-idf/bootloader_support/libbootloader_support.a
[577/997] Building C object esp-idf/mbedtls/mbedtls/library/CMakeFiles/mbedtls.dir/Users/lojaws/.platformio/packages/framework-espidf/components/mbedtls/port/esp_platform_time.c.obj
[578/997] Building C object esp-idf/mbedtls/mbedtls/library/CMakeFiles/mbedtls.dir/Users/lojaws/.platformio/packages/framework-espidf/components/mbedtls/port/mbedtls_debug.c.obj
[579/997] Linking C static library esp-idf/esp_app_format/libesp_app_format.a
[580/997] Building C object esp-idf/mbedtls/mbedtls/library/CMakeFiles/mbedx509.dir/pkcs7.c.obj
[581/997] Building C object esp-idf/mbedtls/mbedtls/library/CMakeFiles/mbedx509.dir/x509_create.c.obj
[582/997] Building C object esp-idf/mbedtls/mbedtls/library/CMakeFiles/mbedx509.dir/x509_crl.c.obj
[583/997] Building C object esp-idf/mbedtls/mbedtls/library/CMakeFiles/mbedtls.dir/ssl_msg.c.obj
[584/997] Building C object esp-idf/mbedtls/mbedtls/library/CMakeFiles/mbedtls.dir/ssl_tls12_client.c.obj
[585/997] Building C object esp-idf/mbedtls/mbedtls/library/CMakeFiles/mbedtls.dir/Users/lojaws/.platformio/packages/framework-espidf/components/mbedtls/port/net_sockets.c.obj
[586/997] Building C object esp-idf/mbedtls/mbedtls/library/CMakeFiles/mbedcrypto.dir/aesni.c.obj
[587/997] Building C object esp-idf/mbedtls/mbedtls/library/CMakeFiles/mbedx509.dir/x509write.c.obj
[588/997] Building C object esp-idf/mbedtls/mbedtls/library/CMakeFiles/mbedx509.dir/x509_csr.c.obj
[589/997] Building C object esp-idf/mbedtls/mbedtls/library/CMakeFiles/mbedx509.dir/x509write_csr.c.obj
[590/997] Building C object esp-idf/mbedtls/mbedtls/library/CMakeFiles/mbedx509.dir/x509.c.obj
[591/997] Building C object esp-idf/mbedtls/mbedtls/library/CMakeFiles/mbedcrypto.dir/aes.c.obj
[592/997] Building C object esp-idf/mbedtls/mbedtls/library/CMakeFiles/mbedtls.dir/ssl_tls12_server.c.obj
[593/997] Building C object esp-idf/mbedtls/mbedtls/library/CMakeFiles/mbedcrypto.dir/aesce.c.obj
[594/997] Building C object esp-idf/mbedtls/mbedtls/library/CMakeFiles/mbedx509.dir/x509write_crt.c.obj
[595/997] Building C object esp-idf/mbedtls/mbedtls/library/CMakeFiles/mbedcrypto.dir/bignum_mod_raw.c.obj
[596/997] Building C object esp-idf/mbedtls/mbedtls/library/CMakeFiles/mbedcrypto.dir/bignum_mod.c.obj
[597/997] Building C object esp-idf/mbedtls/mbedtls/library/CMakeFiles/mbedcrypto.dir/asn1write.c.obj
[598/997] Building C object esp-idf/mbedtls/mbedtls/library/CMakeFiles/mbedcrypto.dir/asn1parse.c.obj
[599/997] Building C object esp-idf/mbedtls/mbedtls/library/CMakeFiles/mbedcrypto.dir/base64.c.obj
[600/997] Building C object esp-idf/mbedtls/mbedtls/library/CMakeFiles/mbedcrypto.dir/block_cipher.c.obj
[601/997] Building C object esp-idf/mbedtls/mbedtls/library/CMakeFiles/mbedcrypto.dir/camellia.c.obj
[602/997] Building C object esp-idf/mbedtls/mbedtls/library/CMakeFiles/mbedcrypto.dir/aria.c.obj
[603/997] Building C object esp-idf/mbedtls/mbedtls/library/CMakeFiles/mbedcrypto.dir/chacha20.c.obj
[604/997] Building C object esp-idf/mbedtls/mbedtls/library/CMakeFiles/mbedcrypto.dir/chachapoly.c.obj
[605/997] Building C object esp-idf/mbedtls/mbedtls/library/CMakeFiles/mbedcrypto.dir/constant_time.c.obj
[606/997] Building C object esp-idf/mbedtls/mbedtls/library/CMakeFiles/mbedcrypto.dir/cipher_wrap.c.obj
[607/997] Building C object esp-idf/mbedtls/mbedtls/library/CMakeFiles/mbedcrypto.dir/ccm.c.obj
[608/997] Building C object esp-idf/mbedtls/mbedtls/library/CMakeFiles/mbedcrypto.dir/bignum_core.c.obj
[609/997] Building C object esp-idf/mbedtls/mbedtls/library/CMakeFiles/mbedcrypto.dir/des.c.obj
[610/997] Building C object esp-idf/mbedtls/mbedtls/library/CMakeFiles/mbedcrypto.dir/ctr_drbg.c.obj
[611/997] Building C object esp-idf/mbedtls/mbedtls/library/CMakeFiles/mbedcrypto.dir/dhm.c.obj
[612/997] Building C object esp-idf/mbedtls/mbedtls/library/CMakeFiles/mbedcrypto.dir/cipher.c.obj
[613/997] Building C object esp-idf/mbedtls/mbedtls/library/CMakeFiles/mbedcrypto.dir/cmac.c.obj
[614/997] Building C object esp-idf/mbedtls/mbedtls/library/CMakeFiles/mbedcrypto.dir/ecjpake.c.obj
[615/997] Building C object esp-idf/mbedtls/mbedtls/library/CMakeFiles/mbedx509.dir/x509_crt.c.obj
[616/997] Building C object esp-idf/mbedtls/mbedtls/library/CMakeFiles/mbedtls.dir/ssl_tls.c.obj
[617/997] Building C object esp-idf/mbedtls/mbedtls/library/CMakeFiles/mbedcrypto.dir/ecdh.c.obj
[618/997] Building C object esp-idf/mbedtls/mbedtls/library/CMakeFiles/mbedcrypto.dir/ecdsa.c.obj
[619/997] Building C object esp-idf/mbedtls/mbedtls/library/CMakeFiles/mbedcrypto.dir/ecp_curves_new.c.obj
[620/997] Building C object esp-idf/mbedtls/mbedtls/library/CMakeFiles/mbedcrypto.dir/entropy_poll.c.obj
[621/997] Building C object esp-idf/mbedtls/mbedtls/library/CMakeFiles/mbedcrypto.dir/entropy.c.obj
[622/997] Building C object esp-idf/mbedtls/mbedtls/library/CMakeFiles/mbedcrypto.dir/hkdf.c.obj
[623/997] Linking CXX static library esp-idf/mbedtls/mbedtls/library/libmbedtls.a
[624/997] Building C object esp-idf/mbedtls/mbedtls/library/CMakeFiles/mbedcrypto.dir/gcm.c.obj
[625/997] Building C object esp-idf/mbedtls/mbedtls/library/CMakeFiles/mbedcrypto.dir/hmac_drbg.c.obj
[626/997] Building C object esp-idf/mbedtls/mbedtls/library/CMakeFiles/mbedcrypto.dir/bignum.c.obj
[627/997] Building C object esp-idf/mbedtls/mbedtls/library/CMakeFiles/mbedcrypto.dir/error.c.obj
[628/997] Building C object esp-idf/mbedtls/mbedtls/library/CMakeFiles/mbedcrypto.dir/memory_buffer_alloc.c.obj
[629/997] Building C object esp-idf/mbedtls/mbedtls/library/CMakeFiles/mbedcrypto.dir/lmots.c.obj
[630/997] Building C object esp-idf/mbedtls/mbedtls/library/CMakeFiles/mbedcrypto.dir/md5.c.obj
[631/997] Building C object esp-idf/mbedtls/mbedtls/library/CMakeFiles/mbedcrypto.dir/lms.c.obj
[632/997] Building C object esp-idf/mbedtls/mbedtls/library/CMakeFiles/mbedcrypto.dir/md.c.obj
[633/997] Building C object esp-idf/mbedtls/mbedtls/library/CMakeFiles/mbedcrypto.dir/padlock.c.obj
[634/997] Building C object esp-idf/mbedtls/mbedtls/library/CMakeFiles/mbedcrypto.dir/nist_kw.c.obj
[635/997] Building C object esp-idf/mbedtls/mbedtls/library/CMakeFiles/mbedcrypto.dir/pk_ecc.c.obj
[636/997] Building C object esp-idf/mbedtls/mbedtls/library/CMakeFiles/mbedcrypto.dir/pem.c.obj
[637/997] Building C object esp-idf/mbedtls/mbedtls/library/CMakeFiles/mbedcrypto.dir/pkcs5.c.obj
[638/997] Building C object esp-idf/mbedtls/mbedtls/library/CMakeFiles/mbedcrypto.dir/pkcs12.c.obj
[639/997] Building C object esp-idf/mbedtls/mbedtls/library/CMakeFiles/mbedcrypto.dir/pk_wrap.c.obj
[640/997] Building C object esp-idf/mbedtls/mbedtls/library/CMakeFiles/mbedcrypto.dir/pk.c.obj
[641/997] Building C object esp-idf/mbedtls/mbedtls/library/CMakeFiles/mbedcrypto.dir/oid.c.obj
[642/997] Building C object esp-idf/mbedtls/mbedtls/library/CMakeFiles/mbedcrypto.dir/ecp_curves.c.obj
[643/997] Building C object esp-idf/mbedtls/mbedtls/library/CMakeFiles/mbedcrypto.dir/platform.c.obj
[644/997] Building C object esp-idf/mbedtls/mbedtls/library/CMakeFiles/mbedcrypto.dir/poly1305.c.obj
[645/997] Building C object esp-idf/mbedtls/mbedtls/library/CMakeFiles/mbedcrypto.dir/platform_util.c.obj
[646/997] Building C object esp-idf/mbedtls/mbedtls/library/CMakeFiles/mbedcrypto.dir/ecp.c.obj
[647/997] Building C object esp-idf/mbedtls/mbedtls/library/CMakeFiles/mbedcrypto.dir/psa_crypto_client.c.obj
[648/997] Building C object esp-idf/mbedtls/mbedtls/library/CMakeFiles/mbedcrypto.dir/psa_crypto_driver_wrappers_no_static.c.obj
[649/997] Building C object esp-idf/mbedtls/mbedtls/library/CMakeFiles/mbedcrypto.dir/pkwrite.c.obj
[650/997] Building C object esp-idf/mbedtls/mbedtls/library/CMakeFiles/mbedcrypto.dir/psa_crypto_aead.c.obj
[651/997] Building C object esp-idf/mbedtls/mbedtls/library/CMakeFiles/mbedcrypto.dir/psa_crypto_cipher.c.obj
[652/997] Building C object esp-idf/mbedtls/mbedtls/library/CMakeFiles/mbedcrypto.dir/psa_crypto_ecp.c.obj
[653/997] Building C object esp-idf/mbedtls/mbedtls/library/CMakeFiles/mbedcrypto.dir/pkparse.c.obj
[654/997] Building C object esp-idf/mbedtls/mbedtls/library/CMakeFiles/mbedcrypto.dir/psa_crypto_ffdh.c.obj
[655/997] Building C object esp-idf/mbedtls/mbedtls/library/CMakeFiles/mbedcrypto.dir/psa_crypto_hash.c.obj
[656/997] Building C object esp-idf/mbedtls/mbedtls/library/CMakeFiles/mbedcrypto.dir/psa_crypto_se.c.obj
[657/997] Building C object esp-idf/mbedtls/mbedtls/library/CMakeFiles/mbedcrypto.dir/psa_crypto_mac.c.obj
[658/997] Building C object esp-idf/mbedtls/mbedtls/library/CMakeFiles/mbedcrypto.dir/psa_crypto_pake.c.obj
[659/997] Building C object esp-idf/mbedtls/mbedtls/library/CMakeFiles/mbedcrypto.dir/ripemd160.c.obj
[660/997] Building C object esp-idf/mbedtls/mbedtls/library/CMakeFiles/mbedcrypto.dir/psa_its_file.c.obj
[661/997] Building C object esp-idf/mbedtls/mbedtls/library/CMakeFiles/mbedcrypto.dir/psa_crypto_rsa.c.obj
[662/997] Building C object esp-idf/mbedtls/mbedtls/library/CMakeFiles/mbedcrypto.dir/psa_crypto_storage.c.obj
[663/997] Building C object esp-idf/mbedtls/mbedtls/library/CMakeFiles/mbedcrypto.dir/psa_crypto_slot_management.c.obj
[664/997] Building C object esp-idf/mbedtls/mbedtls/library/CMakeFiles/mbedcrypto.dir/sha3.c.obj
[665/997] Building C object esp-idf/mbedtls/mbedtls/library/CMakeFiles/mbedcrypto.dir/rsa_alt_helpers.c.obj
[666/997] Building C object esp-idf/mbedtls/mbedtls/library/CMakeFiles/mbedcrypto.dir/psa_util.c.obj
[667/997] Building C object esp-idf/mbedtls/mbedtls/library/CMakeFiles/mbedcrypto.dir/threading.c.obj
[668/997] Building C object esp-idf/mbedtls/mbedtls/library/CMakeFiles/mbedcrypto.dir/sha1.c.obj
[669/997] Building C object esp-idf/mbedtls/mbedtls/library/CMakeFiles/mbedcrypto.dir/sha512.c.obj
[670/997] Building C object esp-idf/mbedtls/mbedtls/library/CMakeFiles/mbedcrypto.dir/timing.c.obj
[671/997] Building C object esp-idf/mbedtls/mbedtls/library/CMakeFiles/mbedcrypto.dir/sha256.c.obj
[672/997] Building C object esp-idf/mbedtls/mbedtls/library/CMakeFiles/mbedcrypto.dir/version.c.obj
[673/997] Building C object esp-idf/mbedtls/mbedtls/library/CMakeFiles/mbedcrypto.dir/Users/lojaws/.platformio/packages/framework-espidf/components/mbedtls/port/sha/dma/esp_sha_gdma_impl.c.obj
[674/997] Building C object esp-idf/mbedtls/mbedtls/library/CMakeFiles/mbedcrypto.dir/version_features.c.obj
[675/997] Building C object esp-idf/mbedtls/mbedtls/library/CMakeFiles/mbedcrypto.dir/Users/lojaws/.platformio/packages/framework-espidf/components/mbedtls/port/aes/dma/esp_aes_gdma_impl.c.obj
[676/997] Building C object esp-idf/mbedtls/mbedtls/library/CMakeFiles/mbedcrypto.dir/Users/lojaws/.platformio/packages/framework-espidf/components/mbedtls/port/esp_mem.c.obj
[677/997] Building C object esp-idf/mbedtls/mbedtls/library/CMakeFiles/mbedcrypto.dir/Users/lojaws/.platformio/packages/framework-espidf/components/mbedtls/port/esp_hardware.c.obj
[678/997] Building C object esp-idf/mbedtls/mbedtls/library/CMakeFiles/mbedcrypto.dir/Users/lojaws/.platformio/packages/framework-espidf/components/mbedtls/port/esp_timing.c.obj
[679/997] Building C object esp-idf/mbedtls/mbedtls/library/CMakeFiles/mbedcrypto.dir/Users/lojaws/.platformio/packages/framework-espidf/components/mbedtls/port/aes/esp_aes_xts.c.obj
[680/997] Building C object esp-idf/mbedtls/mbedtls/library/CMakeFiles/mbedcrypto.dir/Users/lojaws/.platformio/packages/framework-espidf/components/mbedtls/port/crypto_shared_gdma/esp_crypto_shared_gdma.c.obj
[681/997] Building C object esp-idf/mbedtls/mbedtls/library/CMakeFiles/mbedcrypto.dir/Users/lojaws/.platformio/packages/framework-espidf/components/mbedtls/port/aes/esp_aes_common.c.obj
[682/997] Building C object esp-idf/mbedtls/mbedtls/library/CMakeFiles/mbedcrypto.dir/Users/lojaws/.platformio/packages/framework-espidf/components/mbedtls/port/sha/esp_sha.c.obj
[683/997] Building C object esp-idf/mbedtls/mbedtls/library/CMakeFiles/mbedcrypto.dir/Users/lojaws/.platformio/packages/framework-espidf/components/mbedtls/port/esp32s3/bignum.c.obj
[684/997] Building C object esp-idf/mbedtls/mbedtls/library/CMakeFiles/mbedcrypto.dir/Users/lojaws/.platformio/packages/framework-espidf/components/mbedtls/port/sha/dma/esp_sha1.c.obj
[685/997] Building C object esp-idf/mbedtls/mbedtls/library/CMakeFiles/mbedcrypto.dir/Users/lojaws/.platformio/packages/framework-espidf/components/mbedtls/port/sha/dma/esp_sha256.c.obj
[686/997] Building C object esp-idf/mbedtls/mbedtls/library/CMakeFiles/mbedcrypto.dir/Users/lojaws/.platformio/packages/framework-espidf/components/mbedtls/port/sha/dma/esp_sha512.c.obj
[687/997] Building C object esp-idf/mbedtls/mbedtls/library/CMakeFiles/mbedcrypto.dir/Users/lojaws/.platformio/packages/framework-espidf/components/mbedtls/port/esp_bignum.c.obj
[688/997] Building C object esp-idf/mbedtls/mbedtls/library/CMakeFiles/mbedcrypto.dir/Users/lojaws/.platformio/packages/framework-espidf/components/mbedtls/port/esp_ds/esp_rsa_sign_alt.c.obj
[689/997] Building C object esp-idf/mbedtls/mbedtls/library/CMakeFiles/mbedcrypto.dir/rsa.c.obj
[690/997] Building C object esp-idf/mbedtls/mbedtls/library/CMakeFiles/mbedcrypto.dir/Users/lojaws/.platformio/packages/framework-espidf/components/mbedtls/port/sha/dma/sha.c.obj
[691/997] Building C object esp-idf/mbedtls/mbedtls/library/CMakeFiles/mbedcrypto.dir/Users/lojaws/.platformio/packages/framework-espidf/components/mbedtls/port/md/esp_md.c.obj
[692/997] Linking CXX static library esp-idf/mbedtls/mbedtls/library/libmbedx509.a
[693/997] Building C object esp-idf/mbedtls/mbedtls/library/CMakeFiles/mbedcrypto.dir/Users/lojaws/.platformio/packages/framework-espidf/components/mbedtls/port/aes/esp_aes_gcm.c.obj
[694/997] Creating directories for 'bootloader'
[695/997] No download step for 'bootloader'
[696/997] Building C object esp-idf/mbedtls/mbedtls/3rdparty/everest/CMakeFiles/everest.dir/library/Hacl_Curve25519_joined.c.obj
[697/997] Building C object esp-idf/mbedtls/mbedtls/3rdparty/p256-m/CMakeFiles/p256m.dir/p256-m_driver_entrypoints.c.obj
[698/997] Building C object esp-idf/mbedtls/mbedtls/3rdparty/everest/CMakeFiles/everest.dir/library/x25519.c.obj
[699/997] Building C object esp-idf/mbedtls/mbedtls/library/CMakeFiles/mbedcrypto.dir/Users/lojaws/.platformio/packages/framework-espidf/components/mbedtls/port/aes/dma/esp_aes.c.obj
[700/997] Building C object esp-idf/mbedtls/mbedtls/3rdparty/everest/CMakeFiles/everest.dir/library/everest.c.obj
[701/997] Building C object esp-idf/mbedtls/mbedtls/3rdparty/p256-m/CMakeFiles/p256m.dir/p256-m/p256-m.c.obj
[702/997] No update step for 'bootloader'
[703/997] No patch step for 'bootloader'
[704/997] Building C object esp-idf/mbedtls/mbedtls/library/CMakeFiles/mbedcrypto.dir/psa_crypto.c.obj
[705/997] Linking CXX static library esp-idf/mbedtls/mbedtls/library/libmbedcrypto.a
[706/997] Linking CXX static library esp-idf/mbedtls/mbedtls/3rdparty/p256-m/libp256m.a
[707/997] Linking CXX static library esp-idf/mbedtls/mbedtls/3rdparty/everest/libeverest.a
[708/997] Generating x509_crt_bundle
[709/997] Generating ../../x509_crt_bundle.S
[710/997] Building ASM object esp-idf/mbedtls/CMakeFiles/__idf_mbedtls.dir/__/__/x509_crt_bundle.S.obj
[711/997] Building C object esp-idf/driver/CMakeFiles/__idf_driver.dir/gpio/gpio_glitch_filter_ops.c.obj
[712/997] Building C object esp-idf/esp_pm/CMakeFiles/__idf_esp_pm.dir/pm_trace.c.obj
[713/997] Building C object esp-idf/esp_pm/CMakeFiles/__idf_esp_pm.dir/pm_locks.c.obj
[714/997] Building C object esp-idf/mbedtls/CMakeFiles/__idf_mbedtls.dir/esp_crt_bundle/esp_crt_bundle.c.obj
[715/997] Building C object esp-idf/esp_pm/CMakeFiles/__idf_esp_pm.dir/pm_impl.c.obj
[716/997] Building C object esp-idf/driver/CMakeFiles/__idf_driver.dir/spi/spi_bus_lock.c.obj
[717/997] Linking C static library esp-idf/mbedtls/libmbedtls.a
[718/997] Building C object esp-idf/driver/CMakeFiles/__idf_driver.dir/gpio/rtc_io.c.obj
[719/997] Building C object esp-idf/driver/CMakeFiles/__idf_driver.dir/gpio/gpio_pin_glitch_filter.c.obj
[720/997] Building C object esp-idf/driver/CMakeFiles/__idf_driver.dir/deprecated/adc_dma_legacy.c.obj
[721/997] Building C object esp-idf/driver/CMakeFiles/__idf_driver.dir/gptimer/gptimer_priv.c.obj
[722/997] Building C object esp-idf/driver/CMakeFiles/__idf_driver.dir/gpio/dedic_gpio.c.obj
[723/997] Building C object esp-idf/driver/CMakeFiles/__idf_driver.dir/deprecated/adc_legacy.c.obj
[724/997] Building C object esp-idf/driver/CMakeFiles/__idf_driver.dir/gptimer/gptimer.c.obj
[725/997] Building C object esp-idf/driver/CMakeFiles/__idf_driver.dir/i2s/i2s_std.c.obj
[726/997] Building C object esp-idf/driver/CMakeFiles/__idf_driver.dir/deprecated/timer_legacy.c.obj
[727/997] Building C object esp-idf/driver/CMakeFiles/__idf_driver.dir/i2s/i2s_tdm.c.obj
[728/997] Building C object esp-idf/driver/CMakeFiles/__idf_driver.dir/gpio/gpio.c.obj
[729/997] Building C object esp-idf/driver/CMakeFiles/__idf_driver.dir/i2s/i2s_pdm.c.obj
[730/997] Building C object esp-idf/driver/CMakeFiles/__idf_driver.dir/mcpwm/mcpwm_cmpr.c.obj
[731/997] Building C object esp-idf/driver/CMakeFiles/__idf_driver.dir/i2s/i2s_common.c.obj
[732/997] Building C object esp-idf/driver/CMakeFiles/__idf_driver.dir/mcpwm/mcpwm_cap.c.obj
[733/997] Building C object esp-idf/driver/CMakeFiles/__idf_driver.dir/mcpwm/mcpwm_com.c.obj
[734/997] Building C object esp-idf/driver/CMakeFiles/__idf_driver.dir/i2c/i2c.c.obj
[735/997] Building C object esp-idf/driver/CMakeFiles/__idf_driver.dir/mcpwm/mcpwm_fault.c.obj
[736/997] Building C object esp-idf/driver/CMakeFiles/__idf_driver.dir/mcpwm/mcpwm_sync.c.obj
[737/997] Building C object esp-idf/driver/CMakeFiles/__idf_driver.dir/mcpwm/mcpwm_oper.c.obj
[738/997] Building C object esp-idf/driver/CMakeFiles/__idf_driver.dir/mcpwm/mcpwm_timer.c.obj
[739/997] Building C object esp-idf/driver/CMakeFiles/__idf_driver.dir/deprecated/i2s_legacy.c.obj
[740/997] Building C object esp-idf/driver/CMakeFiles/__idf_driver.dir/mcpwm/mcpwm_gen.c.obj
[741/997] Building C object esp-idf/driver/CMakeFiles/__idf_driver.dir/rmt/rmt_common.c.obj
[742/997] Building C object esp-idf/driver/CMakeFiles/__idf_driver.dir/ledc/ledc.c.obj
[743/997] Building C object esp-idf/driver/CMakeFiles/__idf_driver.dir/rmt/rmt_encoder.c.obj
[744/997] Building C object esp-idf/driver/CMakeFiles/__idf_driver.dir/sdmmc/sdmmc_transaction.c.obj
[745/997] Building C object esp-idf/driver/CMakeFiles/__idf_driver.dir/pcnt/pulse_cnt.c.obj
[746/997] Building C object esp-idf/driver/CMakeFiles/__idf_driver.dir/sigma_delta/sdm.c.obj
[747/997] Building C object esp-idf/driver/CMakeFiles/__idf_driver.dir/deprecated/pcnt_legacy.c.obj
[748/997] Building C object esp-idf/driver/CMakeFiles/__idf_driver.dir/sdmmc/sdmmc_host.c.obj
[749/997] Building C object esp-idf/driver/CMakeFiles/__idf_driver.dir/deprecated/sigma_delta_legacy.c.obj
[750/997] Building C object esp-idf/driver/CMakeFiles/__idf_driver.dir/spi/sdspi/sdspi_crc.c.obj
[751/997] Building C object esp-idf/driver/CMakeFiles/__idf_driver.dir/rmt/rmt_rx.c.obj
[752/997] Building C object esp-idf/driver/CMakeFiles/__idf_driver.dir/rmt/rmt_tx.c.obj
[753/997] Building C object esp-idf/driver/CMakeFiles/__idf_driver.dir/spi/sdspi/sdspi_transaction.c.obj
[754/997] Building C object esp-idf/driver/CMakeFiles/__idf_driver.dir/spi/gpspi/spi_slave.c.obj
[755/997] Building C object esp-idf/driver/CMakeFiles/__idf_driver.dir/spi/gpspi/spi_master.c.obj
[756/997] Building C object esp-idf/driver/CMakeFiles/__idf_driver.dir/deprecated/mcpwm_legacy.c.obj
[757/997] Building C object esp-idf/driver/CMakeFiles/__idf_driver.dir/spi/sdspi/sdspi_host.c.obj
[758/997] Building C object esp-idf/driver/CMakeFiles/__idf_driver.dir/spi/gpspi/spi_common.c.obj
[759/997] Building C object esp-idf/driver/CMakeFiles/__idf_driver.dir/spi/gpspi/spi_slave_hd.c.obj
[760/997] Building C object esp-idf/driver/CMakeFiles/__idf_driver.dir/deprecated/rtc_temperature_legacy.c.obj
[761/997] Building C object esp-idf/driver/CMakeFiles/__idf_driver.dir/temperature_sensor/temperature_sensor.c.obj
[762/997] Linking C static library esp-idf/esp_pm/libesp_pm.a
[763/997] Building C object esp-idf/driver/CMakeFiles/__idf_driver.dir/touch_sensor/touch_sensor_common.c.obj
[764/997] Building C object esp-idf/driver/CMakeFiles/__idf_driver.dir/usb_serial_jtag/usb_serial_jtag_connection_monitor.c.obj
[765/997] Building C object esp-idf/esp_timer/CMakeFiles/__idf_esp_timer.dir/src/ets_timer_legacy.c.obj
[766/997] Building C object esp-idf/driver/CMakeFiles/__idf_driver.dir/usb_serial_jtag/usb_serial_jtag.c.obj
[767/997] Building C object esp-idf/esp_timer/CMakeFiles/__idf_esp_timer.dir/src/esp_timer.c.obj
[768/997] Building C object esp-idf/driver/CMakeFiles/__idf_driver.dir/deprecated/rmt_legacy.c.obj
[769/997] Building C object esp-idf/esp_timer/CMakeFiles/__idf_esp_timer.dir/src/system_time.c.obj
[770/997] Building C object esp-idf/esp_timer/CMakeFiles/__idf_esp_timer.dir/src/esp_timer_impl_common.c.obj
[771/997] Building C object esp-idf/efuse/CMakeFiles/__idf_efuse.dir/esp32s3/esp_efuse_table.c.obj
[772/997] Building C object esp-idf/driver/CMakeFiles/__idf_driver.dir/twai/twai.c.obj
[773/997] Building C object esp-idf/esp_timer/CMakeFiles/__idf_esp_timer.dir/src/esp_timer_impl_systimer.c.obj
[774/997] Building C object esp-idf/efuse/CMakeFiles/__idf_efuse.dir/esp32s3/esp_efuse_fields.c.obj
[775/997] Building C object esp-idf/efuse/CMakeFiles/__idf_efuse.dir/esp32s3/esp_efuse_rtc_calib.c.obj
[776/997] Building C object esp-idf/efuse/CMakeFiles/__idf_efuse.dir/esp32s3/esp_efuse_utility.c.obj
[777/997] Building C object esp-idf/efuse/CMakeFiles/__idf_efuse.dir/src/esp_efuse_fields.c.obj
[778/997] Building C object esp-idf/xtensa/CMakeFiles/__idf_xtensa.dir/eri.c.obj
[779/997] Building C object esp-idf/xtensa/CMakeFiles/__idf_xtensa.dir/xt_trax.c.obj
[780/997] Building C object esp-idf/efuse/CMakeFiles/__idf_efuse.dir/src/efuse_controller/keys/with_key_purposes/esp_efuse_api_key.c.obj
[781/997] Building ASM object esp-idf/xtensa/CMakeFiles/__idf_xtensa.dir/xtensa_intr_asm.S.obj
[782/997] Building C object esp-idf/efuse/CMakeFiles/__idf_efuse.dir/src/esp_efuse_utility.c.obj
[783/997] Building C object esp-idf/xtensa/CMakeFiles/__idf_xtensa.dir/xtensa_intr.c.obj
[784/997] Building C object esp-idf/efuse/CMakeFiles/__idf_efuse.dir/src/esp_efuse_api.c.obj
[785/997] Building C object esp-idf/bt/CMakeFiles/__idf_bt.dir/common/btc/core/btc_alarm.c.obj
[786/997] Building C object esp-idf/bt/CMakeFiles/__idf_bt.dir/common/api/esp_blufi_api.c.obj
[787/997] Building C object esp-idf/bt/CMakeFiles/__idf_bt.dir/common/hci_log/bt_hci_log.c.obj
[788/997] Building C object esp-idf/bt/CMakeFiles/__idf_bt.dir/common/btc/core/btc_manage.c.obj
[789/997] Building C object esp-idf/driver/CMakeFiles/__idf_driver.dir/touch_sensor/esp32s3/touch_sensor.c.obj
[790/997] Building C object esp-idf/bt/CMakeFiles/__idf_bt.dir/common/btc/core/btc_task.c.obj
[791/997] Building C object esp-idf/bt/CMakeFiles/__idf_bt.dir/common/btc/profile/esp/blufi/blufi_protocol.c.obj
[792/997] Building C object esp-idf/bt/CMakeFiles/__idf_bt.dir/common/osi/allocator.c.obj
[793/997] Building C object esp-idf/bt/CMakeFiles/__idf_bt.dir/common/btc/profile/esp/blufi/blufi_prf.c.obj
[794/997] Building C object esp-idf/bt/CMakeFiles/__idf_bt.dir/common/osi/buffer.c.obj
[795/997] Building C object esp-idf/bt/CMakeFiles/__idf_bt.dir/common/osi/alarm.c.obj
[796/997] Building C object esp-idf/esp_ringbuf/CMakeFiles/__idf_esp_ringbuf.dir/ringbuf.c.obj
[797/997] Building C object esp-idf/bt/CMakeFiles/__idf_bt.dir/common/osi/hash_functions.c.obj
[798/997] Building C object esp-idf/bt/CMakeFiles/__idf_bt.dir/common/osi/future.c.obj
[799/997] Building C object esp-idf/bt/CMakeFiles/__idf_bt.dir/common/osi/pkt_queue.c.obj
[800/997] Building C object esp-idf/bt/CMakeFiles/__idf_bt.dir/common/osi/fixed_queue.c.obj
[801/997] Building C object esp-idf/bt/CMakeFiles/__idf_bt.dir/common/osi/hash_map.c.obj
[802/997] Building C object esp-idf/bt/CMakeFiles/__idf_bt.dir/common/osi/fixed_pkt_queue.c.obj
[803/997] Building C object esp-idf/bt/CMakeFiles/__idf_bt.dir/common/osi/list.c.obj
[804/997] Building C object esp-idf/bt/CMakeFiles/__idf_bt.dir/common/osi/mutex.c.obj
[805/997] Building C object esp-idf/bt/CMakeFiles/__idf_bt.dir/controller/esp32c3/bt.c.obj
[806/997] Building C object esp-idf/bt/CMakeFiles/__idf_bt.dir/common/osi/osi.c.obj
[807/997] Building C object esp-idf/bt/CMakeFiles/__idf_bt.dir/porting/mem/bt_osi_mem.c.obj
[808/997] Building C object esp-idf/bt/CMakeFiles/__idf_bt.dir/common/osi/semaphore.c.obj
[809/997] Building C object esp-idf/bt/CMakeFiles/__idf_bt.dir/common/osi/config.c.obj
[810/997] Building C object esp-idf/bt/CMakeFiles/__idf_bt.dir/porting/ext/tinycrypt/src/utils.c.obj
[811/997] Building C object esp-idf/bt/CMakeFiles/__idf_bt.dir/porting/ext/tinycrypt/src/sha256.c.obj
[812/997] Building C object esp-idf/bt/CMakeFiles/__idf_bt.dir/porting/ext/tinycrypt/src/ctr_mode.c.obj
[813/997] Building C object esp-idf/bt/CMakeFiles/__idf_bt.dir/porting/ext/tinycrypt/src/aes_encrypt.c.obj
[814/997] Building C object esp-idf/bt/CMakeFiles/__idf_bt.dir/porting/ext/tinycrypt/src/aes_decrypt.c.obj
[815/997] Building C object esp-idf/bt/CMakeFiles/__idf_bt.dir/porting/ext/tinycrypt/src/ctr_prng.c.obj
[816/997] Building C object esp-idf/bt/CMakeFiles/__idf_bt.dir/porting/ext/tinycrypt/src/ecc_dsa.c.obj
[817/997] Building C object esp-idf/bt/CMakeFiles/__idf_bt.dir/porting/ext/tinycrypt/src/ecc_platform_specific.c.obj
[818/997] Building C object esp-idf/bt/CMakeFiles/__idf_bt.dir/porting/ext/tinycrypt/src/ecc_dh.c.obj
[819/997] Building C object esp-idf/bt/CMakeFiles/__idf_bt.dir/porting/ext/tinycrypt/src/cmac_mode.c.obj
[820/997] Building C object esp-idf/bt/CMakeFiles/__idf_bt.dir/porting/ext/tinycrypt/src/hmac_prng.c.obj
[821/997] Building C object esp-idf/bt/CMakeFiles/__idf_bt.dir/common/osi/thread.c.obj
[822/997] Building C object esp-idf/bt/CMakeFiles/__idf_bt.dir/porting/ext/tinycrypt/src/hmac.c.obj
[823/997] Building C object esp-idf/bt/CMakeFiles/__idf_bt.dir/porting/ext/tinycrypt/src/cbc_mode.c.obj
[824/997] Building C object esp-idf/bt/CMakeFiles/__idf_bt.dir/porting/ext/tinycrypt/src/ccm_mode.c.obj
[825/997] Building C object esp-idf/console/CMakeFiles/__idf_console.dir/split_argv.c.obj
[826/997] Building C object esp-idf/console/CMakeFiles/__idf_console.dir/commands.c.obj
[827/997] Building C object esp-idf/bt/CMakeFiles/__idf_bt.dir/porting/ext/tinycrypt/src/ecc.c.obj
[828/997] Building C object esp-idf/driver/CMakeFiles/__idf_driver.dir/uart/uart.c.obj
[829/997] Building C object esp-idf/console/CMakeFiles/__idf_console.dir/esp_console_repl.c.obj
[830/997] Building C object esp-idf/console/CMakeFiles/__idf_console.dir/argtable3/arg_cmd.c.obj
[831/997] Building C object esp-idf/console/CMakeFiles/__idf_console.dir/argtable3/arg_date.c.obj
[832/997] Building C object esp-idf/console/CMakeFiles/__idf_console.dir/argtable3/arg_dbl.c.obj
[833/997] Building C object esp-idf/console/CMakeFiles/__idf_console.dir/argtable3/arg_dstr.c.obj
[834/997] Building C object esp-idf/console/CMakeFiles/__idf_console.dir/argtable3/arg_end.c.obj
[835/997] Building C object esp-idf/console/CMakeFiles/__idf_console.dir/linenoise/linenoise.c.obj
[836/997] Building C object esp-idf/console/CMakeFiles/__idf_console.dir/argtable3/arg_file.c.obj
[837/997] Building C object esp-idf/console/CMakeFiles/__idf_console.dir/argtable3/arg_lit.c.obj
[838/997] Building C object esp-idf/console/CMakeFiles/__idf_console.dir/argtable3/arg_rem.c.obj
[839/997] Building C object esp-idf/console/CMakeFiles/__idf_console.dir/argtable3/arg_int.c.obj
[840/997] Building C object esp-idf/console/CMakeFiles/__idf_console.dir/argtable3/arg_hashtable.c.obj
[841/997] Building C object esp-idf/console/CMakeFiles/__idf_console.dir/argtable3/arg_str.c.obj
[842/997] Building C object esp-idf/unity/CMakeFiles/__idf_unity.dir/unity_utils_cache.c.obj
[843/997] Building C object esp-idf/console/CMakeFiles/__idf_console.dir/argtable3/arg_utils.c.obj
[844/997] Building C object esp-idf/unity/CMakeFiles/__idf_unity.dir/unity_utils_freertos.c.obj
[845/997] Building C object esp-idf/unity/CMakeFiles/__idf_unity.dir/unity_runner.c.obj
[846/997] Building C object esp-idf/unity/CMakeFiles/__idf_unity.dir/port/esp/unity_utils_memory_esp.c.obj
[847/997] Linking C static library esp-idf/driver/libdriver.a
[848/997] Building C object esp-idf/unity/CMakeFiles/__idf_unity.dir/unity_port_esp32.c.obj
[849/997] Building C object esp-idf/console/CMakeFiles/__idf_console.dir/argtable3/arg_rex.c.obj
[850/997] Building C object esp-idf/console/CMakeFiles/__idf_console.dir/argtable3/argtable3.c.obj
[851/997] Building C object esp-idf/unity/CMakeFiles/__idf_unity.dir/unity_utils_memory.c.obj
[852/997] Building C object esp-idf/protocomm/CMakeFiles/__idf_protocomm.dir/proto-c/constants.pb-c.c.obj
[853/997] Linking C static library esp-idf/esp_timer/libesp_timer.a
[854/997] Building C object esp-idf/protocomm/CMakeFiles/__idf_protocomm.dir/proto-c/session.pb-c.c.obj
[855/997] Building C object esp-idf/protocomm/CMakeFiles/__idf_protocomm.dir/proto-c/sec0.pb-c.c.obj
[856/997] Building C object esp-idf/protocomm/CMakeFiles/__idf_protocomm.dir/src/common/protocomm.c.obj
[857/997] Building C object esp-idf/protocomm/CMakeFiles/__idf_protocomm.dir/proto-c/sec1.pb-c.c.obj
[858/997] Building C object esp-idf/protocomm/CMakeFiles/__idf_protocomm.dir/proto-c/sec2.pb-c.c.obj
[859/997] Building C object esp-idf/unity/CMakeFiles/__idf_unity.dir/unity/src/unity.c.obj
[860/997] Performing configure step for 'bootloader'
-- Found Git: /usr/bin/git (found version "2.54.0 (Apple Git-157)")
-- git rev-parse returned 'fatal: not a git repository (or any of the parent directories): .git'
fatal: not a git repository (or any of the parent directories): .git
-- The C compiler identification is GNU 12.2.0
-- The CXX compiler identification is GNU 12.2.0
-- The ASM compiler identification is GNU
-- Found assembler: /Users/lojaws/Documents/ESP32-S3-Car-Adapter/.tools/tools/xtensa-esp32s3-elf/esp-12.2.0_20230208/xtensa-esp32s3-elf/bin/xtensa-esp32s3-elf-gcc
-- Detecting C compiler ABI info
-- Detecting C compiler ABI info - done
-- Check for working C compiler: /Users/lojaws/Documents/ESP32-S3-Car-Adapter/.tools/tools/xtensa-esp32s3-elf/esp-12.2.0_20230208/xtensa-esp32s3-elf/bin/xtensa-esp32s3-elf-gcc - skipped
-- Detecting C compile features
-- Detecting C compile features - done
-- Detecting CXX compiler ABI info
-- Detecting CXX compiler ABI info - done
-- Check for working CXX compiler: /Users/lojaws/Documents/ESP32-S3-Car-Adapter/.tools/tools/xtensa-esp32s3-elf/esp-12.2.0_20230208/xtensa-esp32s3-elf/bin/xtensa-esp32s3-elf-g++ - skipped
-- Detecting CXX compile features
-- Detecting CXX compile features - done
-- git rev-parse returned 'fatal: not a git repository (or any of the parent directories): .git'
-- Could not use 'git describe' to determine PROJECT_VER.
-- Building ESP-IDF components for target esp32s3
-- Project sdkconfig file /Users/lojaws/Documents/ESP32-S3-Car-Adapter/firmware/controller-probe/build-4/sdkconfig
Compiler supported targets: xtensa-esp32s3-elf

-- Looking for sys/types.h
-- Looking for sys/types.h - found
-- Looking for stdint.h
-- Looking for stdint.h - found
-- Looking for stddef.h
-- Looking for stddef.h - found
-- Check size of time_t
-- Check size of time_t - done
-- Adding linker script /Users/lojaws/.platformio/packages/framework-espidf/components/soc/esp32s3/ld/esp32s3.peripherals.ld
-- App "bootloader" version: 1
-- Adding linker script /Users/lojaws/.platformio/packages/framework-espidf/components/esp_rom/esp32s3/ld/esp32s3.rom.ld
-- Adding linker script /Users/lojaws/.platformio/packages/framework-espidf/components/esp_rom/esp32s3/ld/esp32s3.rom.api.ld
-- Adding linker script /Users/lojaws/.platformio/packages/framework-espidf/components/esp_rom/esp32s3/ld/esp32s3.rom.bt_funcs.ld
-- Adding linker script /Users/lojaws/.platformio/packages/framework-espidf/components/esp_rom/esp32s3/ld/esp32s3.rom.libgcc.ld
-- Adding linker script /Users/lojaws/.platformio/packages/framework-espidf/components/esp_rom/esp32s3/ld/esp32s3.rom.newlib.ld
-- Adding linker script /Users/lojaws/.platformio/packages/framework-espidf/components/bootloader/subproject/main/ld/esp32s3/bootloader.ld
-- Adding linker script /Users/lojaws/.platformio/packages/framework-espidf/components/bootloader/subproject/main/ld/esp32s3/bootloader.rom.ld
-- Components: bootloader bootloader_support efuse esp_app_format esp_common esp_hw_support esp_rom esp_system esptool_py freertos hal log main micro-ecc newlib partition_table soc spi_flash xtensa
-- Component paths: /Users/lojaws/.platformio/packages/framework-espidf/components/bootloader /Users/lojaws/.platformio/packages/framework-espidf/components/bootloader_support /Users/lojaws/.platformio/packages/framework-espidf/components/efuse /Users/lojaws/.platformio/packages/framework-espidf/components/esp_app_format /Users/lojaws/.platformio/packages/framework-espidf/components/esp_common /Users/lojaws/.platformio/packages/framework-espidf/components/esp_hw_support /Users/lojaws/.platformio/packages/framework-espidf/components/esp_rom /Users/lojaws/.platformio/packages/framework-espidf/components/esp_system /Users/lojaws/.platformio/packages/framework-espidf/components/esptool_py /Users/lojaws/.platformio/packages/framework-espidf/components/freertos /Users/lojaws/.platformio/packages/framework-espidf/components/hal /Users/lojaws/.platformio/packages/framework-espidf/components/log /Users/lojaws/.platformio/packages/framework-espidf/components/bootloader/subproject/main /Users/lojaws/.platformio/packages/framework-espidf/components/bootloader/subproject/components/micro-ecc /Users/lojaws/.platformio/packages/framework-espidf/components/newlib /Users/lojaws/.platformio/packages/framework-espidf/components/partition_table /Users/lojaws/.platformio/packages/framework-espidf/components/soc /Users/lojaws/.platformio/packages/framework-espidf/components/spi_flash /Users/lojaws/.platformio/packages/framework-espidf/components/xtensa
-- Configuring done (4.4s)
-- Generating done (0.1s)
-- Build files have been written to: /Users/lojaws/Documents/ESP32-S3-Car-Adapter/firmware/controller-probe/build-4/bootloader
[861/997] Linking C static library esp-idf/efuse/libefuse.a
[862/997] Building C object esp-idf/protocomm/CMakeFiles/__idf_protocomm.dir/src/transports/protocomm_console.c.obj
[863/997] Linking C static library esp-idf/esp_ringbuf/libesp_ringbuf.a
[864/997] Building C object esp-idf/protocomm/CMakeFiles/__idf_protocomm.dir/src/security/security0.c.obj
[865/997] Building C object esp-idf/protocomm/CMakeFiles/__idf_protocomm.dir/src/crypto/srp6a/esp_srp_mpi.c.obj
[866/997] Building CXX object esp-idf/wear_levelling/CMakeFiles/__idf_wear_levelling.dir/Partition.cpp.obj
[867/997] Building CXX object esp-idf/wear_levelling/CMakeFiles/__idf_wear_levelling.dir/SPI_Flash.cpp.obj
[868/997] Linking C static library esp-idf/xtensa/libxtensa.a
[869/997] Building C object esp-idf/protocomm/CMakeFiles/__idf_protocomm.dir/src/transports/protocomm_httpd.c.obj
[870/997] Building C object esp-idf/protocomm/CMakeFiles/__idf_protocomm.dir/src/crypto/srp6a/esp_srp.c.obj
[871/997] Building C object esp-idf/protocomm/CMakeFiles/__idf_protocomm.dir/src/security/security2.c.obj
[872/997] Building C object esp-idf/protocomm/CMakeFiles/__idf_protocomm.dir/src/security/security1.c.obj
[873/997] Building CXX object esp-idf/wear_levelling/CMakeFiles/__idf_wear_levelling.dir/crc32.cpp.obj
[874/997] Building CXX object esp-idf/wear_levelling/CMakeFiles/__idf_wear_levelling.dir/WL_Ext_Perf.cpp.obj
[875/997] Building C object esp-idf/protobuf-c/CMakeFiles/__idf_protobuf-c.dir/protobuf-c/protobuf-c/protobuf-c.c.obj
[876/997] Building CXX object esp-idf/wear_levelling/CMakeFiles/__idf_wear_levelling.dir/WL_Ext_Safe.cpp.obj
[877/997] Linking C static library esp-idf/console/libconsole.a
[878/997] Linking C static library esp-idf/protobuf-c/libprotobuf-c.a
[879/997] Linking C static library esp-idf/bt/libbt.a
[880/997] Building CXX object esp-idf/wear_levelling/CMakeFiles/__idf_wear_levelling.dir/wear_levelling.cpp.obj
[881/997] Building ASM object esp-idf/__pio_env/CMakeFiles/__idf___pio_env.dir/__dummy.S.obj
[882/997] Building C object esp-idf/sdmmc/CMakeFiles/__idf_sdmmc.dir/sdmmc_init.c.obj
[883/997] Building C object esp-idf/__pio_env/CMakeFiles/__idf___pio_env.dir/__dummy.c.obj
[884/997] Building CXX object esp-idf/__pio_env/CMakeFiles/__idf___pio_env.dir/__dummy.cpp.obj
[885/997] Building C object esp-idf/sdmmc/CMakeFiles/__idf_sdmmc.dir/sdmmc_common.c.obj
[886/997] Building C object esp-idf/sdmmc/CMakeFiles/__idf_sdmmc.dir/sdmmc_mmc.c.obj
[887/997] Building CXX object esp-idf/wear_levelling/CMakeFiles/__idf_wear_levelling.dir/WL_Flash.cpp.obj
[888/997] Building C object esp-idf/sdmmc/CMakeFiles/__idf_sdmmc.dir/sdmmc_io.c.obj
[889/997] Building C object esp-idf/sdmmc/CMakeFiles/__idf_sdmmc.dir/sdmmc_sd.c.obj
[890/997] Building C object esp-idf/app_trace/CMakeFiles/__idf_app_trace.dir/app_trace_util.c.obj
[891/997] Linking C static library esp-idf/unity/libunity.a
[892/997] Building C object esp-idf/app_trace/CMakeFiles/__idf_app_trace.dir/host_file_io.c.obj
[893/997] Building C object esp-idf/cmock/CMakeFiles/__idf_cmock.dir/CMock/src/cmock.c.obj
[894/997] Building C object esp-idf/esp_hid/CMakeFiles/__idf_esp_hid.dir/src/esp_hidd.c.obj
[895/997] Building C object esp-idf/app_trace/CMakeFiles/__idf_app_trace.dir/app_trace.c.obj
[896/997] Building C object esp-idf/json/CMakeFiles/__idf_json.dir/cJSON/cJSON_Utils.c.obj
[897/997] Building C object esp-idf/app_trace/CMakeFiles/__idf_app_trace.dir/port/port_uart.c.obj
[898/997] Building C object esp-idf/sdmmc/CMakeFiles/__idf_sdmmc.dir/sdmmc_cmd.c.obj
[899/997] Building C object esp-idf/esp_lcd/CMakeFiles/__idf_esp_lcd.dir/src/esp_lcd_panel_io.c.obj
[900/997] Building C object esp-idf/esp_lcd/CMakeFiles/__idf_esp_lcd.dir/src/esp_lcd_common.c.obj
[901/997] Building C object esp-idf/esp_hid/CMakeFiles/__idf_esp_hid.dir/src/esp_hid_common.c.obj
[902/997] Building C object esp-idf/esp_lcd/CMakeFiles/__idf_esp_lcd.dir/src/esp_lcd_panel_st7789.c.obj
[903/997] Building C object esp-idf/esp_lcd/CMakeFiles/__idf_esp_lcd.dir/src/esp_lcd_panel_ops.c.obj
[904/997] Building C object esp-idf/esp_lcd/CMakeFiles/__idf_esp_lcd.dir/src/esp_lcd_panel_nt35510.c.obj
[905/997] Building C object esp-idf/esp_lcd/CMakeFiles/__idf_esp_lcd.dir/src/esp_lcd_panel_io_i2c.c.obj
[906/997] Building C object esp-idf/esp_lcd/CMakeFiles/__idf_esp_lcd.dir/src/esp_lcd_panel_ssd1306.c.obj
[907/997] Building C object esp-idf/esp_hid/CMakeFiles/__idf_esp_hid.dir/src/esp_hidh.c.obj
[908/997] Building C object esp-idf/esp_lcd/CMakeFiles/__idf_esp_lcd.dir/src/esp_lcd_panel_io_spi.c.obj
[909/997] Building C object esp-idf/json/CMakeFiles/__idf_json.dir/cJSON/cJSON.c.obj
[910/997] Linking C static library esp-idf/protocomm/libprotocomm.a
[911/997] Building C object esp-idf/espcoredump/CMakeFiles/__idf_espcoredump.dir/src/core_dump_common.c.obj
[912/997] Building C object esp-idf/esp_local_ctrl/CMakeFiles/__idf_esp_local_ctrl.dir/proto-c/esp_local_ctrl.pb-c.c.obj
[913/997] Building C object esp-idf/esp_local_ctrl/CMakeFiles/__idf_esp_local_ctrl.dir/src/esp_local_ctrl_transport_httpd.c.obj
[914/997] Building C object esp-idf/esp_lcd/CMakeFiles/__idf_esp_lcd.dir/src/esp_lcd_panel_io_i80.c.obj
[915/997] Building C object esp-idf/espcoredump/CMakeFiles/__idf_espcoredump.dir/src/core_dump_crc.c.obj
[916/997] Building C object esp-idf/esp_local_ctrl/CMakeFiles/__idf_esp_local_ctrl.dir/src/esp_local_ctrl_handler.c.obj
[917/997] Building C object esp-idf/espcoredump/CMakeFiles/__idf_espcoredump.dir/src/core_dump_sha.c.obj
[918/997] Building C object esp-idf/esp_local_ctrl/CMakeFiles/__idf_esp_local_ctrl.dir/src/esp_local_ctrl.c.obj
[919/997] Building C object esp-idf/espcoredump/CMakeFiles/__idf_espcoredump.dir/src/core_dump_uart.c.obj
[920/997] Building C object esp-idf/espcoredump/CMakeFiles/__idf_espcoredump.dir/src/core_dump_elf.c.obj
[921/997] Building C object esp-idf/espcoredump/CMakeFiles/__idf_espcoredump.dir/src/core_dump_binary.c.obj
[922/997] Building C object esp-idf/espcoredump/CMakeFiles/__idf_espcoredump.dir/src/core_dump_flash.c.obj
[923/997] Linking C static library esp-idf/sdmmc/libsdmmc.a
[924/997] Linking C static library esp-idf/wear_levelling/libwear_levelling.a
[925/997] Building C object esp-idf/espcoredump/CMakeFiles/__idf_espcoredump.dir/src/port/xtensa/core_dump_port.c.obj
[926/997] Building C object esp-idf/fatfs/CMakeFiles/__idf_fatfs.dir/diskio/diskio_sdmmc.c.obj
[927/997] Building C object esp-idf/fatfs/CMakeFiles/__idf_fatfs.dir/port/freertos/ffsystem.c.obj
[928/997] Building C object esp-idf/fatfs/CMakeFiles/__idf_fatfs.dir/diskio/diskio_wl.c.obj
[929/997] Building C object esp-idf/fatfs/CMakeFiles/__idf_fatfs.dir/diskio/diskio.c.obj
[930/997] Building C object esp-idf/fatfs/CMakeFiles/__idf_fatfs.dir/diskio/diskio_rawflash.c.obj
[931/997] Linking C static library esp-idf/json/libjson.a
[932/997] Building C object esp-idf/fatfs/CMakeFiles/__idf_fatfs.dir/src/ffunicode.c.obj
[933/997] Building C object esp-idf/perfmon/CMakeFiles/__idf_perfmon.dir/xtensa_perfmon_access.c.obj
[934/997] Building C object esp-idf/mqtt/CMakeFiles/__idf_mqtt.dir/esp-mqtt/lib/platform_esp32_idf.c.obj
[935/997] Building C object esp-idf/fatfs/CMakeFiles/__idf_fatfs.dir/vfs/vfs_fat_sdmmc.c.obj
[936/997] Building C object esp-idf/mqtt/CMakeFiles/__idf_mqtt.dir/esp-mqtt/lib/mqtt_outbox.c.obj
[937/997] Building C object esp-idf/perfmon/CMakeFiles/__idf_perfmon.dir/xtensa_perfmon_masks.c.obj
[938/997] Building C object esp-idf/perfmon/CMakeFiles/__idf_perfmon.dir/xtensa_perfmon_apis.c.obj
[939/997] Building C object esp-idf/fatfs/CMakeFiles/__idf_fatfs.dir/vfs/vfs_fat_spiflash.c.obj
[940/997] Building C object esp-idf/mqtt/CMakeFiles/__idf_mqtt.dir/esp-mqtt/lib/mqtt_msg.c.obj
[941/997] Building C object esp-idf/esp_lcd/CMakeFiles/__idf_esp_lcd.dir/src/esp_lcd_panel_rgb.c.obj
[942/997] Building C object esp-idf/spiffs/CMakeFiles/__idf_spiffs.dir/spiffs_api.c.obj
[943/997] Building C object esp-idf/fatfs/CMakeFiles/__idf_fatfs.dir/vfs/vfs_fat.c.obj
[944/997] Building C object esp-idf/spiffs/CMakeFiles/__idf_spiffs.dir/spiffs/src/spiffs_cache.c.obj
[945/997] Building C object esp-idf/spiffs/CMakeFiles/__idf_spiffs.dir/spiffs/src/spiffs_gc.c.obj
[946/997] Building C object esp-idf/touch_element/CMakeFiles/__idf_touch_element.dir/touch_button.c.obj
[947/997] Building C object esp-idf/spiffs/CMakeFiles/__idf_spiffs.dir/spiffs/src/spiffs_check.c.obj
[948/997] Building C object esp-idf/spiffs/CMakeFiles/__idf_spiffs.dir/spiffs/src/spiffs_hydrogen.c.obj
[949/997] Building C object esp-idf/spiffs/CMakeFiles/__idf_spiffs.dir/esp_spiffs.c.obj
[950/997] Building C object esp-idf/touch_element/CMakeFiles/__idf_touch_element.dir/touch_slider.c.obj
[951/997] Building C object esp-idf/fatfs/CMakeFiles/__idf_fatfs.dir/src/ff.c.obj
[952/997] Building C object esp-idf/usb/CMakeFiles/__idf_usb.dir/usb_private.c.obj
[953/997] Building C object esp-idf/touch_element/CMakeFiles/__idf_touch_element.dir/touch_matrix.c.obj
[954/997] Building C object esp-idf/usb/CMakeFiles/__idf_usb.dir/usb_helpers.c.obj
[955/997] Building C object esp-idf/touch_element/CMakeFiles/__idf_touch_element.dir/touch_element.c.obj
[956/997] Building C object esp-idf/wifi_provisioning/CMakeFiles/__idf_wifi_provisioning.dir/src/wifi_config.c.obj
[957/997] Building C object esp-idf/usb/CMakeFiles/__idf_usb.dir/hub.c.obj
[958/997] Building C object esp-idf/wifi_provisioning/CMakeFiles/__idf_wifi_provisioning.dir/src/wifi_ctrl.c.obj
[959/997] Building C object esp-idf/usb/CMakeFiles/__idf_usb.dir/usb_phy.c.obj
[960/997] Building C object esp-idf/spiffs/CMakeFiles/__idf_spiffs.dir/spiffs/src/spiffs_nucleus.c.obj
[961/997] Building C object esp-idf/wifi_provisioning/CMakeFiles/__idf_wifi_provisioning.dir/src/wifi_scan.c.obj
[962/997] Building C object esp-idf/wifi_provisioning/CMakeFiles/__idf_wifi_provisioning.dir/src/scheme_console.c.obj
[963/997] Building C object esp-idf/wifi_provisioning/CMakeFiles/__idf_wifi_provisioning.dir/src/handlers.c.obj
[964/997] Building C object esp-idf/wifi_provisioning/CMakeFiles/__idf_wifi_provisioning.dir/proto-c/wifi_ctrl.pb-c.c.obj
[965/997] Building C object esp-idf/mqtt/CMakeFiles/__idf_mqtt.dir/esp-mqtt/mqtt_client.c.obj
[966/997] Building C object esp-idf/wifi_provisioning/CMakeFiles/__idf_wifi_provisioning.dir/proto-c/wifi_scan.pb-c.c.obj
[967/997] Building C object esp-idf/wifi_provisioning/CMakeFiles/__idf_wifi_provisioning.dir/proto-c/wifi_config.pb-c.c.obj
[968/997] Building C object esp-idf/usb/CMakeFiles/__idf_usb.dir/usbh.c.obj
[969/997] Building C object esp-idf/wifi_provisioning/CMakeFiles/__idf_wifi_provisioning.dir/proto-c/wifi_constants.pb-c.c.obj
[970/997] Building C object esp-idf/usb/CMakeFiles/__idf_usb.dir/usb_host.c.obj
[971/997] Linking C static library esp-idf/__pio_env/lib__pio_env.a
[972/997] Linking C static library esp-idf/cmock/libcmock.a
[973/997] Linking C static library esp-idf/app_trace/libapp_trace.a
[974/997] Linking C static library esp-idf/esp_hid/libesp_hid.a
[975/997] Building C object esp-idf/main/CMakeFiles/__idf_main.dir/probe.c.obj
[976/997] Linking C static library esp-idf/esp_local_ctrl/libesp_local_ctrl.a
[977/997] Linking C static library esp-idf/espcoredump/libespcoredump.a
[978/997] Building C object esp-idf/wifi_provisioning/CMakeFiles/__idf_wifi_provisioning.dir/src/scheme_softap.c.obj
[979/997] Linking C static library esp-idf/esp_lcd/libesp_lcd.a
[980/997] Linking C static library esp-idf/mqtt/libmqtt.a
[981/997] Linking C static library esp-idf/perfmon/libperfmon.a
[982/997] Linking C static library esp-idf/fatfs/libfatfs.a
[983/997] Linking C static library esp-idf/touch_element/libtouch_element.a
[984/997] Linking C static library esp-idf/main/libmain.a
[985/997] Linking C static library esp-idf/spiffs/libspiffs.a
[986/997] Building C object esp-idf/usb/CMakeFiles/__idf_usb.dir/hcd_dwc.c.obj
[987/997] Linking C static library esp-idf/usb/libusb.a
[988/997] Building C object esp-idf/wifi_provisioning/CMakeFiles/__idf_wifi_provisioning.dir/src/manager.c.obj
[989/997] Linking C static library esp-idf/wifi_provisioning/libwifi_provisioning.a
[990/997] Performing build step for 'bootloader'
[1/112] Building C object esp-idf/esp_rom/CMakeFiles/__idf_esp_rom.dir/patches/esp_rom_crc.c.obj
[2/112] Building ASM object esp-idf/esp_rom/CMakeFiles/__idf_esp_rom.dir/patches/esp_rom_longjmp.S.obj
[3/112] Building C object esp-idf/esp_rom/CMakeFiles/__idf_esp_rom.dir/patches/esp_rom_sys.c.obj
[4/112] Building C object esp-idf/esp_rom/CMakeFiles/__idf_esp_rom.dir/patches/esp_rom_efuse.c.obj
[5/112] Building C object esp-idf/esp_rom/CMakeFiles/__idf_esp_rom.dir/patches/esp_rom_gpio.c.obj
[6/112] Building C object esp-idf/log/CMakeFiles/__idf_log.dir/log_noos.c.obj
[7/112] Building C object esp-idf/esp_rom/CMakeFiles/__idf_esp_rom.dir/patches/esp_rom_spiflash.c.obj
[8/112] Building C object esp-idf/esp_rom/CMakeFiles/__idf_esp_rom.dir/patches/esp_rom_systimer.c.obj
[9/112] Building C object esp-idf/esp_rom/CMakeFiles/__idf_esp_rom.dir/patches/esp_rom_uart.c.obj
[10/112] Building ASM object esp-idf/esp_rom/CMakeFiles/__idf_esp_rom.dir/patches/esp_rom_cache_writeback_esp32s3.S.obj
[11/112] Building C object esp-idf/log/CMakeFiles/__idf_log.dir/log_buffers.c.obj
[12/112] Building C object esp-idf/esp_rom/CMakeFiles/__idf_esp_rom.dir/patches/esp_rom_wdt.c.obj
[13/112] Building C object esp-idf/esp_rom/CMakeFiles/__idf_esp_rom.dir/patches/esp_rom_cache_esp32s2_esp32s3.c.obj
[14/112] Building C object esp-idf/log/CMakeFiles/__idf_log.dir/log.c.obj
[15/112] Building C object esp-idf/esp_hw_support/CMakeFiles/__idf_esp_hw_support.dir/esp_memory_utils.c.obj
[16/112] Building C object esp-idf/esp_hw_support/CMakeFiles/__idf_esp_hw_support.dir/port/esp32s3/esp_cpu_intr.c.obj
[17/112] Building C object esp-idf/esp_hw_support/CMakeFiles/__idf_esp_hw_support.dir/port/esp32s3/cpu_region_protect.c.obj
[18/112] Building C object esp-idf/esp_hw_support/CMakeFiles/__idf_esp_hw_support.dir/port/esp32s3/rtc_clk_init.c.obj
[19/112] Linking C static library esp-idf/log/liblog.a
[20/112] Building C object esp-idf/esp_hw_support/CMakeFiles/__idf_esp_hw_support.dir/port/esp32s3/chip_info.c.obj
[21/112] Building C object esp-idf/esp_common/CMakeFiles/__idf_esp_common.dir/src/esp_err_to_name.c.obj
[22/112] Building C object esp-idf/esp_system/CMakeFiles/__idf_esp_system.dir/esp_err.c.obj
[23/112] Building C object esp-idf/esp_hw_support/CMakeFiles/__idf_esp_hw_support.dir/port/esp32s3/rtc_sleep.c.obj
[24/112] Linking C static library esp-idf/esp_rom/libesp_rom.a
[25/112] Building C object esp-idf/esp_hw_support/CMakeFiles/__idf_esp_hw_support.dir/cpu.c.obj
[26/112] Building C object esp-idf/efuse/CMakeFiles/__idf_efuse.dir/esp32s3/esp_efuse_table.c.obj
[27/112] Building C object esp-idf/esp_hw_support/CMakeFiles/__idf_esp_hw_support.dir/port/esp32s3/rtc_time.c.obj
[28/112] Building C object esp-idf/efuse/CMakeFiles/__idf_efuse.dir/esp32s3/esp_efuse_fields.c.obj
[29/112] Building C object esp-idf/efuse/CMakeFiles/__idf_efuse.dir/esp32s3/esp_efuse_rtc_calib.c.obj
[30/112] Linking C static library esp-idf/esp_common/libesp_common.a
[31/112] Building C object esp-idf/bootloader_support/CMakeFiles/__idf_bootloader_support.dir/src/bootloader_clock_init.c.obj
[32/112] Building C object esp-idf/efuse/CMakeFiles/__idf_efuse.dir/src/esp_efuse_fields.c.obj
[33/112] Building C object esp-idf/efuse/CMakeFiles/__idf_efuse.dir/esp32s3/esp_efuse_utility.c.obj
[34/112] Building C object esp-idf/esp_hw_support/CMakeFiles/__idf_esp_hw_support.dir/port/esp32s3/rtc_init.c.obj
[35/112] Building C object esp-idf/bootloader_support/CMakeFiles/__idf_bootloader_support.dir/src/bootloader_random.c.obj
[36/112] Building C object esp-idf/bootloader_support/CMakeFiles/__idf_bootloader_support.dir/src/bootloader_mem.c.obj
[37/112] Building C object esp-idf/bootloader_support/CMakeFiles/__idf_bootloader_support.dir/src/bootloader_random_esp32s3.c.obj
[38/112] Building C object esp-idf/esp_hw_support/CMakeFiles/__idf_esp_hw_support.dir/port/esp32s3/rtc_clk.c.obj
[39/112] Building C object esp-idf/efuse/CMakeFiles/__idf_efuse.dir/src/esp_efuse_api.c.obj
[40/112] Building C object esp-idf/bootloader_support/CMakeFiles/__idf_bootloader_support.dir/src/bootloader_efuse.c.obj
[41/112] Building C object esp-idf/bootloader_support/CMakeFiles/__idf_bootloader_support.dir/src/secure_boot.c.obj
[42/112] Building C object esp-idf/bootloader_support/CMakeFiles/__idf_bootloader_support.dir/src/bootloader_common.c.obj
[43/112] Building C object esp-idf/bootloader_support/CMakeFiles/__idf_bootloader_support.dir/src/flash_encrypt.c.obj
[44/112] Linking C static library esp-idf/esp_hw_support/libesp_hw_support.a
[45/112] Building C object esp-idf/bootloader_support/CMakeFiles/__idf_bootloader_support.dir/src/bootloader_common_loader.c.obj
[46/112] Building C object esp-idf/bootloader_support/CMakeFiles/__idf_bootloader_support.dir/src/flash_partitions.c.obj
[47/112] Linking C static library esp-idf/esp_system/libesp_system.a
[48/112] Building C object esp-idf/efuse/CMakeFiles/__idf_efuse.dir/src/esp_efuse_utility.c.obj
[49/112] Building C object esp-idf/bootloader_support/CMakeFiles/__idf_bootloader_support.dir/bootloader_flash/src/bootloader_flash_config_esp32s3.c.obj
[50/112] Building C object esp-idf/bootloader_support/CMakeFiles/__idf_bootloader_support.dir/bootloader_flash/src/flash_qio_mode.c.obj
[51/112] Building C object esp-idf/bootloader_support/CMakeFiles/__idf_bootloader_support.dir/src/bootloader_console_loader.c.obj
[52/112] Building C object esp-idf/bootloader_support/CMakeFiles/__idf_bootloader_support.dir/src/bootloader_clock_loader.c.obj
[53/112] Building C object esp-idf/efuse/CMakeFiles/__idf_efuse.dir/src/efuse_controller/keys/with_key_purposes/esp_efuse_api_key.c.obj
[54/112] Building C object esp-idf/bootloader_support/CMakeFiles/__idf_bootloader_support.dir/src/esp32s3/bootloader_sha.c.obj
[55/112] Building C object esp-idf/bootloader_support/CMakeFiles/__idf_bootloader_support.dir/src/bootloader_console.c.obj
[56/112] Building C object esp-idf/bootloader_support/CMakeFiles/__idf_bootloader_support.dir/src/esp32s3/bootloader_soc.c.obj
[57/112] Building C object esp-idf/bootloader_support/CMakeFiles/__idf_bootloader_support.dir/src/bootloader_panic.c.obj
[58/112] Linking C static library esp-idf/efuse/libefuse.a
[59/112] Building C object esp-idf/esp_app_format/CMakeFiles/__idf_esp_app_format.dir/esp_app_desc.c.obj
[60/112] Building C object esp-idf/hal/CMakeFiles/__idf_hal.dir/mpu_hal.c.obj
[61/112] Building C object esp-idf/bootloader_support/CMakeFiles/__idf_bootloader_support.dir/src/esp32s3/bootloader_esp32s3.c.obj
[62/112] Building C object esp-idf/bootloader_support/CMakeFiles/__idf_bootloader_support.dir/src/bootloader_init.c.obj
[63/112] Building C object esp-idf/hal/CMakeFiles/__idf_hal.dir/efuse_hal.c.obj
[64/112] Building C object esp-idf/soc/CMakeFiles/__idf_soc.dir/lldesc.c.obj
[65/112] Building C object esp-idf/hal/CMakeFiles/__idf_hal.dir/esp32s3/efuse_hal.c.obj
[66/112] Building C object esp-idf/hal/CMakeFiles/__idf_hal.dir/cache_hal.c.obj
[67/112] Building C object esp-idf/spi_flash/CMakeFiles/__idf_spi_flash.dir/spi_flash_wrap.c.obj
[68/112] Building C object esp-idf/soc/CMakeFiles/__idf_soc.dir/dport_access_common.c.obj
[69/112] Building C object esp-idf/hal/CMakeFiles/__idf_hal.dir/mmu_hal.c.obj
[70/112] Building C object esp-idf/soc/CMakeFiles/__idf_soc.dir/esp32s3/adc_periph.c.obj
[71/112] Building C object esp-idf/soc/CMakeFiles/__idf_soc.dir/esp32s3/interrupts.c.obj
[72/112] Building C object esp-idf/soc/CMakeFiles/__idf_soc.dir/esp32s3/gpio_periph.c.obj
[73/112] Building C object esp-idf/soc/CMakeFiles/__idf_soc.dir/esp32s3/dedic_gpio_periph.c.obj
[74/112] Building C object esp-idf/soc/CMakeFiles/__idf_soc.dir/esp32s3/uart_periph.c.obj
[75/112] Building C object esp-idf/soc/CMakeFiles/__idf_soc.dir/esp32s3/gdma_periph.c.obj
[76/112] Building C object esp-idf/soc/CMakeFiles/__idf_soc.dir/esp32s3/sdm_periph.c.obj
[77/112] Building C object esp-idf/soc/CMakeFiles/__idf_soc.dir/esp32s3/rmt_periph.c.obj
[78/112] Building C object esp-idf/soc/CMakeFiles/__idf_soc.dir/esp32s3/spi_periph.c.obj
[79/112] Building C object esp-idf/soc/CMakeFiles/__idf_soc.dir/esp32s3/ledc_periph.c.obj
[80/112] Building C object esp-idf/soc/CMakeFiles/__idf_soc.dir/esp32s3/pcnt_periph.c.obj
[81/112] Building C object esp-idf/soc/CMakeFiles/__idf_soc.dir/esp32s3/i2s_periph.c.obj
[82/112] Building C object esp-idf/bootloader_support/CMakeFiles/__idf_bootloader_support.dir/bootloader_flash/src/bootloader_flash.c.obj
[83/112] Building C object esp-idf/soc/CMakeFiles/__idf_soc.dir/esp32s3/temperature_sensor_periph.c.obj
[84/112] Building C object esp-idf/soc/CMakeFiles/__idf_soc.dir/esp32s3/lcd_periph.c.obj
[85/112] Building C object esp-idf/soc/CMakeFiles/__idf_soc.dir/esp32s3/timer_periph.c.obj
[86/112] Building C object esp-idf/soc/CMakeFiles/__idf_soc.dir/esp32s3/i2c_periph.c.obj
[87/112] Building C object esp-idf/soc/CMakeFiles/__idf_soc.dir/esp32s3/mcpwm_periph.c.obj
[88/112] Building C object esp-idf/soc/CMakeFiles/__idf_soc.dir/esp32s3/touch_sensor_periph.c.obj
[89/112] Building C object esp-idf/soc/CMakeFiles/__idf_soc.dir/esp32s3/sdmmc_periph.c.obj
[90/112] Building C object esp-idf/soc/CMakeFiles/__idf_soc.dir/esp32s3/twai_periph.c.obj
[91/112] Building C object esp-idf/soc/CMakeFiles/__idf_soc.dir/esp32s3/usb_periph.c.obj
[92/112] Building C object esp-idf/soc/CMakeFiles/__idf_soc.dir/esp32s3/usb_dwc_periph.c.obj
[93/112] Building C object esp-idf/xtensa/CMakeFiles/__idf_xtensa.dir/eri.c.obj
[94/112] Generating project_elf_src_esp32s3.c
[95/112] Building C object esp-idf/soc/CMakeFiles/__idf_soc.dir/esp32s3/rtc_io_periph.c.obj
[96/112] Building C object esp-idf/xtensa/CMakeFiles/__idf_xtensa.dir/xt_trax.c.obj
[97/112] Building C object esp-idf/bootloader_support/CMakeFiles/__idf_bootloader_support.dir/src/bootloader_utility.c.obj
[98/112] Building C object esp-idf/main/CMakeFiles/__idf_main.dir/bootloader_start.c.obj
[99/112] Building C object CMakeFiles/bootloader.elf.dir/project_elf_src_esp32s3.c.obj
[100/112] Building C object esp-idf/bootloader_support/CMakeFiles/__idf_bootloader_support.dir/src/esp_image_format.c.obj
[101/112] Linking C static library esp-idf/bootloader_support/libbootloader_support.a
[102/112] Linking C static library esp-idf/esp_app_format/libesp_app_format.a
[103/112] Linking C static library esp-idf/spi_flash/libspi_flash.a
[104/112] Linking C static library esp-idf/hal/libhal.a
[105/112] Building C object esp-idf/micro-ecc/CMakeFiles/__idf_micro-ecc.dir/uECC_verify_antifault.c.obj
[106/112] Linking C static library esp-idf/micro-ecc/libmicro-ecc.a
[107/112] Linking C static library esp-idf/soc/libsoc.a
[108/112] Linking C static library esp-idf/xtensa/libxtensa.a
[109/112] Linking C static library esp-idf/main/libmain.a
[110/112] Linking C executable bootloader.elf
[111/112] Generating binary image from built executable
esptool.py v4.12.0
Creating esp32s3 image...
Merged 1 ELF section
Successfully created esp32s3 image.
Generated /Users/lojaws/Documents/ESP32-S3-Car-Adapter/firmware/controller-probe/build-4/bootloader/bootloader.bin
[112/112] cd /Users/lojaws/Documents/ESP32-S3-Car-Adapter/firmware/controller-probe/build-4/bootloader/esp-idf/esptool_py && /Users/lojaws/Documents/ESP32-S3-Car-Adapter/.tools/python_env/idf5.1_py3.9_env/bin/python /Users/lojaws/.platformio/packages/framework-espidf/components/partition_table/check_sizes.py --offset 0x8000 bootloader 0x0 /Users/lojaws/Documents/ESP32-S3-Car-Adapter/firmware/controller-probe/build-4/bootloader/bootloader.bin
Bootloader binary size 0x51d0 bytes. 0x2e30 bytes (36%) free.
[991/997] No install step for 'bootloader'
[992/997] Completed 'bootloader'
[993/997] Generating ld/sections.ld
[994/997] Building C object CMakeFiles/s3_controller_probe.elf.dir/project_elf_src_esp32s3.c.obj
[995/997] Linking CXX executable s3_controller_probe.elf
[996/997] Generating binary image from built executable
esptool.py v4.12.0
Creating esp32s3 image...
Merged 2 ELF sections
Successfully created esp32s3 image.
Generated /Users/lojaws/Documents/ESP32-S3-Car-Adapter/firmware/controller-probe/build-4/s3_controller_probe.bin
[997/997] cd /Users/lojaws/Documents/ESP32-S3-Car-Adapter/firmware/controller-probe/build-4/esp-idf/esptool_py && /Users/lojaws/Documents/ESP32-S3-Car-Adapter/.tools/python_env/idf5.1_py3.9_env/bin/python /Users/lojaws/.platformio/packages/framework-espidf/components/partition_table/check_sizes.py --offset 0x8000 partition --type app /Users/lojaws/Documents/ESP32-S3-Car-Adapter/firmware/controller-probe/build-4/partition_table/partition-table.bin /Users/lojaws/Documents/ESP32-S3-Car-Adapter/firmware/controller-probe/build-4/s3_controller_probe.bin
s3_controller_probe.bin binary size 0x5f7e0 bytes. Smallest app partition is 0x100000 bytes. 0xa0820 bytes (63%) free.

Project build complete. To flash, run this command:
/Users/lojaws/Documents/ESP32-S3-Car-Adapter/.tools/python_env/idf5.1_py3.9_env/bin/python ../../../../.platformio/packages/framework-espidf/components/esptool_py/esptool/esptool.py -p (PORT) -b 460800 --before default_reset --after hard_reset --chip esp32s3  write_flash --flash_mode dio --flash_size 2MB --flash_freq 80m 0x0 build-4/bootloader/bootloader.bin 0x8000 build-4/partition_table/partition-table.bin 0x10000 build-4/s3_controller_probe.bin
or run 'idf.py -p (PORT) flash'
